student_id,age,gender,course,year,parent_education,internet_access,hostel_resident
200.99,17,male,pharmacy,1st year,high school,no,yes
200.99,23,other,diploma,2nd year,high school,yes,yes
200.99,22,male,b.sc,3rd year,no formal,yes,yes
200.99,20,other,pharmacy,2nd year,no formal,yes,yes
200.99,20,female,pharmacy,1st year,no formal,yes,yes
200.99,23,male,b.tech,4th year,no formal,yes,yes
200.99,17,female,b.tech,1st year,phd,yes,no
200.99,22,male,b.com,1st year,no formal,yes,yes
200.99,18,other,nursing,2nd year,high school,no,yes
200.99,17,male,bca,1st year,phd,yes,yes
200.99,21,female,bba,3rd year,no formal,yes,yes
200.99,24,male,ba,2nd year,post graduate,no,no
200.99,22,female,bba,4th year,high school,yes,no
200.99,23,female,bca,1st year,high school,yes,yes
200.99,22,male,b.tech,2nd year,graduate,yes,yes
200.99,23,other,bca,3rd year,graduate,no,yes
200.99,21,male,b.sc,3rd year,post graduate,no,no
200.99,18,male,nursing,2nd year,post graduate,yes,yes
200.99,23,female,b.sc,4th year,no formal,no,yes
200.99,20,male,b.tech,4th year,no formal,yes,no
200.99,21,female,ba,3rd year,post graduate,yes,no
200.99,19,other,ba,3rd year,high school,yes,yes
200.99,18,male,bba,3rd year,no formal,yes,yes
200.99,24,female,nursing,2nd year,graduate,yes,yes
200.99,23,male,diploma,3rd year,high school,yes,yes
200.99,22,male,ba,4th year,phd,yes,yes
200.99,20,male,diploma,1st year,phd,yes,no
200.99,23,male,bba,1st year,no formal,no,yes
200.99,21,female,b.com,2nd year,post graduate,yes,yes
200.99,20,other,b.tech,3rd year,phd,yes,no
200.99,20,other,b.tech,1st year,post graduate,yes,no
200.99,18,male,b.com,3rd year,post graduate,yes,no
200.99,17,other,nursing,1st year,graduate,yes,yes
200.99,21,female,bba,1st year,graduate,yes,no
200.99,24,female,bba,2nd year,no formal,no,yes
200.99,17,other,ba,1st year,no formal,yes,yes
200.99,23,female,b.com,3rd year,post graduate,yes,no
200.99,23,male,diploma,3rd year,graduate,yes,yes
200.99,19,female,b.tech,3rd year,no formal,yes,no
200.99,22,other,bca,3rd year,high school,yes,no
200.99,18,other,pharmacy,3rd year,post graduate,yes,no
200.99,23,male,nursing,3rd year,no formal,no,yes
200.99,22,other,ba,3rd year,high school,yes,yes
200.99,19,male,nursing,1st year,phd,yes,no
200.99,17,other,b.com,3rd year,graduate,yes,yes
200.99,24,male,b.com,1st year,graduate,yes,yes
200.99,20,male,ba,1st year,no formal,yes,yes
200.99,24,other,b.tech,4th year,no formal,yes,yes
200.99,22,female,b.com,1st year,post graduate,yes,yes
200.99,23,male,nursing,1st year,high school,yes,yes
200.99,23,male,diploma,2nd year,high school,yes,no
200.99,18,male,b.com,4th year,no formal,yes,yes
200.99,19,male,b.com,4th year,post graduate,yes,no
200.99,20,other,ba,3rd year,phd,no,no
200.99,20,male,b.sc,1st year,high school,yes,no
200.99,17,male,b.sc,3rd year,high school,yes,yes
200.99,21,other,pharmacy,4th year,post graduate,yes,no
200.99,18,other,diploma,2nd year,graduate,yes,yes
200.99,22,male,diploma,2nd year,post graduate,no,no
200.99,22,female,b.com,4th year,post graduate,yes,no
200.99,24,female,nursing,1st year,post graduate,yes,no
200.99,22,female,b.sc,4th year,no formal,yes,yes
200.99,19,male,pharmacy,2nd year,graduate,yes,yes
200.99,24,other,bba,3rd year,graduate,yes,no
200.99,20,other,b.com,2nd year,phd,yes,yes
200.99,19,other,diploma,3rd year,post graduate,yes,yes
200.99,24,other,ba,4th year,post graduate,yes,yes
200.99,19,male,b.com,2nd year,phd,yes,yes
200.99,17,female,diploma,1st year,post graduate,yes,no
200.99,20,other,diploma,1st year,post graduate,yes,yes
200.99,23,female,bca,4th year,graduate,yes,no
200.99,18,other,bba,4th year,no formal,yes,no
200.99,20,female,b.com,3rd year,post graduate,yes,no
200.99,18,other,ba,1st year,high school,yes,yes
200.99,22,other,nursing,4th year,no formal,yes,no
200.99,20,female,ba,2nd year,high school,no,no
200.99,19,other,pharmacy,1st year,high school,yes,no
200.99,18,female,b.sc,2nd year,high school,yes,no
200.99,21,male,b.sc,4th year,high school,yes,yes
200.99,22,female,b.com,4th year,phd,yes,yes
200.99,24,other,b.tech,3rd year,phd,yes,no
200.99,20,male,nursing,3rd year,no formal,yes,yes
200.99,18,male,ba,4th year,graduate,yes,no
200.99,23,female,b.tech,3rd year,high school,yes,no
200.99,22,female,bca,2nd year,phd,yes,yes
200.99,22,female,pharmacy,1st year,graduate,yes,no
200.99,17,female,pharmacy,1st year,post graduate,no,no
200.99,19,female,b.tech,1st year,no formal,yes,no
200.99,23,male,nursing,4th year,post graduate,no,no
200.99,23,male,ba,1st year,graduate,yes,yes
200.99,20,other,nursing,1st year,phd,yes,yes
200.99,23,female,bca,4th year,no formal,yes,no
200.99,23,other,diploma,2nd year,high school,no,yes
200.99,20,female,nursing,1st year,phd,yes,yes
200.99,24,male,pharmacy,4th year,high school,yes,no
200.99,19,female,b.sc,4th year,high school,yes,yes
200.99,18,other,diploma,3rd year,high school,yes,no
200.99,22,other,b.sc,1st year,graduate,yes,yes
200.99,22,male,pharmacy,3rd year,no formal,yes,yes
200.99,18,other,bca,4th year,post graduate,yes,no
200.99,23,female,b.sc,4th year,phd,yes,yes
200.99,18,male,b.com,3rd year,high school,yes,no
200.99,23,female,pharmacy,4th year,no formal,yes,no
200.99,17,male,bca,4th year,high school,yes,yes
200.99,23,male,b.com,1st year,post graduate,yes,no
200.99,23,other,nursing,3rd year,graduate,yes,yes
200.99,23,other,diploma,3rd year,post graduate,no,yes
200.99,22,female,b.tech,4th year,phd,yes,yes
200.99,20,other,b.com,3rd year,phd,no,yes
200.99,22,other,nursing,3rd year,graduate,no,no
200.99,19,female,ba,3rd year,post graduate,yes,no
200.99,23,male,b.tech,2nd year,graduate,yes,no
200.99,21,female,bca,2nd year,no formal,yes,no
200.99,20,male,pharmacy,4th year,graduate,no,yes
200.99,21,other,bca,4th year,phd,yes,no
200.99,21,female,pharmacy,3rd year,graduate,no,yes
200.99,17,other,b.sc,2nd year,graduate,yes,no
200.99,18,other,diploma,1st year,post graduate,yes,yes
200.99,18,female,bca,2nd year,phd,no,yes
200.99,17,other,pharmacy,2nd year,no formal,yes,yes
200.99,20,other,bba,4th year,no formal,yes,yes
200.99,22,other,nursing,3rd year,graduate,yes,yes
200.99,22,male,b.sc,2nd year,no formal,yes,yes
200.99,20,female,b.tech,4th year,phd,no,yes
200.99,23,other,diploma,2nd year,post graduate,yes,yes
200.99,21,other,b.tech,4th year,post graduate,yes,yes
200.99,17,female,nursing,3rd year,graduate,no,yes
200.99,23,male,b.tech,2nd year,graduate,yes,yes
200.99,21,male,diploma,4th year,no formal,no,no
200.99,22,female,bba,3rd year,post graduate,no,yes
200.99,21,female,bca,4th year,graduate,yes,yes
200.99,21,other,bca,1st year,high school,yes,no
200.99,17,male,ba,2nd year,graduate,yes,yes
200.99,21,female,bba,2nd year,graduate,yes,yes
200.99,23,male,bba,3rd year,phd,yes,yes
200.99,19,other,diploma,4th year,no formal,yes,yes
200.99,21,male,diploma,1st year,no formal,yes,yes
200.99,17,male,bba,1st year,no formal,yes,no
200.99,19,male,ba,3rd year,post graduate,yes,yes
200.99,20,male,b.tech,2nd year,no formal,yes,yes
200.99,24,female,nursing,3rd year,post graduate,yes,no
200.99,18,female,b.com,1st year,post graduate,yes,yes
200.99,19,female,ba,3rd year,post graduate,yes,no
200.99,20,other,pharmacy,1st year,graduate,no,yes
200.99,24,female,nursing,4th year,graduate,yes,no
200.99,23,male,ba,1st year,phd,no,no
200.99,17,female,bba,1st year,phd,yes,no
200.99,18,other,b.com,1st year,no formal,no,yes
200.99,23,female,bca,1st year,high school,yes,yes
200.99,17,male,b.sc,2nd year,high school,yes,yes
200.99,23,other,pharmacy,3rd year,graduate,yes,no
200.99,19,other,pharmacy,4th year,post graduate,yes,yes
200.99,24,male,b.com,4th year,high school,no,yes
200.99,19,female,b.com,1st year,no formal,yes,yes
200.99,20,female,bba,2nd year,high school,yes,yes
200.99,22,male,bca,4th year,graduate,yes,no
200.99,18,male,bca,1st year,post graduate,yes,yes
200.99,21,other,b.tech,3rd year,no formal,no,no
200.99,21,female,diploma,2nd year,post graduate,yes,yes
200.99,23,other,b.tech,1st year,no formal,yes,no
200.99,24,female,ba,1st year,high school,yes,yes
200.99,22,female,diploma,2nd year,graduate,no,yes
200.99,20,other,nursing,1st year,no formal,yes,no
200.99,20,male,bca,1st year,graduate,yes,yes
200.99,20,female,b.sc,3rd year,no formal,yes,yes
200.99,23,male,diploma,4th year,high school,yes,no
200.99,19,male,b.tech,3rd year,graduate,yes,yes
200.99,18,other,b.com,3rd year,high school,yes,no
200.99,19,male,b.sc,1st year,graduate,yes,yes
200.99,17,female,pharmacy,2nd year,high school,yes,yes
200.99,17,female,ba,3rd year,graduate,yes,no
200.99,17,other,bca,1st year,no formal,yes,yes
200.99,23,female,nursing,3rd year,no formal,yes,no
200.99,22,other,pharmacy,1st year,phd,no,no
200.99,22,other,pharmacy,2nd year,high school,yes,yes
200.99,20,other,b.sc,3rd year,post graduate,yes,no
200.99,22,other,ba,4th year,no formal,yes,yes
200.99,18,male,ba,1st year,no formal,no,no
200.99,24,male,nursing,3rd year,post graduate,no,yes
200.99,21,female,ba,3rd year,high school,yes,yes
200.99,24,female,b.com,1st year,high school,yes,yes
200.99,18,other,diploma,3rd year,no formal,yes,no
200.99,20,other,bba,1st year,high school,yes,yes
200.99,22,male,diploma,3rd year,high school,yes,yes
200.99,20,male,ba,1st year,post graduate,yes,yes
200.99,20,male,bba,1st year,phd,yes,yes
200.99,18,female,b.tech,1st year,no formal,yes,yes
200.99,20,female,b.tech,2nd year,no formal,yes,yes
200.99,18,male,b.tech,1st year,post graduate,yes,yes
200.99,19,other,b.sc,2nd year,phd,yes,yes
200.99,22,male,ba,4th year,high school,no,yes
200.99,22,female,b.tech,4th year,phd,yes,no
200.99,21,other,b.sc,4th year,no formal,yes,yes
200.99,19,male,nursing,2nd year,post graduate,no,yes
200.99,24,other,nursing,1st year,phd,yes,no
200.99,17,other,b.com,2nd year,graduate,yes,no
200.99,19,other,pharmacy,1st year,graduate,yes,yes
200.99,17,male,b.sc,1st year,high school,yes,no
200.99,19,female,b.tech,2nd year,post graduate,yes,yes
200.99,24,male,ba,3rd year,phd,yes,yes
201,19,female,b.com,4th year,phd,yes,no
202,24,other,b.tech,3rd year,phd,no,yes
203,20,other,nursing,2nd year,no formal,yes,no
204,22,other,pharmacy,3rd year,graduate,yes,no
205,20,female,b.com,4th year,graduate,yes,yes
206,19,other,b.com,3rd year,no formal,yes,yes
207,23,other,diploma,4th year,phd,yes,no
208,24,other,pharmacy,4th year,no formal,yes,no
209,19,other,b.com,3rd year,graduate,yes,no
210,23,female,diploma,4th year,no formal,no,yes
211,19,male,b.tech,2nd year,post graduate,yes,yes
212,22,male,bca,2nd year,no formal,no,yes
213,23,other,pharmacy,1st year,graduate,yes,yes
214,20,male,bba,1st year,graduate,yes,no
215,22,male,bca,3rd year,no formal,yes,yes
216,19,other,diploma,4th year,phd,yes,no
217,17,female,bca,1st year,no formal,yes,yes
218,17,other,diploma,3rd year,post graduate,yes,no
219,20,male,nursing,1st year,no formal,yes,yes
220,24,female,b.tech,4th year,post graduate,no,yes
221,18,female,nursing,3rd year,high school,yes,yes
222,20,female,pharmacy,2nd year,post graduate,yes,no
223,22,female,pharmacy,2nd year,graduate,yes,no
224,18,male,ba,4th year,post graduate,yes,yes
225,22,other,bca,2nd year,phd,yes,no
226,19,male,ba,1st year,graduate,yes,yes
227,23,female,nursing,3rd year,post graduate,yes,yes
228,21,other,ba,3rd year,phd,yes,no
229,21,female,b.com,3rd year,high school,yes,yes
230,18,male,diploma,2nd year,high school,yes,yes
231,20,male,b.tech,2nd year,post graduate,yes,yes
232,23,female,ba,1st year,phd,yes,no
233,17,female,b.sc,4th year,no formal,no,no
234,23,other,ba,1st year,no formal,yes,no
235,20,male,bba,2nd year,no formal,yes,no
236,22,female,b.tech,1st year,post graduate,yes,no
237,22,male,nursing,1st year,graduate,no,yes
238,20,female,ba,1st year,graduate,yes,no
239,19,female,ba,2nd year,high school,yes,yes
240,22,male,b.sc,4th year,graduate,yes,yes
241,18,male,pharmacy,1st year,post graduate,yes,no
242,21,male,nursing,4th year,graduate,no,yes
243,17,female,bba,3rd year,high school,no,no
244,22,male,ba,4th year,no formal,yes,no
245,22,male,bba,3rd year,high school,yes,no
246,17,male,pharmacy,4th year,post graduate,no,yes
247,23,male,b.sc,3rd year,no formal,yes,yes
248,20,male,diploma,4th year,high school,no,no
249,23,female,pharmacy,1st year,high school,yes,no
250,17,male,diploma,4th year,graduate,yes,yes
251,18,male,nursing,1st year,phd,no,yes
252,20,male,pharmacy,1st year,phd,yes,no
253,18,male,b.tech,3rd year,high school,yes,no
254,19,male,b.com,2nd year,graduate,yes,yes
255,22,male,b.sc,1st year,phd,yes,no
256,18,other,bca,4th year,phd,yes,no
257,22,other,ba,3rd year,post graduate,yes,yes
258,17,male,b.tech,2nd year,no formal,yes,yes
259,18,male,bca,2nd year,high school,no,no
260,21,female,b.tech,3rd year,high school,no,no
261,23,other,ba,2nd year,post graduate,yes,no
262,18,other,ba,3rd year,high school,no,no
263,19,other,pharmacy,1st year,no formal,yes,yes
264,24,male,diploma,2nd year,phd,yes,no
265,24,female,bca,1st year,no formal,yes,no
266,21,female,nursing,2nd year,post graduate,no,yes
267,20,female,b.sc,2nd year,phd,no,yes
268,19,other,b.com,3rd year,phd,no,no
269,21,male,diploma,4th year,graduate,yes,no
270,21,female,diploma,3rd year,graduate,yes,yes
271,19,male,b.tech,4th year,post graduate,yes,yes
272,17,male,b.com,2nd year,high school,yes,yes
273,18,male,b.com,2nd year,graduate,no,yes
274,24,other,b.tech,3rd year,high school,yes,no
275,20,female,bca,1st year,high school,yes,no
276,20,other,b.tech,2nd year,graduate,yes,no
277,20,other,nursing,4th year,graduate,yes,yes
278,23,female,bca,2nd year,no formal,yes,yes
279,17,other,diploma,4th year,no formal,yes,no
280,17,male,bba,3rd year,post graduate,no,yes
281,19,other,pharmacy,1st year,graduate,yes,yes
282,20,male,b.com,2nd year,phd,yes,yes
283,22,female,bca,2nd year,no formal,yes,no
284,20,other,b.tech,4th year,high school,yes,no
285,20,other,nursing,2nd year,high school,yes,no
286,24,male,bca,2nd year,post graduate,no,no
287,18,other,b.sc,3rd year,graduate,yes,yes
288,21,male,nursing,4th year,graduate,yes,no
289,21,other,pharmacy,3rd year,phd,yes,yes
290,20,female,b.tech,4th year,no formal,yes,no
291,23,male,nursing,1st year,phd,yes,yes
292,19,other,diploma,4th year,high school,yes,yes
293,24,other,ba,1st year,no formal,no,no
294,19,male,bca,4th year,graduate,yes,yes
295,21,male,nursing,3rd year,high school,yes,yes
296,21,male,bba,3rd year,post graduate,no,no
297,23,female,bca,1st year,post graduate,yes,yes
298,20,female,b.tech,3rd year,graduate,no,no
299,19,other,pharmacy,1st year,post graduate,yes,yes
300,17,other,pharmacy,3rd year,no formal,yes,yes
301,19,male,b.sc,2nd year,high school,yes,yes
302,23,female,bba,1st year,no formal,yes,no
303,17,other,b.com,2nd year,post graduate,yes,no
304,24,other,ba,1st year,post graduate,yes,yes
305,21,male,b.com,1st year,post graduate,yes,yes
306,18,male,nursing,1st year,high school,yes,no
307,19,male,diploma,2nd year,phd,yes,no
308,21,female,nursing,3rd year,post graduate,yes,yes
309,19,female,nursing,3rd year,graduate,yes,no
310,17,female,diploma,1st year,high school,no,no
311,22,male,b.sc,2nd year,phd,no,no
312,22,female,nursing,3rd year,post graduate,yes,yes
313,17,male,nursing,1st year,phd,yes,yes
314,19,female,b.sc,1st year,high school,yes,yes
315,18,male,b.tech,1st year,graduate,yes,no
316,22,other,diploma,1st year,no formal,yes,yes
317,22,female,ba,1st year,graduate,no,yes
318,22,male,b.com,3rd year,graduate,no,yes
319,24,other,ba,4th year,phd,yes,no
320,23,other,nursing,4th year,post graduate,yes,yes
321,19,male,ba,3rd year,phd,yes,yes
322,17,male,ba,2nd year,phd,yes,yes
323,21,male,ba,4th year,no formal,yes,yes
324,24,female,b.tech,4th year,phd,yes,yes
325,24,female,b.tech,2nd year,no formal,yes,no
326,18,female,ba,1st year,graduate,yes,yes
327,18,female,b.tech,2nd year,phd,yes,no
328,17,female,diploma,2nd year,post graduate,yes,yes
329,18,male,ba,3rd year,phd,yes,yes
330,21,male,bba,1st year,graduate,yes,no
331,21,other,ba,3rd year,post graduate,yes,yes
332,19,other,diploma,2nd year,graduate,yes,yes
333,19,other,ba,2nd year,phd,yes,yes
334,23,other,b.tech,1st year,no formal,yes,yes
335,20,female,bba,3rd year,high school,yes,yes
336,23,other,b.sc,1st year,post graduate,no,no
337,24,other,bca,4th year,graduate,yes,yes
338,19,other,bca,3rd year,phd,no,no
339,18,male,bba,4th year,graduate,no,yes
340,24,male,ba,3rd year,no formal,yes,yes
341,22,female,bca,4th year,post graduate,no,yes
342,19,female,diploma,1st year,high school,yes,yes
343,21,other,nursing,1st year,graduate,yes,no
344,21,male,pharmacy,4th year,no formal,yes,yes
345,24,other,b.tech,3rd year,phd,yes,no
346,19,other,bca,3rd year,graduate,yes,yes
347,24,other,b.tech,2nd year,phd,yes,yes
348,24,male,ba,2nd year,graduate,yes,no
349,18,male,diploma,3rd year,phd,yes,yes
350,18,male,bba,2nd year,high school,yes,yes
351,21,other,nursing,1st year,no formal,yes,no
352,17,other,pharmacy,2nd year,graduate,yes,yes
353,19,female,pharmacy,2nd year,no formal,yes,no
354,20,male,diploma,4th year,phd,yes,no
355,24,female,diploma,2nd year,phd,no,yes
356,24,other,nursing,2nd year,high school,yes,yes
357,18,female,b.com,3rd year,no formal,yes,no
358,24,male,b.com,1st year,post graduate,yes,no
359,17,female,ba,3rd year,post graduate,yes,no
360,22,female,diploma,1st year,post graduate,yes,no
361,23,female,ba,4th year,graduate,yes,no
362,24,other,b.sc,2nd year,graduate,yes,yes
363,18,male,nursing,2nd year,high school,yes,yes
364,24,female,diploma,2nd year,high school,yes,yes
365,17,other,bca,2nd year,post graduate,yes,yes
366,21,male,nursing,3rd year,phd,yes,yes
367,20,male,nursing,3rd year,high school,yes,yes
368,19,male,pharmacy,4th year,high school,yes,yes
369,17,female,b.com,4th year,graduate,yes,yes
370,23,male,b.sc,2nd year,no formal,yes,yes
371,19,other,ba,3rd year,post graduate,yes,yes
372,22,male,nursing,2nd year,no formal,yes,no
373,20,other,pharmacy,4th year,post graduate,yes,no
374,19,female,b.tech,1st year,phd,no,no
375,24,other,nursing,4th year,phd,yes,yes
376,17,female,bba,2nd year,no formal,yes,yes
377,22,female,nursing,3rd year,graduate,yes,no
378,22,male,diploma,3rd year,graduate,yes,no
379,20,female,b.tech,2nd year,graduate,yes,yes
380,19,male,bba,4th year,post graduate,yes,no
381,17,male,b.tech,2nd year,phd,yes,yes
382,24,other,ba,3rd year,graduate,yes,no
383,24,other,diploma,4th year,graduate,no,yes
384,18,male,diploma,1st year,post graduate,no,yes
385,17,female,diploma,4th year,graduate,no,yes
386,17,male,bca,4th year,high school,no,yes
387,17,male,b.tech,2nd year,phd,yes,yes
388,23,female,bca,4th year,post graduate,yes,yes
389,24,other,bba,1st year,graduate,yes,no
390,18,male,bba,1st year,no formal,yes,yes
391,22,female,b.sc,4th year,high school,yes,no
392,18,other,diploma,4th year,high school,yes,no
393,19,female,bca,1st year,post graduate,no,yes
394,21,male,ba,3rd year,no formal,yes,yes
395,22,female,b.tech,1st year,high school,yes,no
396,23,other,b.tech,4th year,graduate,yes,yes
397,17,other,ba,4th year,post graduate,yes,no
398,18,female,bba,2nd year,no formal,yes,no
399,19,male,pharmacy,1st year,post graduate,yes,yes
400,19,other,diploma,1st year,graduate,yes,no
401,24,other,bba,3rd year,post graduate,no,yes
402,23,female,b.com,4th year,no formal,yes,yes
403,19,other,b.sc,3rd year,graduate,yes,yes
404,24,other,b.sc,2nd year,graduate,yes,yes
405,20,male,b.tech,3rd year,high school,no,no
406,21,female,pharmacy,4th year,no formal,yes,yes
407,20,female,b.tech,4th year,high school,yes,yes
408,18,female,nursing,1st year,graduate,yes,yes
409,24,female,bca,1st year,no formal,no,yes
410,17,other,bca,2nd year,phd,yes,yes
411,18,male,pharmacy,2nd year,post graduate,no,yes
412,18,female,nursing,3rd year,high school,yes,yes
413,19,male,b.sc,4th year,no formal,yes,yes
414,18,female,pharmacy,3rd year,post graduate,yes,yes
415,17,female,b.sc,4th year,no formal,yes,no
416,22,male,bca,2nd year,graduate,no,yes
417,24,other,bca,3rd year,high school,yes,yes
418,17,male,b.com,3rd year,high school,yes,yes
419,19,male,bca,2nd year,post graduate,yes,yes
420,21,female,bca,3rd year,high school,yes,yes
421,24,other,pharmacy,3rd year,high school,yes,no
422,22,male,pharmacy,3rd year,high school,yes,yes
423,23,female,ba,2nd year,no formal,no,yes
424,21,female,diploma,2nd year,post graduate,yes,yes
425,20,other,nursing,4th year,graduate,yes,no
426,18,male,b.tech,3rd year,high school,yes,yes
427,23,male,diploma,1st year,high school,yes,no
428,23,female,pharmacy,3rd year,phd,yes,yes
429,17,male,b.sc,3rd year,graduate,yes,yes
430,22,other,diploma,4th year,post graduate,no,yes
431,17,male,b.tech,4th year,phd,yes,yes
432,22,female,ba,3rd year,graduate,yes,no
433,23,male,nursing,1st year,high school,yes,yes
434,18,other,pharmacy,2nd year,phd,yes,yes
435,20,female,diploma,1st year,graduate,no,yes
436,17,male,diploma,1st year,high school,no,yes
437,21,male,b.com,4th year,phd,no,yes
438,24,male,nursing,1st year,post graduate,yes,no
439,17,male,bca,1st year,graduate,no,yes
440,20,other,pharmacy,2nd year,high school,yes,no
441,24,female,bca,2nd year,post graduate,yes,no
442,19,other,b.tech,3rd year,graduate,yes,yes
443,18,male,bba,2nd year,high school,yes,no
444,20,other,diploma,4th year,no formal,yes,no
445,21,female,nursing,1st year,phd,yes,yes
446,22,female,ba,4th year,phd,yes,no
447,19,other,b.sc,4th year,phd,yes,yes
448,24,other,nursing,3rd year,high school,yes,yes
449,21,other,nursing,1st year,post graduate,yes,yes
450,19,other,nursing,3rd year,graduate,yes,no
451,24,female,diploma,3rd year,high school,yes,yes
452,24,other,nursing,3rd year,phd,yes,no
453,20,other,ba,2nd year,high school,no,no
454,17,other,nursing,2nd year,no formal,yes,yes
455,21,female,bba,2nd year,no formal,yes,no
456,21,male,nursing,3rd year,phd,yes,no
457,18,female,b.sc,2nd year,no formal,yes,yes
458,22,male,b.com,2nd year,graduate,yes,no
459,23,male,b.sc,4th year,graduate,no,yes
460,17,female,ba,2nd year,post graduate,no,no
461,22,female,nursing,3rd year,phd,yes,yes
462,18,female,b.sc,4th year,graduate,yes,no
463,22,other,diploma,4th year,post graduate,yes,no
464,20,other,nursing,3rd year,phd,yes,no
465,17,female,diploma,2nd year,phd,no,yes
466,24,female,bca,1st year,phd,yes,yes
467,18,other,b.sc,4th year,post graduate,no,no
468,21,male,bca,3rd year,high school,yes,yes
469,18,other,b.com,3rd year,graduate,yes,no
470,24,other,b.com,4th year,post graduate,yes,yes
471,22,other,nursing,2nd year,high school,yes,yes
472,23,male,bca,1st year,phd,yes,yes
473,20,female,pharmacy,3rd year,graduate,yes,yes
474,20,other,bba,4th year,post graduate,yes,no
475,22,male,ba,1st year,graduate,yes,no
476,23,male,pharmacy,4th year,phd,yes,no
477,23,female,bca,3rd year,post graduate,yes,no
478,17,female,nursing,3rd year,post graduate,yes,yes
479,22,other,b.tech,4th year,post graduate,no,yes
480,17,female,bba,2nd year,high school,yes,yes
481,19,other,nursing,3rd year,high school,yes,yes
482,23,male,nursing,1st year,phd,yes,yes
483,19,female,diploma,3rd year,graduate,yes,yes
484,23,male,b.sc,1st year,post graduate,yes,yes
485,20,male,bba,1st year,graduate,yes,yes
486,18,male,b.tech,2nd year,no formal,yes,no
487,19,other,nursing,2nd year,graduate,yes,yes
488,21,female,bca,4th year,no formal,no,yes
489,23,male,b.sc,4th year,no formal,yes,no
490,21,male,diploma,4th year,high school,no,yes
491,24,female,diploma,3rd year,high school,no,no
492,23,other,b.tech,1st year,post graduate,no,no
493,23,other,b.tech,3rd year,high school,yes,yes
494,21,male,b.sc,2nd year,post graduate,yes,yes
495,19,other,b.tech,3rd year,high school,yes,yes
496,20,female,bba,3rd year,phd,yes,no
497,17,other,nursing,4th year,graduate,yes,yes
498,19,male,b.tech,2nd year,no formal,yes,yes
499,24,female,bca,4th year,no formal,no,yes
500,20,other,ba,3rd year,no formal,yes,yes
501,17,male,nursing,3rd year,graduate,yes,yes
502,22,other,bba,4th year,high school,yes,yes
503,24,male,diploma,4th year,no formal,yes,yes
504,23,other,pharmacy,2nd year,post graduate,no,yes
505,19,other,b.sc,1st year,phd,yes,no
506,20,other,b.com,1st year,phd,yes,no
507,21,other,b.com,2nd year,no formal,yes,yes
508,18,male,b.sc,3rd year,phd,yes,yes
509,19,female,bca,4th year,graduate,yes,no
510,18,other,b.tech,1st year,high school,yes,yes
511,24,male,ba,2nd year,no formal,yes,yes
512,22,male,b.sc,4th year,post graduate,no,yes
513,23,male,bca,4th year,high school,no,no
514,23,other,diploma,4th year,post graduate,yes,no
515,24,male,bba,4th year,graduate,yes,no
516,17,female,bba,1st year,phd,yes,yes
517,24,female,bba,3rd year,post graduate,yes,yes
518,17,female,b.sc,3rd year,post graduate,yes,yes
519,20,other,ba,2nd year,graduate,yes,yes
520,21,other,pharmacy,4th year,graduate,yes,yes
521,19,female,b.tech,4th year,no formal,yes,no
522,18,other,nursing,2nd year,post graduate,yes,yes
523,18,male,b.sc,3rd year,post graduate,yes,yes
524,23,other,b.sc,2nd year,high school,yes,yes
525,19,male,b.com,3rd year,no formal,yes,no
526,19,male,b.com,4th year,post graduate,yes,yes
527,24,male,b.com,4th year,post graduate,no,yes
528,18,male,nursing,1st year,post graduate,yes,yes
529,24,other,pharmacy,4th year,no formal,no,yes
530,24,male,diploma,3rd year,phd,yes,yes
531,21,other,b.sc,3rd year,high school,yes,yes
532,18,female,pharmacy,1st year,high school,no,yes
533,18,male,nursing,2nd year,graduate,yes,yes
534,19,female,b.tech,2nd year,phd,yes,yes
535,21,male,ba,1st year,phd,yes,yes
536,18,male,diploma,4th year,no formal,no,no
537,20,female,b.tech,1st year,phd,yes,no
538,17,other,b.tech,3rd year,post graduate,yes,yes
539,21,female,bca,3rd year,phd,no,no
540,17,male,ba,3rd year,phd,yes,yes
541,22,other,ba,4th year,graduate,yes,yes
542,17,other,diploma,1st year,no formal,yes,yes
543,18,male,bba,1st year,no formal,yes,yes
544,18,other,diploma,4th year,post graduate,yes,yes
545,23,other,b.sc,1st year,no formal,yes,yes
546,17,female,b.tech,2nd year,post graduate,yes,no
547,20,male,b.com,3rd year,no formal,no,yes
548,21,female,b.sc,3rd year,phd,yes,no
549,21,female,b.com,1st year,high school,yes,yes
550,22,male,nursing,1st year,no formal,yes,yes
551,23,male,b.sc,4th year,high school,yes,yes
552,20,male,b.sc,3rd year,phd,yes,yes
553,23,male,b.sc,4th year,graduate,yes,no
554,19,other,b.com,3rd year,phd,yes,yes
555,24,male,b.sc,3rd year,high school,yes,no
556,21,female,b.sc,2nd year,post graduate,yes,no
557,22,female,bca,1st year,no formal,yes,yes
558,24,male,b.sc,3rd year,graduate,yes,no
559,23,other,b.sc,3rd year,high school,yes,yes
560,23,other,nursing,2nd year,post graduate,yes,no
561,21,female,b.tech,4th year,post graduate,yes,yes
562,17,other,b.tech,3rd year,no formal,yes,yes
563,20,male,b.tech,3rd year,post graduate,yes,no
564,18,other,bba,3rd year,post graduate,yes,no
565,24,other,diploma,1st year,high school,yes,no
566,18,female,diploma,4th year,no formal,yes,yes
567,18,other,diploma,1st year,graduate,yes,yes
568,18,other,b.tech,1st year,high school,yes,no
569,22,female,ba,4th year,post graduate,yes,yes
570,21,male,bca,1st year,no formal,yes,no
571,24,male,diploma,3rd year,high school,yes,no
572,20,male,ba,1st year,post graduate,yes,no
573,19,male,nursing,3rd year,phd,yes,no
574,17,other,nursing,1st year,graduate,yes,yes
575,17,male,diploma,2nd year,no formal,no,yes
576,19,other,nursing,3rd year,post graduate,yes,no
577,24,male,pharmacy,2nd year,no formal,yes,no
578,21,female,nursing,1st year,no formal,yes,yes
579,24,female,bca,1st year,post graduate,yes,no
580,17,male,ba,1st year,high school,yes,yes
581,17,male,ba,1st year,no formal,yes,yes
582,23,male,nursing,2nd year,graduate,yes,yes
583,17,male,b.com,1st year,high school,yes,yes
584,17,other,bca,3rd year,post graduate,no,yes
585,20,female,bba,4th year,phd,yes,yes
586,24,other,ba,3rd year,no formal,yes,no
587,22,other,bba,2nd year,post graduate,yes,yes
588,17,female,b.tech,2nd year,post graduate,yes,yes
589,23,other,diploma,4th year,phd,yes,yes
590,23,male,b.tech,4th year,high school,yes,yes
591,23,female,b.tech,3rd year,no formal,yes,yes
592,24,female,b.com,1st year,phd,yes,no
593,18,female,bba,4th year,no formal,yes,yes
594,24,other,b.com,3rd year,graduate,yes,no
595,19,other,nursing,1st year,post graduate,yes,yes
596,23,female,pharmacy,2nd year,no formal,yes,yes
597,21,male,ba,3rd year,high school,yes,yes
598,23,female,pharmacy,4th year,no formal,yes,yes
599,22,other,b.tech,4th year,phd,no,yes
600,22,other,b.sc,1st year,high school,yes,no
601,21,other,ba,3rd year,post graduate,no,yes
602,23,male,pharmacy,4th year,high school,yes,yes
603,22,male,bba,4th year,post graduate,no,yes
604,18,female,diploma,3rd year,post graduate,yes,no
605,23,female,bca,4th year,no formal,yes,no
606,21,female,bba,3rd year,post graduate,yes,yes
607,19,other,pharmacy,3rd year,post graduate,yes,yes
608,21,female,pharmacy,3rd year,no formal,yes,no
609,24,female,bba,4th year,high school,yes,no
610,23,other,diploma,2nd year,phd,yes,no
611,23,female,bca,4th year,graduate,yes,no
612,20,female,bca,1st year,no formal,yes,no
613,23,male,b.tech,2nd year,post graduate,yes,yes
614,20,female,b.sc,4th year,post graduate,yes,yes
615,22,female,pharmacy,1st year,graduate,yes,no
616,22,male,b.com,4th year,no formal,yes,yes
617,18,male,bca,3rd year,no formal,yes,no
618,19,other,pharmacy,1st year,high school,yes,no
619,17,male,bca,1st year,graduate,yes,no
620,18,male,b.sc,1st year,post graduate,yes,no
621,20,male,nursing,2nd year,post graduate,no,no
622,20,male,b.tech,2nd year,high school,yes,yes
623,18,female,diploma,4th year,post graduate,no,yes
624,20,female,b.com,4th year,no formal,yes,yes
625,21,female,bca,1st year,no formal,no,yes
626,18,female,bba,3rd year,post graduate,yes,yes
627,19,female,bca,4th year,phd,yes,yes
628,19,other,ba,3rd year,post graduate,yes,yes
629,21,male,bba,1st year,graduate,yes,no
630,19,other,pharmacy,1st year,phd,yes,yes
631,22,male,nursing,3rd year,high school,yes,yes
632,19,other,ba,4th year,post graduate,yes,no
633,20,female,pharmacy,1st year,post graduate,yes,no
634,20,female,pharmacy,1st year,no formal,yes,yes
635,18,male,bca,1st year,phd,yes,yes
636,22,female,bca,2nd year,post graduate,yes,yes
637,18,female,b.tech,4th year,high school,yes,no
638,19,other,bba,4th year,phd,yes,yes
639,23,male,b.sc,2nd year,high school,yes,no
640,24,female,b.sc,3rd year,no formal,yes,no
641,22,other,nursing,1st year,post graduate,yes,no
642,24,other,b.com,3rd year,no formal,no,no
643,23,other,bca,3rd year,graduate,no,yes
644,20,female,nursing,4th year,post graduate,no,yes
645,23,other,bca,4th year,no formal,yes,no
646,19,male,nursing,1st year,post graduate,yes,yes
647,20,other,diploma,2nd year,graduate,yes,no
648,21,female,bba,1st year,high school,yes,no
649,24,female,pharmacy,1st year,no formal,yes,yes
650,23,male,pharmacy,1st year,post graduate,yes,yes
651,20,female,ba,4th year,no formal,no,yes
652,22,male,nursing,2nd year,no formal,yes,yes
653,18,other,b.sc,3rd year,high school,no,yes
654,23,male,b.sc,3rd year,graduate,yes,no
655,21,female,bba,4th year,phd,yes,yes
656,21,male,bca,3rd year,post graduate,yes,no
657,23,female,bca,4th year,post graduate,yes,no
658,22,female,nursing,2nd year,no formal,yes,no
659,17,male,ba,4th year,post graduate,yes,no
660,19,other,nursing,4th year,high school,yes,yes
661,18,other,pharmacy,3rd year,graduate,yes,no
662,22,female,b.tech,2nd year,post graduate,yes,yes
663,17,male,bba,1st year,no formal,yes,yes
664,18,other,b.com,1st year,high school,yes,no
665,21,other,bca,2nd year,high school,no,yes
666,22,female,ba,2nd year,phd,no,no
667,21,female,b.com,1st year,phd,no,yes
668,23,male,b.com,4th year,phd,yes,yes
669,24,female,ba,1st year,graduate,yes,yes
670,18,male,b.tech,2nd year,post graduate,yes,yes
671,24,female,b.tech,2nd year,post graduate,no,no
672,21,other,bca,4th year,post graduate,yes,yes
673,22,female,pharmacy,1st year,post graduate,no,yes
674,17,female,bba,4th year,phd,yes,yes
675,21,other,pharmacy,3rd year,high school,yes,yes
676,22,other,b.sc,4th year,post graduate,yes,no
677,21,male,pharmacy,4th year,post graduate,yes,yes
678,17,male,bca,4th year,post graduate,yes,yes
679,21,male,diploma,2nd year,phd,yes,yes
680,24,other,b.tech,3rd year,no formal,yes,yes
681,22,female,bca,2nd year,phd,yes,yes
682,18,other,ba,4th year,phd,yes,no
683,24,female,pharmacy,1st year,phd,yes,yes
684,24,other,nursing,3rd year,high school,yes,yes
685,18,other,nursing,1st year,graduate,yes,no
686,23,male,pharmacy,2nd year,no formal,yes,yes
687,20,other,diploma,4th year,no formal,yes,no
688,21,other,b.com,1st year,graduate,yes,no
689,20,male,b.com,4th year,phd,no,no
690,23,female,nursing,4th year,high school,no,yes
691,24,other,bca,2nd year,post graduate,yes,yes
692,23,other,pharmacy,2nd year,no formal,yes,yes
693,24,female,nursing,1st year,no formal,yes,yes
694,24,female,bca,4th year,post graduate,yes,yes
695,17,male,b.sc,3rd year,high school,yes,yes
696,19,female,pharmacy,4th year,no formal,no,no
697,22,female,b.com,2nd year,phd,no,no
698,21,female,b.com,2nd year,phd,no,yes
699,17,male,b.sc,3rd year,no formal,yes,yes
700,17,other,b.tech,2nd year,phd,yes,yes
701,21,female,ba,2nd year,no formal,yes,no
702,21,male,nursing,1st year,post graduate,yes,yes
703,18,female,nursing,4th year,post graduate,yes,yes
704,18,female,bba,2nd year,high school,yes,no
705,18,male,b.com,4th year,no formal,no,yes
706,21,female,ba,3rd year,graduate,yes,no
707,17,other,pharmacy,3rd year,phd,yes,yes
708,21,other,b.tech,2nd year,no formal,no,yes
709,20,male,b.tech,2nd year,phd,yes,no
710,20,female,b.tech,2nd year,post graduate,yes,yes
711,22,female,nursing,1st year,phd,no,no
712,21,other,b.tech,3rd year,high school,yes,no
713,22,other,pharmacy,1st year,post graduate,yes,no
714,23,female,b.sc,2nd year,graduate,yes,yes
715,24,male,bba,3rd year,post graduate,no,yes
716,23,female,pharmacy,1st year,no formal,yes,no
717,21,male,b.sc,1st year,graduate,yes,yes
718,20,other,b.com,1st year,phd,no,no
719,18,other,diploma,4th year,phd,yes,no
720,21,other,nursing,4th year,high school,yes,no
721,18,female,pharmacy,1st year,no formal,no,no
722,24,other,b.tech,2nd year,graduate,yes,no
723,23,female,diploma,1st year,high school,yes,no
724,17,female,b.com,1st year,high school,no,yes
725,23,other,bca,4th year,no formal,yes,yes
726,17,male,pharmacy,2nd year,graduate,yes,yes
727,22,other,pharmacy,4th year,no formal,yes,yes
728,17,other,b.sc,3rd year,phd,yes,yes
729,20,female,bba,2nd year,no formal,yes,yes
730,22,male,b.com,4th year,no formal,yes,yes
731,22,other,bca,1st year,graduate,yes,yes
732,20,male,nursing,2nd year,no formal,yes,no
733,24,other,b.com,2nd year,graduate,yes,yes
734,23,other,b.sc,3rd year,no formal,yes,no
735,18,female,b.tech,1st year,phd,no,no
736,22,female,b.tech,3rd year,graduate,no,yes
737,22,male,ba,4th year,high school,yes,yes
738,19,female,pharmacy,4th year,post graduate,yes,no
739,22,male,b.com,4th year,graduate,no,no
740,24,other,ba,3rd year,phd,no,yes
741,23,female,diploma,4th year,post graduate,no,yes
742,23,male,bca,3rd year,phd,yes,no
743,22,other,b.com,4th year,phd,yes,yes
744,19,male,b.sc,1st year,no formal,yes,no
745,23,female,b.sc,1st year,post graduate,yes,yes
746,19,male,b.sc,2nd year,phd,yes,yes
747,21,male,b.tech,3rd year,no formal,yes,no
748,19,male,bba,4th year,phd,no,no
749,19,male,bca,1st year,post graduate,yes,yes
750,18,other,diploma,1st year,post graduate,yes,yes
751,24,other,pharmacy,4th year,post graduate,yes,yes
752,18,other,b.com,2nd year,high school,yes,no
753,17,other,bca,1st year,phd,yes,no
754,24,female,nursing,3rd year,post graduate,yes,no
755,21,female,b.tech,4th year,graduate,yes,no
756,20,male,nursing,4th year,post graduate,yes,yes
757,22,other,b.tech,4th year,phd,yes,yes
758,20,female,bba,1st year,high school,yes,no
759,18,female,nursing,1st year,phd,yes,yes
760,22,male,bba,4th year,no formal,yes,yes
761,18,female,bca,3rd year,post graduate,no,yes
762,21,other,bca,1st year,graduate,yes,no
763,24,female,bca,2nd year,post graduate,yes,no
764,24,female,diploma,4th year,graduate,yes,yes
765,19,other,nursing,4th year,graduate,yes,yes
766,23,male,b.sc,4th year,no formal,yes,no
767,21,other,ba,2nd year,high school,yes,yes
768,20,other,nursing,4th year,phd,no,yes
769,18,female,ba,1st year,graduate,yes,no
770,20,other,bba,4th year,no formal,no,yes
771,22,male,diploma,1st year,no formal,yes,no
772,24,male,pharmacy,4th year,high school,no,yes
773,17,male,b.com,1st year,post graduate,yes,no
774,22,female,pharmacy,4th year,high school,yes,yes
775,23,other,diploma,3rd year,graduate,yes,yes
776,24,female,b.tech,3rd year,post graduate,yes,yes
777,20,other,nursing,3rd year,post graduate,yes,no
778,17,male,ba,2nd year,no formal,yes,yes
779,19,other,b.com,4th year,high school,yes,yes
780,23,male,bba,1st year,post graduate,yes,no
781,24,female,bca,3rd year,post graduate,yes,no
782,22,other,bba,1st year,graduate,yes,no
783,17,other,b.tech,1st year,high school,no,no
784,17,other,nursing,3rd year,no formal,yes,yes
785,20,female,ba,3rd year,no formal,yes,yes
786,21,female,b.sc,1st year,no formal,no,yes
787,17,female,bca,3rd year,phd,yes,yes
788,22,female,bca,4th year,graduate,yes,no
789,21,other,b.tech,3rd year,high school,no,no
790,17,female,pharmacy,1st year,graduate,yes,yes
791,17,female,bca,1st year,graduate,yes,yes
792,20,female,pharmacy,1st year,no formal,yes,yes
793,22,male,diploma,3rd year,phd,yes,yes
794,23,male,b.tech,1st year,graduate,yes,yes
795,20,female,b.sc,2nd year,graduate,yes,no
796,19,female,pharmacy,1st year,graduate,no,no
797,24,female,bca,2nd year,phd,yes,yes
798,20,other,b.sc,1st year,phd,yes,no
799,19,other,b.tech,2nd year,no formal,yes,no
800,20,other,bba,3rd year,post graduate,yes,no
801,17,female,bca,4th year,no formal,no,yes
802,19,other,b.com,2nd year,no formal,yes,yes
803,21,other,b.sc,2nd year,graduate,yes,yes
804,24,male,bca,4th year,graduate,yes,no
805,22,female,ba,4th year,graduate,yes,yes
806,23,female,b.tech,2nd year,no formal,yes,yes
807,21,other,b.tech,2nd year,post graduate,yes,no
808,17,female,b.com,3rd year,graduate,no,yes
809,20,male,bca,4th year,no formal,yes,yes
810,24,male,b.com,3rd year,high school,yes,yes
811,17,male,b.tech,3rd year,no formal,yes,yes
812,24,male,pharmacy,1st year,phd,yes,yes
813,22,male,diploma,2nd year,post graduate,yes,yes
814,19,other,bca,1st year,graduate,no,yes
815,23,female,b.com,2nd year,no formal,yes,yes
816,23,other,diploma,4th year,phd,yes,no
817,17,other,pharmacy,1st year,high school,yes,no
818,17,female,diploma,3rd year,graduate,yes,yes
819,22,female,b.com,2nd year,post graduate,no,no
820,24,male,ba,1st year,high school,yes,yes
821,17,other,pharmacy,1st year,phd,yes,yes
822,22,female,b.tech,3rd year,high school,yes,yes
823,18,other,b.sc,4th year,high school,no,no
824,22,male,b.tech,2nd year,no formal,yes,no
825,21,male,bca,4th year,high school,no,yes
826,17,male,bba,1st year,post graduate,yes,yes
827,22,other,b.sc,3rd year,graduate,yes,yes
828,24,female,pharmacy,1st year,phd,yes,no
829,23,male,bba,4th year,phd,yes,yes
830,17,male,b.com,4th year,high school,yes,no
831,18,female,pharmacy,1st year,post graduate,yes,yes
832,18,other,diploma,2nd year,graduate,yes,yes
833,20,other,b.sc,3rd year,graduate,yes,no
834,18,female,nursing,3rd year,high school,yes,yes
835,23,other,b.tech,2nd year,no formal,yes,yes
836,23,male,pharmacy,1st year,graduate,yes,yes
837,23,other,ba,3rd year,post graduate,yes,yes
838,18,male,b.com,1st year,phd,yes,yes
839,17,female,b.tech,2nd year,graduate,yes,yes
840,24,other,pharmacy,1st year,no formal,yes,yes
841,19,other,bca,3rd year,graduate,no,no
842,22,male,bca,2nd year,high school,no,no
843,24,female,nursing,2nd year,phd,yes,yes
844,17,male,bba,4th year,post graduate,yes,yes
845,17,male,b.com,2nd year,phd,yes,no
846,17,female,nursing,4th year,high school,yes,no
847,18,female,bba,4th year,graduate,yes,no
848,17,male,b.com,1st year,no formal,yes,no
849,23,other,nursing,3rd year,no formal,no,yes
850,21,female,nursing,1st year,high school,yes,yes
851,24,female,b.com,3rd year,high school,yes,no
852,23,female,bca,1st year,post graduate,yes,yes
853,24,female,pharmacy,2nd year,high school,yes,yes
854,18,male,nursing,4th year,phd,yes,yes
855,19,female,b.sc,1st year,post graduate,yes,no
856,23,other,nursing,3rd year,phd,yes,yes
857,18,female,b.tech,4th year,high school,no,yes
858,17,female,bca,4th year,graduate,yes,yes
859,22,other,bba,1st year,graduate,no,no
860,23,female,b.tech,2nd year,post graduate,yes,no
861,24,male,diploma,3rd year,phd,yes,yes
862,24,male,b.com,3rd year,graduate,no,yes
863,17,other,nursing,1st year,phd,yes,no
864,23,female,nursing,3rd year,graduate,yes,no
865,23,female,bca,1st year,high school,yes,yes
866,22,male,bca,3rd year,no formal,yes,yes
867,23,male,b.tech,3rd year,high school,yes,no
868,23,female,pharmacy,2nd year,high school,yes,no
869,20,other,diploma,1st year,high school,yes,yes
870,17,male,ba,1st year,graduate,no,yes
871,20,female,b.tech,3rd year,high school,no,no
872,18,other,bba,2nd year,phd,no,yes
873,17,male,pharmacy,4th year,high school,no,yes
874,17,male,nursing,4th year,post graduate,no,no
875,22,male,b.tech,2nd year,post graduate,yes,yes
876,21,other,diploma,2nd year,phd,yes,no
877,21,female,b.tech,4th year,post graduate,yes,yes
878,22,other,ba,3rd year,high school,no,yes
879,21,other,bba,1st year,graduate,yes,yes
880,22,female,b.tech,4th year,no formal,yes,yes
881,17,male,b.sc,1st year,high school,yes,yes
882,23,male,nursing,3rd year,phd,no,yes
883,20,female,bca,1st year,no formal,yes,no
884,18,female,nursing,2nd year,high school,yes,no
885,23,male,bca,3rd year,no formal,yes,yes
886,22,other,bba,1st year,graduate,yes,no
887,17,male,b.tech,2nd year,post graduate,yes,yes
888,18,female,bba,4th year,no formal,yes,yes
889,17,other,diploma,4th year,no formal,yes,yes
890,19,female,b.sc,4th year,phd,yes,no
891,17,other,bba,4th year,high school,yes,yes
892,22,male,ba,4th year,no formal,yes,no
893,21,other,nursing,1st year,no formal,yes,no
894,24,other,b.sc,1st year,phd,yes,no
895,22,other,b.tech,2nd year,phd,no,yes
896,21,male,b.sc,4th year,no formal,no,yes
897,21,male,b.sc,4th year,high school,yes,yes
898,17,male,nursing,2nd year,no formal,yes,yes
899,17,other,b.com,1st year,graduate,yes,no
900,21,male,ba,3rd year,phd,yes,yes
901,17,female,b.com,2nd year,post graduate,yes,no
902,17,female,nursing,1st year,high school,yes,yes
903,18,other,bca,1st year,post graduate,no,yes
904,24,other,bba,1st year,high school,yes,yes
905,20,male,nursing,2nd year,phd,yes,yes
906,22,other,b.tech,3rd year,graduate,yes,no
907,20,male,diploma,1st year,phd,yes,yes
908,18,male,ba,2nd year,high school,yes,yes
909,19,male,ba,4th year,phd,yes,no
910,17,female,b.sc,4th year,high school,yes,yes
911,23,female,b.tech,4th year,post graduate,yes,yes
912,18,other,diploma,2nd year,no formal,no,yes
913,20,other,nursing,1st year,high school,yes,yes
914,24,female,pharmacy,4th year,graduate,yes,yes
915,21,female,b.com,2nd year,graduate,no,no
916,20,male,diploma,2nd year,no formal,yes,yes
917,21,other,b.sc,2nd year,no formal,yes,no
918,23,female,nursing,1st year,phd,no,no
919,19,other,bca,3rd year,high school,yes,yes
920,22,female,nursing,1st year,post graduate,yes,yes
921,23,other,b.tech,1st year,no formal,yes,yes
922,21,other,diploma,4th year,high school,yes,yes
923,20,other,bba,3rd year,no formal,no,yes
924,18,female,bca,4th year,graduate,yes,yes
925,18,male,bba,3rd year,graduate,yes,yes
926,24,male,diploma,1st year,graduate,yes,yes
927,21,female,bca,2nd year,post graduate,yes,yes
928,19,other,ba,2nd year,post graduate,yes,no
929,20,other,ba,2nd year,high school,yes,yes
930,21,male,b.tech,2nd year,graduate,yes,no
931,21,female,diploma,2nd year,no formal,yes,yes
932,22,other,diploma,3rd year,post graduate,yes,no
933,19,male,bca,4th year,high school,yes,yes
934,22,female,diploma,3rd year,no formal,yes,no
935,20,other,b.com,4th year,phd,no,yes
936,24,male,b.com,4th year,graduate,no,no
937,18,male,pharmacy,3rd year,no formal,yes,no
938,18,female,pharmacy,2nd year,no formal,no,no
939,20,other,nursing,3rd year,high school,yes,yes
940,21,male,b.tech,1st year,phd,yes,no
941,22,other,bba,4th year,no formal,yes,no
942,20,male,diploma,1st year,graduate,yes,no
943,24,female,b.tech,1st year,high school,yes,no
944,20,female,pharmacy,4th year,post graduate,yes,no
945,18,male,nursing,1st year,graduate,yes,no
946,17,other,b.com,3rd year,graduate,no,no
947,24,other,bba,3rd year,phd,yes,yes
948,18,other,pharmacy,1st year,no formal,yes,no
949,24,male,nursing,2nd year,high school,yes,no
950,19,female,nursing,4th year,no formal,yes,yes
951,17,other,pharmacy,3rd year,high school,yes,no
952,19,male,diploma,3rd year,high school,yes,yes
953,21,female,pharmacy,3rd year,phd,yes,yes
954,20,female,pharmacy,2nd year,post graduate,yes,yes
955,23,female,b.tech,3rd year,high school,yes,no
956,21,female,bca,1st year,post graduate,yes,yes
957,20,other,ba,1st year,phd,no,yes
958,22,male,bba,4th year,no formal,no,no
959,24,other,b.sc,1st year,graduate,yes,no
960,20,other,diploma,3rd year,graduate,yes,no
961,18,male,nursing,1st year,phd,no,yes
962,20,other,ba,2nd year,high school,yes,no
963,23,male,diploma,4th year,post graduate,no,no
964,18,male,b.com,2nd year,graduate,yes,yes
965,24,female,diploma,4th year,high school,yes,yes
966,21,other,b.tech,2nd year,high school,yes,yes
967,21,other,nursing,3rd year,phd,no,yes
968,19,female,ba,3rd year,phd,yes,no
969,24,other,bba,3rd year,high school,yes,no
970,17,male,nursing,2nd year,graduate,yes,yes
971,19,other,b.tech,4th year,no formal,yes,no
972,20,female,pharmacy,2nd year,graduate,yes,no
973,20,male,bca,4th year,phd,yes,no
974,20,male,pharmacy,2nd year,post graduate,yes,yes
975,18,male,bba,4th year,graduate,yes,yes
976,18,male,b.sc,4th year,post graduate,no,no
977,17,male,bca,4th year,graduate,no,no
978,21,other,bca,2nd year,graduate,yes,yes
979,19,male,pharmacy,2nd year,no formal,no,no
980,21,female,bca,2nd year,no formal,yes,yes
981,21,other,ba,2nd year,graduate,yes,no
982,22,male,b.sc,2nd year,no formal,yes,no
983,21,other,b.com,2nd year,no formal,yes,no
984,22,female,bca,3rd year,high school,no,no
985,21,male,ba,4th year,graduate,yes,yes
986,22,other,ba,4th year,post graduate,yes,yes
987,21,female,b.tech,3rd year,phd,no,yes
988,19,female,pharmacy,4th year,post graduate,no,yes
989,18,other,nursing,4th year,phd,no,yes
990,23,other,b.com,2nd year,high school,yes,yes
991,19,other,b.sc,2nd year,post graduate,yes,yes
992,21,other,nursing,2nd year,no formal,yes,no
993,18,male,nursing,1st year,no formal,yes,yes
994,20,female,pharmacy,2nd year,post graduate,no,no
995,21,male,bba,2nd year,high school,yes,no
996,22,other,diploma,4th year,graduate,no,no
997,21,other,diploma,2nd year,phd,yes,no
998,19,female,b.sc,3rd year,post graduate,yes,no
999,24,female,bba,2nd year,high school,yes,no
1000,21,other,b.com,2nd year,post graduate,yes,yes
1001,23,male,diploma,1st year,phd,yes,yes
1002,22,female,pharmacy,3rd year,high school,yes,no
1003,21,other,b.tech,1st year,graduate,yes,no
1004,24,male,b.tech,1st year,post graduate,no,yes
1005,18,other,b.com,3rd year,post graduate,yes,no
1006,24,male,b.sc,3rd year,graduate,yes,no
1007,23,other,b.tech,2nd year,graduate,yes,no
1008,21,female,pharmacy,2nd year,graduate,yes,no
1009,22,other,bca,4th year,graduate,yes,no
1010,21,other,diploma,2nd year,high school,yes,no
1011,19,female,bca,2nd year,phd,no,yes
1012,23,other,diploma,1st year,post graduate,no,yes
1013,18,female,diploma,2nd year,post graduate,yes,no
1014,19,female,b.sc,1st year,no formal,yes,yes
1015,21,other,b.sc,2nd year,graduate,yes,yes
1016,23,male,bba,1st year,high school,yes,no
1017,20,female,ba,1st year,no formal,yes,yes
1018,20,male,nursing,3rd year,high school,yes,yes
1019,17,female,b.com,2nd year,no formal,no,no
1020,17,other,b.com,3rd year,post graduate,yes,no
1021,17,male,bba,3rd year,graduate,yes,yes
1022,17,female,b.sc,3rd year,post graduate,no,yes
1023,23,female,nursing,2nd year,phd,yes,yes
1024,23,other,b.tech,2nd year,high school,yes,yes
1025,23,male,nursing,2nd year,no formal,yes,yes
1026,17,male,bca,4th year,no formal,yes,yes
1027,17,male,nursing,2nd year,no formal,yes,yes
1028,19,female,b.com,4th year,no formal,no,no
1029,21,female,pharmacy,4th year,graduate,yes,yes
1030,19,other,nursing,3rd year,post graduate,yes,yes
1031,20,female,bba,4th year,high school,yes,no
1032,18,male,b.com,3rd year,graduate,no,yes
1033,22,other,b.sc,4th year,high school,yes,yes
1034,19,male,b.sc,4th year,post graduate,no,yes
1035,17,female,bca,3rd year,post graduate,yes,no
1036,22,female,pharmacy,3rd year,post graduate,yes,yes
1037,24,male,bca,4th year,graduate,yes,no
1038,17,female,pharmacy,1st year,phd,yes,no
1039,20,female,diploma,4th year,no formal,yes,yes
1040,23,other,diploma,3rd year,graduate,yes,no
1041,22,male,diploma,1st year,no formal,yes,yes
1042,23,other,pharmacy,1st year,phd,yes,yes
1043,20,female,nursing,4th year,no formal,no,no
1044,19,other,b.sc,4th year,graduate,yes,yes
1045,22,male,bca,3rd year,no formal,yes,no
1046,18,male,bba,3rd year,post graduate,yes,yes
1047,18,other,nursing,4th year,graduate,yes,yes
1048,21,female,b.sc,4th year,graduate,no,yes
1049,22,male,nursing,4th year,phd,yes,yes
1050,17,other,bba,1st year,phd,yes,no
1051,21,male,pharmacy,4th year,graduate,yes,yes
1052,19,female,nursing,3rd year,high school,no,yes
1053,21,other,ba,4th year,high school,yes,no
1054,24,other,nursing,3rd year,post graduate,yes,yes
1055,17,other,b.sc,3rd year,phd,yes,no
1056,24,female,b.tech,4th year,graduate,yes,yes
1057,20,male,bba,1st year,graduate,yes,yes
1058,23,male,ba,4th year,phd,yes,yes
1059,20,other,b.sc,2nd year,no formal,yes,no
1060,19,female,pharmacy,1st year,no formal,yes,yes
1061,23,male,b.tech,3rd year,no formal,yes,yes
1062,22,other,bca,4th year,graduate,yes,yes
1063,18,other,b.com,1st year,phd,yes,yes
1064,22,male,b.com,4th year,high school,yes,yes
1065,23,other,b.sc,2nd year,post graduate,yes,no
1066,20,female,ba,4th year,phd,yes,no
1067,24,female,diploma,1st year,phd,yes,no
1068,22,other,b.com,3rd year,post graduate,no,yes
1069,19,male,diploma,3rd year,high school,yes,no
1070,17,male,bba,4th year,post graduate,yes,yes
1071,22,other,nursing,2nd year,graduate,yes,yes
1072,18,female,bba,1st year,graduate,yes,yes
1073,23,male,ba,1st year,post graduate,yes,no
1074,21,other,bba,2nd year,post graduate,yes,yes
1075,20,male,diploma,4th year,phd,yes,yes
1076,18,other,bba,1st year,graduate,no,yes
1077,22,male,pharmacy,4th year,post graduate,yes,no
1078,18,female,bba,3rd year,high school,no,yes
1079,20,female,b.com,3rd year,graduate,yes,yes
1080,23,other,b.tech,4th year,phd,no,yes
1081,24,female,ba,4th year,post graduate,yes,yes
1082,24,other,b.tech,3rd year,graduate,yes,yes
1083,24,male,b.tech,4th year,graduate,yes,yes
1084,21,female,ba,2nd year,high school,yes,yes
1085,18,other,b.com,4th year,high school,no,no
1086,23,male,nursing,4th year,post graduate,yes,yes
1087,23,other,diploma,4th year,no formal,yes,yes
1088,24,other,nursing,3rd year,no formal,yes,yes
1089,22,other,bba,3rd year,graduate,yes,yes
1090,18,male,b.tech,2nd year,post graduate,yes,yes
1091,21,other,nursing,4th year,phd,yes,no
1092,20,other,bba,3rd year,graduate,no,no
1093,23,male,ba,1st year,no formal,yes,yes
1094,20,female,bca,3rd year,post graduate,yes,no
1095,19,male,b.sc,1st year,high school,yes,yes
1096,17,female,bba,3rd year,no formal,yes,yes
1097,23,male,bca,3rd year,post graduate,no,no
1098,23,female,diploma,4th year,post graduate,yes,no
1099,17,female,bba,1st year,no formal,yes,yes
1100,20,female,pharmacy,2nd year,post graduate,yes,no
1101,20,other,pharmacy,2nd year,graduate,yes,no
1102,20,other,b.tech,2nd year,post graduate,yes,no
1103,24,male,b.tech,4th year,post graduate,yes,yes
1104,18,male,bba,3rd year,graduate,no,yes
1105,19,male,nursing,2nd year,high school,yes,no
1106,18,other,bba,4th year,post graduate,yes,yes
1107,18,male,b.sc,3rd year,no formal,yes,no
1108,24,male,bca,2nd year,graduate,yes,yes
1109,24,male,pharmacy,3rd year,post graduate,yes,no
1110,17,other,b.sc,4th year,high school,yes,yes
1111,22,female,bba,2nd year,no formal,yes,no
1112,18,other,bca,3rd year,no formal,yes,yes
1113,18,male,ba,1st year,graduate,yes,yes
1114,19,female,b.tech,1st year,graduate,yes,yes
1115,18,female,diploma,1st year,post graduate,no,no
1116,20,male,diploma,2nd year,phd,yes,yes
1117,24,other,bca,3rd year,phd,yes,yes
1118,21,other,bca,1st year,high school,yes,no
1119,22,male,bca,4th year,no formal,yes,yes
1120,20,other,b.com,1st year,post graduate,yes,yes
1121,17,female,b.tech,3rd year,no formal,no,no
1122,17,female,pharmacy,1st year,post graduate,yes,yes
1123,19,other,b.sc,1st year,high school,yes,no
1124,18,female,nursing,3rd year,high school,no,yes
1125,23,male,bba,3rd year,no formal,yes,no
1126,23,other,bba,3rd year,no formal,yes,yes
1127,23,other,b.tech,4th year,no formal,yes,yes
1128,22,male,pharmacy,3rd year,graduate,yes,no
1129,21,other,bba,4th year,high school,no,no
1130,22,female,nursing,2nd year,high school,yes,yes
1131,20,male,nursing,2nd year,no formal,yes,yes
1132,22,female,b.sc,2nd year,no formal,yes,yes
1133,23,other,pharmacy,2nd year,post graduate,no,yes
1134,23,male,bca,4th year,phd,yes,yes
1135,21,other,b.sc,3rd year,post graduate,yes,no
1136,17,other,bca,4th year,phd,no,yes
1137,22,other,bca,2nd year,post graduate,yes,no
1138,19,male,bca,4th year,no formal,yes,no
1139,22,male,b.com,1st year,post graduate,yes,no
1140,21,other,pharmacy,2nd year,high school,no,no
1141,24,female,b.com,1st year,post graduate,yes,yes
1142,19,female,bba,4th year,post graduate,no,yes
1143,24,female,nursing,2nd year,phd,yes,no
1144,23,female,b.tech,4th year,phd,yes,no
1145,19,female,ba,2nd year,post graduate,yes,yes
1146,20,female,bba,1st year,phd,yes,no
1147,21,female,diploma,2nd year,graduate,yes,yes
1148,23,female,nursing,2nd year,phd,no,no
1149,22,female,nursing,3rd year,no formal,no,no
1150,23,other,ba,2nd year,graduate,yes,yes
1151,19,female,bba,3rd year,post graduate,yes,yes
1152,21,other,b.tech,3rd year,phd,yes,yes
1153,20,female,nursing,1st year,phd,yes,no
1154,24,other,b.com,3rd year,high school,yes,yes
1155,19,female,bba,3rd year,post graduate,yes,no
1156,21,female,diploma,2nd year,no formal,yes,no
1157,17,male,diploma,4th year,no formal,yes,yes
1158,23,male,b.tech,1st year,post graduate,yes,no
1159,20,other,diploma,4th year,high school,yes,yes
1160,19,male,ba,2nd year,graduate,no,no
1161,21,male,ba,2nd year,high school,no,no
1162,20,other,b.sc,3rd year,post graduate,yes,no
1163,23,other,diploma,3rd year,no formal,no,no
1164,21,female,bba,3rd year,post graduate,yes,yes
1165,21,female,b.tech,3rd year,post graduate,no,no
1166,17,female,b.sc,2nd year,phd,no,yes
1167,17,other,diploma,4th year,high school,yes,yes
1168,20,female,b.tech,3rd year,high school,no,yes
1169,24,male,bba,1st year,graduate,yes,yes
1170,24,female,diploma,4th year,high school,no,no
1171,22,male,pharmacy,4th year,post graduate,yes,no
1172,22,other,b.sc,1st year,post graduate,yes,yes
1173,20,male,b.com,4th year,post graduate,yes,yes
1174,18,female,b.sc,3rd year,graduate,yes,no
1175,17,male,nursing,4th year,post graduate,yes,no
1176,19,other,bca,2nd year,no formal,yes,yes
1177,19,female,pharmacy,1st year,no formal,yes,yes
1178,18,male,b.tech,1st year,high school,yes,no
1179,19,other,diploma,1st year,high school,no,yes
1180,17,female,b.tech,4th year,phd,no,no
1181,21,female,b.tech,2nd year,high school,yes,yes
1182,24,male,ba,4th year,phd,no,no
1183,22,male,ba,1st year,graduate,yes,yes
1184,20,other,ba,2nd year,post graduate,no,yes
1185,20,female,b.tech,4th year,no formal,yes,yes
1186,19,female,bba,2nd year,post graduate,yes,yes
1187,18,other,ba,4th year,graduate,yes,no
1188,21,female,pharmacy,1st year,phd,yes,yes
1189,21,female,nursing,4th year,no formal,yes,no
1190,17,other,ba,3rd year,high school,yes,yes
1191,20,male,diploma,4th year,phd,yes,no
1192,19,female,bca,1st year,graduate,no,yes
1193,18,other,bba,4th year,graduate,no,yes
1194,22,male,pharmacy,2nd year,graduate,yes,yes
1195,21,male,bca,1st year,high school,yes,yes
1196,22,female,bba,1st year,phd,yes,no
1197,22,male,bca,1st year,graduate,yes,yes
1198,24,male,nursing,3rd year,no formal,no,no
1199,23,male,diploma,1st year,high school,yes,no
1200,21,other,bba,4th year,phd,yes,no
1201,24,male,b.sc,1st year,graduate,yes,yes
1202,20,other,bca,1st year,post graduate,yes,no
1203,24,female,ba,4th year,no formal,no,yes
1204,23,other,pharmacy,4th year,no formal,yes,yes
1205,22,male,pharmacy,3rd year,high school,yes,yes
1206,24,other,b.tech,4th year,graduate,yes,yes
1207,21,female,pharmacy,3rd year,post graduate,yes,yes
1208,22,other,pharmacy,1st year,no formal,yes,yes
1209,19,other,pharmacy,2nd year,phd,yes,no
1210,24,female,bba,4th year,post graduate,yes,no
1211,21,other,b.com,3rd year,high school,yes,yes
1212,23,male,bca,3rd year,graduate,yes,yes
1213,20,female,nursing,1st year,graduate,no,yes
1214,23,female,bba,3rd year,post graduate,yes,no
1215,17,other,pharmacy,1st year,no formal,yes,no
1216,17,other,b.com,3rd year,graduate,yes,yes
1217,21,other,nursing,1st year,graduate,yes,yes
1218,22,other,b.tech,2nd year,post graduate,yes,yes
1219,23,other,nursing,3rd year,high school,no,yes
1220,20,other,pharmacy,1st year,high school,yes,yes
1221,22,female,diploma,3rd year,phd,yes,no
1222,21,male,bca,2nd year,phd,no,no
1223,24,other,ba,3rd year,phd,yes,yes
1224,22,male,nursing,3rd year,phd,yes,yes
1225,20,male,b.sc,4th year,no formal,yes,yes
1226,24,other,b.com,4th year,post graduate,yes,yes
1227,17,male,b.sc,1st year,post graduate,yes,yes
1228,24,male,b.com,2nd year,high school,no,no
1229,18,female,bba,1st year,graduate,yes,no
1230,19,female,ba,2nd year,phd,yes,no
1231,23,male,ba,3rd year,no formal,yes,yes
1232,22,female,b.com,1st year,phd,yes,yes
1233,24,male,ba,2nd year,high school,yes,yes
1234,22,male,bba,4th year,phd,yes,yes
1235,22,male,b.sc,1st year,graduate,no,yes
1236,19,other,pharmacy,1st year,no formal,yes,yes
1237,17,female,pharmacy,2nd year,no formal,yes,yes
1238,17,other,nursing,4th year,phd,yes,no
1239,19,male,b.tech,3rd year,post graduate,yes,no
1240,17,other,bba,1st year,high school,no,no
1241,21,other,nursing,3rd year,post graduate,yes,no
1242,23,female,ba,1st year,graduate,yes,no
1243,24,other,b.com,4th year,no formal,yes,yes
1244,20,female,bca,1st year,post graduate,yes,no
1245,24,female,b.tech,3rd year,no formal,yes,yes
1246,24,other,bca,2nd year,graduate,yes,yes
1247,23,female,bba,3rd year,no formal,no,yes
1248,20,female,diploma,2nd year,high school,yes,no
1249,19,other,diploma,3rd year,phd,no,yes
1250,24,female,bba,4th year,graduate,no,no
1251,18,male,bca,4th year,post graduate,yes,yes
1252,20,other,b.tech,3rd year,high school,yes,no
1253,17,other,pharmacy,4th year,no formal,no,yes
1254,23,male,b.tech,1st year,post graduate,yes,yes
1255,22,other,pharmacy,3rd year,high school,yes,yes
1256,17,male,pharmacy,3rd year,no formal,yes,yes
1257,18,male,diploma,2nd year,graduate,no,no
1258,21,other,diploma,2nd year,graduate,no,yes
1259,21,female,b.tech,2nd year,no formal,no,no
1260,23,female,pharmacy,3rd year,graduate,yes,no
1261,19,female,bba,3rd year,graduate,yes,yes
1262,24,male,ba,4th year,phd,yes,no
1263,20,other,diploma,3rd year,no formal,no,yes
1264,23,male,bba,4th year,graduate,no,yes
1265,18,other,ba,4th year,post graduate,yes,yes
1266,17,other,b.com,3rd year,graduate,yes,yes
1267,17,male,b.sc,1st year,high school,no,yes
1268,19,female,pharmacy,2nd year,phd,no,no
1269,24,male,bca,1st year,high school,no,yes
1270,17,female,b.com,2nd year,phd,yes,no
1271,19,female,diploma,4th year,phd,yes,no
1272,17,male,diploma,2nd year,post graduate,yes,no
1273,24,other,b.sc,4th year,post graduate,yes,no
1274,22,other,b.sc,2nd year,graduate,no,yes
1275,23,male,b.com,3rd year,post graduate,yes,no
1276,22,other,b.tech,1st year,high school,yes,yes
1277,22,other,nursing,3rd year,no formal,no,yes
1278,23,female,b.sc,1st year,post graduate,yes,no
1279,17,other,nursing,2nd year,phd,yes,no
1280,23,male,bba,4th year,phd,yes,yes
1281,22,other,b.sc,1st year,post graduate,yes,no
1282,22,other,nursing,4th year,phd,yes,no
1283,20,female,b.sc,4th year,graduate,yes,yes
1284,23,other,pharmacy,1st year,no formal,yes,no
1285,20,other,b.tech,2nd year,high school,yes,yes
1286,17,other,bca,4th year,high school,no,no
1287,24,female,b.com,2nd year,phd,yes,yes
1288,18,other,bba,4th year,phd,yes,no
1289,17,female,nursing,4th year,post graduate,yes,no
1290,21,female,nursing,1st year,phd,yes,yes
1291,18,male,b.com,3rd year,high school,yes,no
1292,23,male,b.tech,4th year,post graduate,yes,yes
1293,20,other,b.com,3rd year,no formal,yes,yes
1294,17,female,nursing,4th year,no formal,yes,no
1295,24,female,bba,3rd year,post graduate,yes,yes
1296,21,other,diploma,3rd year,post graduate,no,no
1297,19,male,bba,1st year,graduate,yes,yes
1298,22,male,bba,4th year,graduate,no,no
1299,21,male,b.tech,4th year,post graduate,yes,no
1300,17,male,b.tech,2nd year,high school,yes,no
1301,23,female,diploma,1st year,high school,yes,yes
1302,20,other,b.sc,3rd year,high school,yes,yes
1303,22,male,ba,4th year,high school,yes,yes
1304,24,female,ba,3rd year,high school,no,yes
1305,21,male,bca,4th year,no formal,yes,no
1306,22,other,pharmacy,3rd year,graduate,no,no
1307,19,female,diploma,2nd year,graduate,yes,yes
1308,18,male,bca,2nd year,no formal,yes,yes
1309,20,female,nursing,4th year,phd,yes,yes
1310,23,female,bba,3rd year,graduate,yes,yes
1311,21,other,b.sc,3rd year,no formal,yes,yes
1312,19,male,bba,4th year,no formal,yes,no
1313,23,other,pharmacy,4th year,no formal,yes,yes
1314,23,other,nursing,4th year,graduate,yes,yes
1315,24,male,ba,2nd year,high school,no,no
1316,19,other,b.com,1st year,phd,no,yes
1317,22,other,pharmacy,3rd year,graduate,no,no
1318,21,female,b.tech,2nd year,post graduate,yes,no
1319,20,male,pharmacy,4th year,high school,yes,no
1320,20,female,diploma,1st year,no formal,yes,no
1321,17,female,nursing,4th year,high school,yes,yes
1322,19,male,b.com,3rd year,post graduate,no,no
1323,21,female,bca,1st year,post graduate,yes,no
1324,24,other,b.com,1st year,no formal,yes,no
1325,23,female,b.tech,1st year,high school,yes,yes
1326,18,other,bba,4th year,graduate,yes,yes
1327,22,male,pharmacy,3rd year,high school,no,yes
1328,17,other,b.com,3rd year,high school,yes,no
1329,22,female,b.sc,3rd year,phd,yes,yes
1330,19,male,pharmacy,2nd year,phd,yes,no
1331,20,other,pharmacy,1st year,high school,yes,no
1332,22,female,nursing,3rd year,no formal,yes,no
1333,20,female,pharmacy,1st year,high school,no,yes
1334,23,male,pharmacy,1st year,phd,yes,yes
1335,21,other,pharmacy,4th year,phd,yes,no
1336,24,male,pharmacy,1st year,post graduate,yes,yes
1337,22,male,diploma,4th year,post graduate,yes,no
1338,19,male,b.com,1st year,high school,yes,no
1339,23,female,bba,2nd year,graduate,yes,yes
1340,20,male,ba,3rd year,phd,no,yes
1341,21,other,bba,1st year,high school,yes,yes
1342,18,male,diploma,4th year,graduate,no,no
1343,17,other,b.com,4th year,phd,yes,no
1344,21,other,b.tech,1st year,post graduate,yes,yes
1345,18,other,bca,1st year,no formal,no,no
1346,24,male,pharmacy,4th year,post graduate,yes,no
1347,23,male,nursing,2nd year,no formal,no,yes
1348,22,other,b.tech,1st year,high school,yes,yes
1349,22,female,bca,4th year,phd,yes,no
1350,21,other,bba,2nd year,no formal,no,yes
1351,17,male,ba,2nd year,no formal,yes,no
1352,20,female,diploma,3rd year,phd,yes,yes
1353,20,male,ba,3rd year,post graduate,no,no
1354,24,female,pharmacy,4th year,high school,yes,no
1355,18,male,pharmacy,4th year,high school,yes,no
1356,20,other,bca,4th year,phd,yes,no
1357,19,female,bba,4th year,post graduate,no,yes
1358,18,male,bca,3rd year,high school,yes,yes
1359,17,female,pharmacy,3rd year,no formal,yes,no
1360,19,female,b.com,2nd year,graduate,no,no
1361,17,other,nursing,3rd year,high school,yes,yes
1362,17,female,bca,1st year,graduate,yes,no
1363,19,female,b.tech,2nd year,no formal,yes,no
1364,18,other,diploma,2nd year,graduate,yes,yes
1365,21,female,b.sc,3rd year,high school,yes,no
1366,17,other,bba,4th year,phd,yes,no
1367,19,other,pharmacy,2nd year,high school,yes,yes
1368,20,other,nursing,3rd year,high school,yes,yes
1369,24,other,diploma,2nd year,high school,yes,yes
1370,22,other,b.tech,2nd year,post graduate,no,no
1371,24,female,nursing,3rd year,post graduate,yes,yes
1372,19,female,ba,1st year,high school,yes,yes
1373,20,male,b.tech,4th year,post graduate,yes,yes
1374,20,other,pharmacy,1st year,no formal,yes,yes
1375,24,other,b.sc,1st year,no formal,yes,yes
1376,24,other,b.com,4th year,high school,yes,yes
1377,24,other,b.sc,1st year,post graduate,yes,no
1378,23,female,bca,2nd year,graduate,no,yes
1379,21,male,nursing,2nd year,graduate,yes,yes
1380,21,other,bba,4th year,post graduate,yes,no
1381,24,other,nursing,1st year,no formal,yes,yes
1382,19,other,pharmacy,2nd year,high school,yes,no
1383,19,female,nursing,2nd year,post graduate,yes,no
1384,24,female,b.sc,4th year,phd,yes,yes
1385,20,male,b.sc,3rd year,no formal,yes,yes
1386,18,male,b.com,1st year,high school,yes,yes
1387,21,other,bca,4th year,phd,yes,no
1388,19,male,nursing,1st year,phd,yes,yes
1389,24,male,b.com,3rd year,high school,yes,yes
1390,24,other,bca,2nd year,no formal,yes,no
1391,19,female,b.sc,1st year,graduate,yes,no
1392,21,male,bba,1st year,post graduate,no,no
1393,24,female,nursing,4th year,high school,yes,yes
1394,22,female,ba,4th year,high school,yes,no
1395,18,male,b.sc,3rd year,post graduate,no,yes
1396,21,female,ba,4th year,graduate,yes,no
1397,21,female,diploma,4th year,high school,yes,no
1398,22,other,pharmacy,2nd year,phd,yes,no
1399,17,male,bca,4th year,phd,yes,no
1400,19,other,diploma,3rd year,post graduate,yes,yes
1401,23,male,ba,1st year,phd,no,yes
1402,18,other,pharmacy,3rd year,high school,yes,no
1403,19,other,nursing,1st year,no formal,no,no
1404,19,female,pharmacy,3rd year,post graduate,yes,yes
1405,18,male,nursing,2nd year,graduate,yes,yes
1406,18,male,bba,1st year,graduate,yes,yes
1407,19,female,pharmacy,3rd year,high school,yes,no
1408,23,other,bca,2nd year,no formal,yes,yes
1409,17,other,bca,2nd year,no formal,yes,no
1410,19,male,bca,1st year,post graduate,no,yes
1411,17,male,b.sc,1st year,high school,no,no
1412,21,female,nursing,4th year,phd,yes,yes
1413,19,female,ba,3rd year,graduate,yes,yes
1414,23,other,bca,2nd year,no formal,no,no
1415,21,other,nursing,3rd year,post graduate,yes,no
1416,23,female,b.sc,3rd year,post graduate,no,yes
1417,22,female,b.com,1st year,no formal,yes,no
1418,20,female,pharmacy,4th year,phd,yes,no
1419,23,female,ba,3rd year,post graduate,yes,no
1420,20,other,bca,2nd year,graduate,yes,yes
1421,24,male,bca,2nd year,no formal,yes,yes
1422,24,other,nursing,1st year,graduate,yes,yes
1423,21,other,bba,2nd year,phd,no,no
1424,22,female,ba,2nd year,high school,yes,yes
1425,19,female,b.tech,1st year,phd,yes,no
1426,23,female,bba,3rd year,no formal,yes,no
1427,22,other,bca,2nd year,post graduate,yes,yes
1428,24,male,diploma,2nd year,high school,no,yes
1429,19,female,nursing,3rd year,no formal,yes,yes
1430,23,female,diploma,1st year,post graduate,yes,yes
1431,20,other,bba,1st year,graduate,yes,yes
1432,18,male,b.tech,1st year,high school,yes,yes
1433,18,male,b.com,3rd year,high school,yes,no
1434,21,female,ba,3rd year,graduate,yes,no
1435,19,female,pharmacy,1st year,no formal,no,yes
1436,17,other,diploma,3rd year,graduate,no,yes
1437,20,male,pharmacy,4th year,no formal,no,no
1438,22,male,pharmacy,1st year,high school,yes,no
1439,19,female,b.sc,1st year,graduate,yes,yes
1440,24,female,b.tech,4th year,post graduate,no,yes
1441,23,male,bca,2nd year,high school,yes,yes
1442,21,male,b.com,2nd year,post graduate,no,yes
1443,24,female,nursing,3rd year,phd,yes,no
1444,20,male,bba,1st year,graduate,yes,yes
1445,18,other,b.tech,2nd year,post graduate,yes,yes
1446,17,male,b.com,2nd year,graduate,yes,yes
1447,24,other,ba,4th year,high school,yes,no
1448,24,male,b.tech,3rd year,high school,no,yes
1449,22,female,b.com,2nd year,high school,yes,yes
1450,17,other,bba,3rd year,graduate,yes,yes
1451,19,female,pharmacy,2nd year,no formal,no,no
1452,17,other,bca,2nd year,post graduate,no,no
1453,17,male,b.tech,3rd year,no formal,yes,no
1454,18,other,ba,2nd year,post graduate,yes,no
1455,21,male,diploma,3rd year,graduate,yes,no
1456,17,female,ba,2nd year,post graduate,no,yes
1457,24,male,bca,3rd year,no formal,yes,no
1458,20,other,pharmacy,2nd year,high school,yes,no
1459,19,male,b.sc,4th year,high school,yes,yes
1460,21,other,bba,2nd year,post graduate,yes,yes
1461,23,female,bca,1st year,high school,yes,yes
1462,19,female,nursing,2nd year,high school,no,no
1463,17,female,nursing,1st year,no formal,no,no
1464,17,male,b.com,2nd year,high school,no,no
1465,23,male,bba,4th year,phd,yes,yes
1466,17,other,nursing,1st year,no formal,yes,yes
1467,22,other,nursing,1st year,phd,yes,yes
1468,20,other,nursing,2nd year,phd,no,yes
1469,23,female,diploma,2nd year,phd,yes,yes
1470,17,male,b.com,1st year,post graduate,yes,yes
1471,24,female,ba,3rd year,post graduate,yes,no
1472,22,female,bca,3rd year,phd,yes,no
1473,20,female,b.com,3rd year,post graduate,yes,yes
1474,18,female,diploma,2nd year,graduate,yes,yes
1475,24,other,bba,4th year,graduate,yes,yes
1476,19,female,ba,3rd year,phd,yes,yes
1477,20,male,ba,4th year,high school,yes,yes
1478,20,other,diploma,1st year,graduate,yes,yes
1479,18,female,bba,3rd year,no formal,yes,no
1480,20,female,b.com,2nd year,post graduate,yes,yes
1481,18,female,ba,1st year,no formal,yes,no
1482,17,other,bba,1st year,no formal,yes,no
1483,19,other,bca,1st year,high school,yes,yes
1484,17,other,pharmacy,1st year,post graduate,yes,yes
1485,20,female,ba,2nd year,phd,yes,no
1486,23,male,b.sc,4th year,graduate,yes,no
1487,18,female,pharmacy,2nd year,post graduate,yes,no
1488,17,other,b.sc,1st year,high school,yes,yes
1489,17,other,pharmacy,3rd year,no formal,yes,no
1490,21,other,b.sc,1st year,no formal,yes,yes
1491,19,other,ba,4th year,no formal,yes,yes
1492,20,female,pharmacy,2nd year,high school,yes,yes
1493,17,male,b.sc,1st year,post graduate,yes,yes
1494,19,female,b.sc,2nd year,no formal,yes,no
1495,20,male,bca,4th year,high school,yes,yes
1496,20,other,b.sc,4th year,post graduate,no,no
1497,21,other,b.tech,2nd year,no formal,yes,yes
1498,23,female,diploma,4th year,graduate,yes,yes
1499,20,female,pharmacy,1st year,high school,yes,yes
1500,23,male,diploma,2nd year,phd,yes,yes
1501,21,male,pharmacy,2nd year,graduate,yes,no
1502,19,male,bba,1st year,graduate,yes,yes
1503,18,male,bca,2nd year,phd,yes,yes
1504,19,male,pharmacy,2nd year,post graduate,no,yes
1505,21,other,bba,3rd year,graduate,no,yes
1506,18,other,b.tech,2nd year,post graduate,yes,yes
1507,24,female,b.com,1st year,graduate,no,yes
1508,20,male,bca,2nd year,post graduate,yes,no
1509,23,other,nursing,4th year,high school,yes,no
1510,22,female,bca,1st year,high school,yes,yes
1511,19,female,ba,4th year,phd,yes,yes
1512,18,female,b.com,1st year,graduate,yes,yes
1513,22,female,diploma,1st year,graduate,no,yes
1514,19,other,pharmacy,1st year,no formal,no,yes
1515,18,other,b.com,2nd year,high school,yes,no
1516,24,female,bba,2nd year,post graduate,yes,yes
1517,20,other,ba,4th year,graduate,yes,yes
1518,17,other,b.com,3rd year,high school,yes,yes
1519,20,male,ba,3rd year,no formal,yes,no
1520,20,other,b.tech,4th year,graduate,yes,no
1521,23,female,bba,1st year,high school,yes,no
1522,22,male,b.tech,1st year,phd,yes,yes
1523,18,other,bba,4th year,no formal,no,no
1524,18,other,pharmacy,4th year,post graduate,yes,no
1525,21,female,b.sc,1st year,high school,yes,no
1526,17,male,b.com,1st year,high school,yes,yes
1527,19,other,diploma,2nd year,post graduate,no,yes
1528,18,other,pharmacy,1st year,graduate,yes,no
1529,17,male,pharmacy,3rd year,no formal,yes,yes
1530,24,female,b.sc,3rd year,post graduate,no,no
1531,17,male,b.com,2nd year,no formal,yes,yes
1532,17,male,pharmacy,1st year,phd,yes,yes
1533,24,female,bba,2nd year,high school,yes,yes
1534,18,male,nursing,4th year,post graduate,yes,no
1535,23,female,b.tech,3rd year,high school,yes,yes
1536,17,female,b.sc,4th year,high school,no,yes
1537,18,female,b.sc,3rd year,no formal,yes,no
1538,17,other,b.tech,1st year,phd,yes,no
1539,22,male,pharmacy,1st year,graduate,yes,no
1540,21,other,nursing,1st year,no formal,no,yes
1541,20,male,ba,3rd year,no formal,yes,yes
1542,18,male,b.tech,1st year,high school,yes,yes
1543,17,female,b.tech,2nd year,graduate,yes,no
1544,21,male,b.com,4th year,no formal,no,yes
1545,18,male,diploma,1st year,high school,yes,no
1546,21,female,nursing,1st year,high school,yes,yes
1547,22,other,bba,2nd year,phd,yes,no
1548,23,female,pharmacy,4th year,graduate,no,yes
1549,20,other,pharmacy,4th year,no formal,yes,yes
1550,17,male,diploma,2nd year,high school,no,no
1551,19,male,b.tech,2nd year,phd,yes,yes
1552,23,female,pharmacy,3rd year,no formal,yes,yes
1553,21,other,pharmacy,4th year,no formal,yes,yes
1554,21,other,bca,1st year,no formal,yes,yes
1555,20,male,bca,4th year,no formal,yes,no
1556,18,female,nursing,4th year,phd,yes,no
1557,24,female,bca,2nd year,phd,yes,no
1558,23,other,ba,3rd year,post graduate,yes,no
1559,24,male,diploma,3rd year,no formal,yes,yes
1560,23,female,nursing,1st year,post graduate,yes,yes
1561,19,other,b.sc,2nd year,post graduate,yes,yes
1562,19,female,diploma,1st year,post graduate,no,no
1563,18,other,b.sc,1st year,post graduate,yes,yes
1564,24,female,bca,2nd year,post graduate,yes,yes
1565,21,female,b.tech,3rd year,graduate,yes,no
1566,20,male,pharmacy,3rd year,no formal,yes,no
1567,24,other,diploma,1st year,phd,yes,no
1568,21,male,bba,4th year,phd,yes,no
1569,24,other,bba,1st year,graduate,yes,yes
1570,24,other,bca,2nd year,graduate,no,no
1571,17,female,b.sc,3rd year,phd,yes,no
1572,19,other,bba,4th year,graduate,yes,yes
1573,22,other,diploma,4th year,high school,yes,yes
1574,23,other,b.com,1st year,phd,yes,yes
1575,18,male,bba,2nd year,phd,yes,yes
1576,19,male,b.com,4th year,high school,yes,yes
1577,21,male,b.sc,1st year,high school,no,no
1578,23,male,pharmacy,4th year,high school,yes,yes
1579,17,other,bca,3rd year,no formal,yes,no
1580,21,male,ba,3rd year,phd,yes,no
1581,19,male,ba,3rd year,phd,yes,yes
1582,18,other,diploma,4th year,graduate,yes,yes
1583,21,male,b.tech,3rd year,post graduate,yes,no
1584,20,other,bca,2nd year,graduate,yes,no
1585,22,other,b.com,3rd year,phd,yes,no
1586,19,female,pharmacy,3rd year,phd,yes,yes
1587,23,other,nursing,3rd year,post graduate,yes,yes
1588,17,other,diploma,1st year,phd,no,no
1589,23,male,b.sc,4th year,no formal,yes,no
1590,17,male,b.tech,2nd year,phd,yes,yes
1591,22,female,bba,3rd year,graduate,yes,no
1592,19,female,ba,3rd year,high school,yes,no
1593,20,other,diploma,1st year,phd,yes,yes
1594,17,male,diploma,4th year,phd,yes,yes
1595,22,male,ba,1st year,no formal,yes,no
1596,18,male,b.sc,4th year,post graduate,yes,yes
1597,22,male,b.com,4th year,phd,yes,no
1598,22,other,bba,3rd year,post graduate,yes,no
1599,23,female,b.com,4th year,graduate,yes,yes
1600,22,other,b.com,4th year,no formal,yes,no
1601,19,male,b.com,4th year,graduate,yes,no
1602,22,male,b.tech,4th year,graduate,yes,yes
1603,23,other,bca,4th year,phd,yes,yes
1604,19,male,pharmacy,4th year,high school,yes,no
1605,17,male,pharmacy,4th year,high school,yes,no
1606,24,female,pharmacy,1st year,phd,no,yes
1607,18,male,bca,2nd year,phd,yes,yes
1608,21,male,diploma,2nd year,graduate,no,no
1609,18,female,b.tech,4th year,graduate,no,no
1610,18,female,b.sc,2nd year,post graduate,yes,yes
1611,23,female,diploma,2nd year,no formal,no,yes
1612,18,female,pharmacy,4th year,high school,yes,no
1613,22,male,pharmacy,3rd year,graduate,yes,yes
1614,22,male,bca,3rd year,graduate,yes,yes
1615,17,female,b.tech,4th year,no formal,yes,yes
1616,18,male,pharmacy,4th year,graduate,no,yes
1617,23,female,b.com,3rd year,post graduate,yes,yes
1618,21,male,b.tech,4th year,phd,yes,yes
1619,17,female,diploma,1st year,post graduate,yes,yes
1620,24,other,b.sc,3rd year,post graduate,yes,yes
1621,19,female,b.com,1st year,graduate,yes,yes
1622,17,female,diploma,4th year,no formal,yes,yes
1623,24,female,pharmacy,1st year,high school,no,yes
1624,17,female,pharmacy,3rd year,graduate,yes,no
1625,21,other,b.sc,4th year,graduate,yes,yes
1626,24,male,b.sc,3rd year,high school,yes,yes
1627,21,male,nursing,1st year,post graduate,yes,yes
1628,21,other,b.com,2nd year,graduate,yes,yes
1629,20,female,b.tech,4th year,high school,yes,yes
1630,18,male,bca,4th year,graduate,yes,yes
1631,21,female,bca,4th year,post graduate,yes,no
1632,24,male,pharmacy,4th year,no formal,no,yes
1633,17,female,bba,2nd year,high school,yes,no
1634,24,other,nursing,4th year,high school,no,no
1635,20,male,bba,1st year,high school,yes,no
1636,21,other,pharmacy,2nd year,post graduate,yes,no
1637,18,male,bba,2nd year,high school,yes,no
1638,21,male,diploma,2nd year,graduate,yes,yes
1639,18,other,pharmacy,4th year,high school,yes,yes
1640,19,female,nursing,4th year,no formal,yes,yes
1641,22,other,ba,4th year,phd,yes,no
1642,17,other,bba,4th year,graduate,yes,no
1643,20,other,bca,1st year,high school,yes,yes
1644,21,male,b.sc,4th year,graduate,yes,yes
1645,18,male,b.com,4th year,phd,yes,yes
1646,19,male,diploma,3rd year,no formal,yes,no
1647,19,female,b.tech,1st year,phd,no,yes
1648,22,female,bca,3rd year,no formal,no,no
1649,24,other,bba,3rd year,phd,yes,no
1650,23,male,bba,1st year,high school,yes,no
1651,18,male,nursing,1st year,high school,yes,no
1652,17,female,b.com,4th year,post graduate,yes,yes
1653,17,female,nursing,1st year,no formal,yes,yes
1654,21,other,nursing,2nd year,no formal,yes,no
1655,18,male,pharmacy,3rd year,graduate,yes,yes
1656,18,female,nursing,4th year,phd,no,no
1657,23,other,bba,2nd year,high school,no,yes
1658,23,female,ba,1st year,graduate,yes,yes
1659,23,other,nursing,4th year,high school,yes,no
1660,19,female,pharmacy,4th year,post graduate,no,no
1661,21,male,b.com,4th year,phd,yes,yes
1662,21,other,ba,2nd year,phd,yes,yes
1663,18,female,bba,3rd year,high school,no,yes
1664,21,male,b.tech,1st year,high school,yes,no
1665,21,male,b.com,3rd year,phd,yes,no
1666,20,male,b.sc,3rd year,graduate,yes,no
1667,23,male,diploma,3rd year,high school,yes,yes
1668,22,other,bba,3rd year,high school,yes,yes
1669,21,female,bca,4th year,no formal,no,yes
1670,22,male,b.tech,4th year,no formal,yes,no
1671,23,male,bca,1st year,high school,yes,yes
1672,21,male,diploma,3rd year,post graduate,yes,no
1673,19,other,diploma,3rd year,post graduate,yes,no
1674,23,female,nursing,3rd year,no formal,yes,yes
1675,22,male,b.sc,3rd year,no formal,yes,yes
1676,24,other,bba,1st year,phd,no,yes
1677,18,other,bba,2nd year,post graduate,yes,yes
1678,20,male,pharmacy,4th year,post graduate,yes,no
1679,24,other,diploma,1st year,phd,no,no
1680,21,other,pharmacy,4th year,post graduate,no,yes
1681,24,male,b.tech,1st year,high school,no,yes
1682,17,other,bba,4th year,graduate,yes,yes
1683,17,female,diploma,1st year,post graduate,yes,yes
1684,23,female,b.tech,1st year,phd,yes,yes
1685,19,male,bca,3rd year,graduate,yes,yes
1686,21,male,b.com,4th year,no formal,yes,yes
1687,20,other,b.tech,1st year,post graduate,no,yes
1688,20,other,bca,2nd year,post graduate,no,yes
1689,24,male,ba,2nd year,phd,yes,yes
1690,17,male,ba,4th year,no formal,no,no
1691,23,female,b.com,2nd year,phd,yes,yes
1692,24,other,diploma,1st year,no formal,yes,yes
1693,22,other,bca,4th year,post graduate,yes,no
1694,20,other,diploma,1st year,high school,yes,yes
1695,18,female,nursing,2nd year,no formal,yes,no
1696,22,male,bca,1st year,high school,yes,yes
1697,20,other,b.tech,2nd year,graduate,no,yes
1698,18,other,b.sc,4th year,no formal,yes,yes
1699,19,female,pharmacy,1st year,graduate,yes,yes
1700,24,female,b.com,3rd year,post graduate,yes,yes
1701,19,male,ba,3rd year,phd,yes,yes
1702,18,female,ba,3rd year,graduate,yes,yes
1703,22,male,pharmacy,1st year,post graduate,yes,yes
1704,18,female,nursing,2nd year,phd,yes,yes
1705,24,male,bba,1st year,no formal,yes,yes
1706,23,female,diploma,4th year,post graduate,yes,no
1707,24,male,bba,4th year,phd,yes,yes
1708,24,other,bca,2nd year,phd,no,yes
1709,18,female,pharmacy,3rd year,phd,yes,no
1710,18,other,diploma,1st year,phd,yes,yes
1711,19,male,b.sc,4th year,graduate,yes,no
1712,20,male,bba,4th year,phd,no,no
1713,24,male,nursing,1st year,high school,yes,yes
1714,22,female,b.tech,3rd year,no formal,yes,no
1715,22,male,ba,1st year,no formal,yes,no
1716,24,other,b.sc,3rd year,no formal,yes,no
1717,22,other,diploma,3rd year,post graduate,yes,yes
1718,20,other,b.sc,2nd year,graduate,yes,yes
1719,20,male,bca,2nd year,phd,no,yes
1720,21,female,b.tech,3rd year,high school,yes,yes
1721,17,female,pharmacy,1st year,post graduate,yes,yes
1722,22,female,b.com,1st year,phd,yes,yes
1723,22,female,ba,2nd year,high school,yes,yes
1724,22,other,nursing,2nd year,graduate,yes,no
1725,21,other,ba,2nd year,graduate,no,no
1726,23,male,b.sc,2nd year,phd,yes,yes
1727,24,male,pharmacy,1st year,high school,yes,yes
1728,21,male,b.sc,3rd year,high school,yes,yes
1729,20,female,bba,4th year,post graduate,yes,yes
1730,17,female,b.sc,2nd year,phd,no,yes
1731,23,other,diploma,3rd year,no formal,yes,no
1732,24,male,b.com,1st year,no formal,yes,yes
1733,22,male,pharmacy,2nd year,phd,no,no
1734,23,male,b.sc,2nd year,graduate,yes,no
1735,23,male,diploma,4th year,graduate,no,yes
1736,23,male,b.tech,2nd year,phd,yes,yes
1737,21,male,b.sc,3rd year,high school,yes,yes
1738,17,other,b.com,1st year,graduate,yes,yes
1739,17,other,nursing,4th year,phd,yes,yes
1740,18,other,pharmacy,3rd year,post graduate,yes,yes
1741,20,female,bca,1st year,post graduate,yes,yes
1742,22,female,ba,2nd year,high school,yes,no
1743,20,other,b.com,3rd year,post graduate,yes,yes
1744,17,male,b.sc,2nd year,phd,yes,yes
1745,18,female,ba,4th year,phd,yes,yes
1746,24,other,bba,3rd year,post graduate,yes,yes
1747,24,female,diploma,3rd year,phd,no,yes
1748,20,male,b.com,2nd year,phd,yes,no
1749,23,female,b.tech,4th year,post graduate,yes,yes
1750,22,other,bca,3rd year,graduate,yes,no
1751,24,male,b.com,3rd year,graduate,yes,no
1752,24,female,ba,3rd year,post graduate,yes,yes
1753,22,male,diploma,3rd year,phd,yes,no
1754,20,male,pharmacy,4th year,graduate,yes,no
1755,22,other,bba,1st year,post graduate,yes,yes
1756,19,female,pharmacy,3rd year,graduate,no,yes
1757,19,male,b.com,1st year,post graduate,yes,yes
1758,21,female,diploma,2nd year,post graduate,yes,no
1759,21,male,pharmacy,2nd year,no formal,yes,yes
1760,21,other,b.sc,1st year,no formal,yes,yes
1761,20,other,diploma,3rd year,no formal,yes,yes
1762,20,male,bba,2nd year,post graduate,yes,yes
1763,17,male,nursing,2nd year,phd,yes,no
1764,21,other,b.com,4th year,high school,yes,no
1765,21,other,pharmacy,2nd year,no formal,no,no
1766,24,other,nursing,1st year,no formal,yes,yes
1767,21,other,diploma,4th year,graduate,no,yes
1768,20,other,b.tech,1st year,post graduate,no,no
1769,17,female,b.tech,4th year,high school,yes,yes
1770,18,other,bca,3rd year,post graduate,yes,yes
1771,19,other,bba,2nd year,no formal,no,no
1772,20,male,b.com,3rd year,post graduate,yes,yes
1773,19,male,nursing,4th year,high school,yes,yes
1774,20,female,bba,4th year,phd,yes,yes
1775,23,other,bba,2nd year,post graduate,yes,yes
1776,18,other,b.com,1st year,graduate,no,no
1777,19,male,pharmacy,1st year,phd,yes,yes
1778,18,female,ba,4th year,phd,yes,yes
1779,19,other,b.com,3rd year,no formal,yes,yes
1780,22,male,diploma,3rd year,graduate,yes,yes
1781,17,other,b.tech,3rd year,post graduate,yes,no
1782,19,male,bca,4th year,high school,yes,yes
1783,17,male,bca,3rd year,phd,yes,yes
1784,24,male,b.com,2nd year,post graduate,no,no
1785,22,other,diploma,1st year,post graduate,yes,yes
1786,18,other,b.tech,2nd year,no formal,yes,no
1787,18,male,pharmacy,4th year,phd,no,yes
1788,17,female,nursing,1st year,phd,yes,yes
1789,20,male,b.sc,1st year,phd,yes,yes
1790,23,other,bba,4th year,graduate,yes,yes
1791,21,other,b.sc,3rd year,phd,yes,yes
1792,24,other,bca,1st year,no formal,no,yes
1793,19,female,ba,1st year,high school,no,no
1794,19,male,bba,1st year,post graduate,yes,no
1795,20,male,pharmacy,1st year,post graduate,no,no
1796,18,other,bca,2nd year,no formal,yes,no
1797,24,female,nursing,4th year,high school,yes,yes
1798,18,male,bca,4th year,no formal,no,yes
1799,20,other,bba,2nd year,no formal,yes,no
1800,21,male,b.tech,2nd year,no formal,yes,yes
1801,17,other,b.tech,4th year,phd,no,no
1802,20,male,bba,2nd year,phd,yes,yes
1803,20,female,bba,1st year,post graduate,yes,yes
1804,19,male,bba,3rd year,no formal,yes,no
1805,18,other,nursing,2nd year,post graduate,yes,yes
1806,17,female,b.tech,4th year,graduate,no,yes
1807,17,female,bca,4th year,post graduate,yes,no
1808,20,female,diploma,4th year,graduate,yes,yes
1809,17,other,bca,4th year,no formal,no,yes
1810,24,male,b.com,3rd year,phd,yes,no
1811,18,male,ba,3rd year,phd,yes,yes
1812,22,male,b.tech,1st year,phd,no,yes
1813,22,other,b.sc,1st year,post graduate,no,yes
1814,20,other,nursing,1st year,phd,yes,no
1815,24,female,bca,4th year,no formal,no,yes
1816,17,male,nursing,2nd year,graduate,yes,no
1817,18,other,diploma,3rd year,high school,yes,yes
1818,19,other,b.com,2nd year,graduate,yes,yes
1819,18,other,nursing,4th year,no formal,yes,yes
1820,19,other,diploma,2nd year,phd,no,no
1821,19,male,b.sc,4th year,high school,yes,yes
1822,23,other,b.tech,3rd year,no formal,yes,no
1823,19,female,diploma,1st year,no formal,yes,yes
1824,24,female,diploma,2nd year,no formal,yes,no
1825,23,male,b.tech,2nd year,post graduate,yes,no
1826,24,female,bba,3rd year,phd,yes,yes
1827,17,other,pharmacy,2nd year,no formal,yes,yes
1828,24,female,nursing,1st year,no formal,yes,yes
1829,21,other,nursing,4th year,phd,yes,no
1830,24,other,ba,4th year,high school,yes,no
1831,19,male,b.sc,2nd year,no formal,no,no
1832,24,other,ba,4th year,no formal,no,yes
1833,21,other,diploma,1st year,post graduate,yes,no
1834,17,female,nursing,2nd year,no formal,yes,no
1835,20,female,bca,1st year,graduate,yes,yes
1836,18,female,b.tech,2nd year,phd,yes,yes
1837,24,other,bca,3rd year,graduate,yes,yes
1838,19,other,b.sc,4th year,no formal,yes,yes
1839,18,male,bca,4th year,post graduate,yes,no
1840,21,male,ba,4th year,graduate,no,no
1841,20,male,bba,3rd year,high school,yes,no
1842,17,female,bca,2nd year,high school,yes,yes
1843,23,other,bca,4th year,post graduate,yes,no
1844,23,female,b.tech,1st year,graduate,yes,no
1845,22,male,pharmacy,4th year,graduate,yes,yes
1846,21,other,bca,4th year,post graduate,no,no
1847,20,female,bba,1st year,high school,yes,yes
1848,21,female,ba,3rd year,post graduate,yes,yes
1849,21,other,b.tech,4th year,no formal,yes,no
1850,18,male,bca,3rd year,graduate,yes,yes
1851,17,female,ba,4th year,graduate,yes,no
1852,19,male,pharmacy,2nd year,graduate,no,yes
1853,20,female,bca,3rd year,high school,yes,yes
1854,18,female,ba,4th year,no formal,yes,no
1855,17,female,b.tech,1st year,phd,yes,yes
1856,23,other,bba,3rd year,graduate,yes,yes
1857,19,male,nursing,4th year,post graduate,yes,yes
1858,21,other,bba,2nd year,phd,yes,yes
1859,21,other,bca,4th year,graduate,yes,yes
1860,22,female,b.sc,3rd year,phd,yes,no
1861,22,male,ba,2nd year,graduate,yes,yes
1862,19,male,nursing,2nd year,no formal,no,no
1863,23,female,ba,2nd year,phd,yes,no
1864,19,other,nursing,2nd year,phd,yes,yes
1865,23,female,ba,3rd year,graduate,yes,yes
1866,20,other,nursing,3rd year,phd,no,yes
1867,17,male,bca,2nd year,post graduate,no,no
1868,23,female,pharmacy,3rd year,phd,yes,yes
1869,17,other,bba,3rd year,no formal,yes,yes
1870,23,female,bba,4th year,phd,yes,no
1871,17,other,ba,4th year,high school,yes,yes
1872,18,male,bca,3rd year,phd,yes,yes
1873,21,other,pharmacy,1st year,phd,yes,no
1874,24,other,b.sc,2nd year,no formal,no,yes
1875,20,female,pharmacy,2nd year,post graduate,yes,no
1876,17,female,pharmacy,2nd year,high school,yes,no
1877,18,other,diploma,4th year,high school,yes,yes
1878,24,female,bca,3rd year,phd,yes,no
1879,22,male,nursing,4th year,graduate,yes,no
1880,17,other,b.com,1st year,graduate,yes,yes
1881,20,male,bca,3rd year,high school,yes,no
1882,19,female,nursing,3rd year,post graduate,yes,yes
1883,18,male,nursing,4th year,high school,yes,yes
1884,23,other,bca,2nd year,high school,yes,no
1885,21,other,ba,3rd year,post graduate,no,yes
1886,18,female,pharmacy,2nd year,high school,yes,no
1887,22,female,diploma,3rd year,post graduate,yes,yes
1888,20,female,diploma,1st year,phd,yes,no
1889,17,female,bca,3rd year,post graduate,yes,no
1890,20,other,nursing,2nd year,high school,no,no
1891,18,male,bba,4th year,no formal,yes,yes
1892,18,other,bba,1st year,graduate,no,yes
1893,24,female,nursing,1st year,graduate,yes,no
1894,22,other,bba,3rd year,high school,yes,yes
1895,18,female,b.com,2nd year,high school,no,no
1896,23,other,diploma,2nd year,phd,yes,yes
1897,21,female,ba,4th year,no formal,yes,no
1898,23,female,b.tech,4th year,high school,yes,yes
1899,22,male,ba,1st year,high school,no,no
1900,19,male,b.tech,3rd year,phd,yes,no
1901,21,male,nursing,3rd year,high school,no,yes
1902,21,female,pharmacy,4th year,high school,yes,yes
1903,22,other,b.com,1st year,high school,yes,yes
1904,18,other,pharmacy,4th year,phd,yes,yes
1905,19,other,diploma,3rd year,high school,yes,yes
1906,18,female,pharmacy,4th year,high school,yes,yes
1907,19,female,b.sc,3rd year,high school,yes,yes
1908,18,other,b.tech,4th year,phd,yes,no
1909,17,male,pharmacy,1st year,post graduate,yes,no
1910,24,other,b.com,1st year,graduate,yes,yes
1911,17,other,bca,3rd year,high school,no,no
1912,24,other,pharmacy,2nd year,no formal,yes,yes
1913,17,male,ba,1st year,no formal,no,yes
1914,23,other,b.tech,3rd year,high school,yes,yes
1915,19,female,nursing,4th year,post graduate,no,no
1916,21,female,bba,3rd year,post graduate,yes,yes
1917,19,male,b.tech,3rd year,post graduate,yes,yes
1918,20,female,ba,3rd year,post graduate,yes,yes
1919,20,female,bba,2nd year,graduate,no,no
1920,21,other,nursing,3rd year,high school,yes,no
1921,20,female,b.com,4th year,post graduate,no,yes
1922,21,male,bba,1st year,no formal,yes,no
1923,23,other,b.sc,2nd year,no formal,no,yes
1924,20,male,b.com,1st year,phd,no,no
1925,19,other,b.com,4th year,graduate,no,no
1926,18,other,bba,3rd year,post graduate,yes,yes
1927,19,male,bca,3rd year,phd,no,yes
1928,18,other,b.sc,3rd year,post graduate,yes,yes
1929,18,other,b.tech,3rd year,post graduate,yes,no
1930,24,female,diploma,4th year,graduate,no,yes
1931,17,other,b.com,1st year,high school,yes,yes
1932,20,male,bca,3rd year,high school,no,no
1933,23,female,b.tech,4th year,phd,yes,yes
1934,24,female,bca,1st year,high school,yes,no
1935,18,female,pharmacy,3rd year,phd,yes,no
1936,18,other,ba,1st year,no formal,yes,no
1937,19,other,bca,1st year,high school,yes,yes
1938,21,female,b.com,2nd year,phd,yes,yes
1939,24,female,b.com,4th year,graduate,yes,no
1940,18,female,b.tech,2nd year,high school,yes,yes
1941,18,male,bba,2nd year,no formal,yes,no
1942,19,female,pharmacy,4th year,graduate,yes,yes
1943,23,male,b.sc,4th year,phd,yes,no
1944,17,other,ba,3rd year,high school,yes,yes
1945,20,other,nursing,1st year,graduate,yes,no
1946,17,other,bba,4th year,high school,yes,yes
1947,18,other,diploma,2nd year,phd,yes,yes
1948,24,female,ba,3rd year,post graduate,yes,yes
1949,17,female,bca,3rd year,post graduate,yes,yes
1950,19,female,pharmacy,2nd year,post graduate,no,yes
1951,24,female,bca,3rd year,graduate,yes,yes
1952,21,male,nursing,3rd year,phd,yes,no
1953,17,other,diploma,1st year,post graduate,yes,no
1954,20,female,b.tech,1st year,no formal,yes,no
1955,24,other,b.sc,4th year,high school,yes,yes
1956,20,male,bca,1st year,phd,yes,yes
1957,21,female,ba,2nd year,high school,yes,yes
1958,21,female,bba,2nd year,phd,yes,yes
1959,22,other,bba,2nd year,phd,yes,no
1960,18,female,nursing,2nd year,phd,yes,yes
1961,23,male,pharmacy,4th year,post graduate,yes,yes
1962,24,female,pharmacy,1st year,no formal,yes,no
1963,18,other,b.tech,4th year,no formal,yes,no
1964,23,male,diploma,3rd year,graduate,yes,yes
1965,23,female,diploma,4th year,high school,yes,yes
1966,22,male,nursing,3rd year,phd,yes,yes
1967,19,other,ba,4th year,phd,yes,yes
1968,20,male,bba,1st year,post graduate,yes,no
1969,23,female,bba,3rd year,phd,yes,yes
1970,18,other,ba,3rd year,no formal,yes,no
1971,23,other,b.com,4th year,post graduate,yes,yes
1972,24,male,bca,1st year,phd,yes,no
1973,22,male,b.tech,3rd year,phd,yes,yes
1974,19,male,diploma,3rd year,phd,yes,no
1975,21,female,nursing,1st year,phd,no,no
1976,17,other,b.com,3rd year,post graduate,yes,yes
1977,24,male,b.sc,2nd year,no formal,no,yes
1978,19,male,bba,2nd year,graduate,no,no
1979,17,female,nursing,3rd year,phd,yes,yes
1980,23,other,b.sc,3rd year,post graduate,no,no
1981,22,female,ba,3rd year,high school,yes,no
1982,21,female,b.sc,2nd year,post graduate,no,yes
1983,17,other,nursing,4th year,no formal,no,yes
1984,23,other,nursing,1st year,high school,yes,yes
1985,22,female,b.tech,2nd year,post graduate,yes,yes
1986,23,female,b.sc,2nd year,post graduate,yes,no
1987,23,female,b.sc,2nd year,graduate,yes,yes
1988,18,male,nursing,2nd year,high school,yes,yes
1989,18,female,pharmacy,4th year,graduate,yes,yes
1990,24,other,ba,1st year,no formal,yes,yes
1991,21,male,b.sc,3rd year,phd,yes,no
1992,20,other,bca,2nd year,phd,yes,no
1993,19,female,pharmacy,1st year,post graduate,yes,no
1994,22,female,pharmacy,1st year,high school,yes,yes
1995,23,male,bba,2nd year,no formal,no,yes
1996,17,other,nursing,2nd year,no formal,yes,no
1997,21,male,pharmacy,2nd year,high school,yes,yes
1998,24,female,nursing,3rd year,phd,yes,no
1999,19,male,bba,2nd year,high school,yes,yes
2000,19,other,b.com,4th year,post graduate,yes,yes
2001,24,male,ba,2nd year,no formal,yes,yes
2002,17,other,ba,4th year,phd,yes,yes
2003,20,female,pharmacy,4th year,no formal,yes,no
2004,20,male,diploma,3rd year,high school,yes,yes
2005,23,other,nursing,1st year,no formal,yes,yes
2006,18,other,diploma,4th year,post graduate,yes,yes
2007,20,male,bba,4th year,no formal,yes,no
2008,18,other,nursing,3rd year,no formal,yes,yes
2009,23,other,bca,2nd year,high school,no,no
2010,22,other,diploma,3rd year,no formal,yes,yes
2011,20,female,b.com,3rd year,high school,no,yes
2012,20,male,b.com,4th year,high school,yes,no
2013,18,female,b.sc,3rd year,phd,yes,yes
2014,24,other,b.com,4th year,graduate,yes,yes
2015,22,female,pharmacy,4th year,graduate,yes,no
2016,19,female,pharmacy,4th year,post graduate,yes,yes
2017,20,other,b.sc,2nd year,no formal,yes,no
2018,22,female,bba,4th year,no formal,yes,yes
2019,22,male,pharmacy,4th year,no formal,yes,no
2020,20,other,diploma,2nd year,phd,yes,yes
2021,19,female,bca,1st year,post graduate,yes,yes
2022,22,female,bca,4th year,phd,no,yes
2023,22,female,b.com,3rd year,phd,yes,yes
2024,21,other,pharmacy,2nd year,no formal,yes,yes
2025,17,other,b.tech,3rd year,no formal,yes,no
2026,20,other,nursing,1st year,phd,yes,yes
2027,21,other,nursing,4th year,graduate,no,yes
2028,24,male,b.com,1st year,post graduate,no,yes
2029,21,other,bba,2nd year,high school,yes,yes
2030,19,other,nursing,3rd year,graduate,no,yes
2031,21,male,bba,3rd year,phd,no,yes
2032,18,female,b.com,1st year,graduate,yes,yes
2033,17,other,b.tech,3rd year,post graduate,yes,no
2034,22,female,ba,1st year,post graduate,yes,yes
2035,24,other,b.com,4th year,phd,yes,yes
2036,23,female,nursing,2nd year,high school,no,no
2037,21,male,nursing,2nd year,phd,no,yes
2038,17,male,b.com,3rd year,post graduate,yes,yes
2039,24,other,b.sc,1st year,phd,yes,yes
2040,20,other,b.com,1st year,high school,yes,yes
2041,19,female,ba,4th year,no formal,no,yes
2042,24,female,diploma,3rd year,no formal,yes,no
2043,22,female,b.sc,1st year,high school,yes,no
2044,22,other,pharmacy,3rd year,graduate,yes,yes
2045,19,other,diploma,4th year,high school,yes,yes
2046,24,other,b.sc,4th year,high school,yes,yes
2047,20,other,b.com,2nd year,phd,no,yes
2048,21,other,diploma,3rd year,post graduate,yes,yes
2049,23,female,bba,4th year,post graduate,yes,yes
2050,22,male,bba,2nd year,post graduate,yes,yes
2051,18,female,b.tech,4th year,phd,yes,yes
2052,19,other,ba,4th year,high school,yes,yes
2053,19,female,bca,2nd year,phd,yes,no
2054,24,male,diploma,4th year,phd,yes,no
2055,22,other,bba,1st year,high school,yes,no
2056,19,other,bba,2nd year,high school,yes,yes
2057,22,female,b.sc,2nd year,no formal,yes,yes
2058,22,female,nursing,1st year,post graduate,yes,yes
2059,20,male,diploma,3rd year,high school,no,yes
2060,20,other,diploma,3rd year,high school,yes,yes
2061,24,male,diploma,2nd year,post graduate,no,yes
2062,21,female,pharmacy,4th year,no formal,yes,yes
2063,18,female,nursing,1st year,no formal,yes,yes
2064,22,male,nursing,4th year,phd,yes,yes
2065,21,female,ba,3rd year,no formal,no,no
2066,21,other,b.tech,4th year,phd,yes,no
2067,22,other,b.tech,1st year,post graduate,yes,yes
2068,24,female,nursing,4th year,high school,yes,no
2069,19,male,pharmacy,1st year,graduate,no,yes
2070,20,other,bca,3rd year,high school,yes,no
2071,18,male,diploma,4th year,graduate,no,no
2072,22,other,b.tech,1st year,post graduate,yes,yes
2073,20,female,bca,1st year,phd,yes,yes
2074,19,female,bca,1st year,high school,yes,yes
2075,22,female,b.sc,1st year,graduate,yes,no
2076,20,female,diploma,1st year,phd,yes,yes
2077,20,male,ba,4th year,no formal,yes,no
2078,20,female,b.sc,1st year,no formal,yes,no
2079,19,female,diploma,4th year,post graduate,yes,yes
2080,18,other,ba,1st year,no formal,yes,yes
2081,23,female,bba,3rd year,phd,yes,yes
2082,17,other,bba,2nd year,no formal,yes,no
2083,19,male,bca,3rd year,post graduate,no,no
2084,22,male,ba,4th year,high school,yes,no
2085,18,male,nursing,1st year,phd,no,yes
2086,22,other,nursing,1st year,phd,yes,yes
2087,22,male,bba,1st year,post graduate,yes,no
2088,22,male,b.sc,4th year,post graduate,yes,yes
2089,19,other,b.com,3rd year,high school,yes,no
2090,17,female,diploma,4th year,no formal,yes,yes
2091,24,female,b.com,4th year,high school,yes,yes
2092,19,other,nursing,1st year,no formal,yes,yes
2093,23,other,bca,1st year,post graduate,yes,yes
2094,18,other,bba,1st year,high school,yes,yes
2095,18,female,b.sc,1st year,graduate,no,yes
2096,23,female,bba,2nd year,post graduate,no,yes
2097,24,male,diploma,1st year,post graduate,yes,yes
2098,23,female,b.sc,4th year,graduate,yes,yes
2099,23,other,nursing,2nd year,post graduate,yes,no
2100,18,male,b.sc,3rd year,no formal,no,yes
2101,24,other,ba,4th year,high school,yes,no
2102,22,male,bba,1st year,post graduate,no,yes
2103,18,male,diploma,2nd year,post graduate,yes,yes
2104,18,female,b.com,3rd year,post graduate,yes,no
2105,23,male,ba,4th year,phd,yes,no
2106,19,other,nursing,4th year,phd,yes,yes
2107,23,female,b.com,1st year,no formal,no,yes
2108,18,female,bca,2nd year,graduate,yes,yes
2109,19,female,ba,4th year,phd,yes,yes
2110,19,male,b.tech,3rd year,high school,no,yes
2111,19,other,bba,1st year,no formal,yes,no
2112,22,other,ba,2nd year,no formal,yes,no
2113,24,male,b.com,4th year,post graduate,yes,yes
2114,24,male,nursing,1st year,phd,yes,no
2115,22,male,diploma,2nd year,post graduate,yes,no
2116,18,male,b.com,4th year,no formal,yes,yes
2117,24,female,bba,3rd year,graduate,yes,no
2118,21,other,diploma,1st year,high school,yes,yes
2119,21,female,b.tech,2nd year,phd,no,yes
2120,22,male,b.tech,4th year,graduate,yes,yes
2121,23,male,bba,2nd year,high school,yes,yes
2122,24,female,pharmacy,3rd year,graduate,yes,no
2123,21,male,pharmacy,2nd year,post graduate,yes,no
2124,21,female,bba,1st year,graduate,no,yes
2125,22,male,diploma,2nd year,graduate,yes,no
2126,19,male,bba,3rd year,post graduate,yes,yes
2127,19,female,pharmacy,4th year,high school,yes,yes
2128,22,male,bca,1st year,no formal,yes,no
2129,17,female,pharmacy,4th year,phd,yes,yes
2130,19,male,ba,1st year,post graduate,yes,no
2131,22,male,pharmacy,3rd year,post graduate,no,yes
2132,24,female,diploma,2nd year,phd,yes,yes
2133,21,male,diploma,2nd year,post graduate,no,yes
2134,20,other,b.tech,4th year,no formal,no,no
2135,20,other,nursing,3rd year,phd,yes,yes
2136,22,female,b.sc,4th year,no formal,yes,yes
2137,21,male,pharmacy,1st year,post graduate,yes,yes
2138,17,female,b.sc,2nd year,phd,yes,yes
2139,21,female,nursing,1st year,graduate,yes,yes
2140,20,female,bca,2nd year,high school,yes,yes
2141,22,other,ba,2nd year,phd,yes,yes
2142,24,other,pharmacy,4th year,graduate,yes,yes
2143,24,female,ba,1st year,phd,yes,yes
2144,21,male,b.tech,3rd year,high school,yes,no
2145,19,male,b.tech,4th year,no formal,yes,yes
2146,20,other,nursing,1st year,graduate,yes,no
2147,18,female,ba,2nd year,high school,yes,yes
2148,24,male,nursing,2nd year,post graduate,yes,yes
2149,23,female,b.tech,1st year,high school,no,no
2150,23,other,b.tech,2nd year,post graduate,yes,yes
2151,19,female,pharmacy,2nd year,high school,no,no
2152,19,male,b.sc,2nd year,high school,yes,no
2153,23,other,diploma,1st year,post graduate,no,no
2154,21,male,ba,3rd year,high school,yes,no
2155,22,other,bba,2nd year,high school,no,no
2156,20,female,b.sc,3rd year,graduate,yes,yes
2157,20,male,b.com,2nd year,high school,no,no
2158,22,male,diploma,3rd year,high school,yes,no
2159,23,other,bba,3rd year,high school,yes,yes
2160,19,other,bba,2nd year,post graduate,yes,yes
2161,23,male,pharmacy,4th year,high school,yes,yes
2162,18,female,ba,3rd year,post graduate,no,yes
2163,20,other,nursing,3rd year,high school,no,yes
2164,24,other,diploma,3rd year,phd,yes,no
2165,24,other,bba,4th year,phd,yes,no
2166,24,male,b.com,4th year,no formal,yes,no
2167,19,female,ba,3rd year,no formal,yes,no
2168,23,other,nursing,1st year,no formal,yes,no
2169,24,male,b.com,1st year,no formal,yes,no
2170,24,male,bca,2nd year,post graduate,yes,no
2171,17,other,b.sc,3rd year,high school,yes,yes
2172,22,other,ba,2nd year,graduate,yes,yes
2173,24,male,pharmacy,4th year,high school,yes,no
2174,23,other,bba,2nd year,no formal,yes,yes
2175,18,female,nursing,3rd year,no formal,no,no
2176,23,female,b.com,3rd year,phd,yes,no
2177,17,female,diploma,2nd year,graduate,yes,no
2178,20,other,pharmacy,3rd year,post graduate,yes,no
2179,22,female,pharmacy,3rd year,no formal,yes,no
2180,20,female,ba,2nd year,graduate,yes,no
2181,22,other,diploma,4th year,post graduate,yes,no
2182,18,female,pharmacy,3rd year,post graduate,yes,no
2183,21,other,nursing,4th year,post graduate,yes,no
2184,22,male,pharmacy,3rd year,graduate,yes,no
2185,22,other,b.tech,4th year,post graduate,no,no
2186,19,other,bba,3rd year,high school,yes,yes
2187,19,other,nursing,3rd year,post graduate,yes,no
2188,19,female,diploma,4th year,high school,yes,yes
2189,20,female,b.sc,2nd year,post graduate,yes,no
2190,21,male,bca,4th year,graduate,yes,yes
2191,19,other,b.sc,3rd year,graduate,no,yes
2192,20,other,b.tech,3rd year,graduate,yes,yes
2193,19,male,b.sc,1st year,graduate,yes,yes
2194,18,male,pharmacy,1st year,post graduate,yes,no
2195,22,other,b.com,3rd year,high school,yes,no
2196,23,other,bba,4th year,graduate,yes,yes
2197,19,female,b.com,3rd year,graduate,no,yes
2198,23,male,pharmacy,2nd year,no formal,yes,yes
2199,21,other,pharmacy,4th year,phd,yes,no
2200,18,female,bca,3rd year,post graduate,yes,yes
2201,19,other,nursing,3rd year,no formal,yes,no
2202,17,other,b.tech,4th year,no formal,yes,yes
2203,17,female,pharmacy,4th year,phd,no,yes
2204,19,male,ba,2nd year,phd,yes,no
2205,20,other,ba,1st year,post graduate,yes,yes
2206,23,other,b.sc,2nd year,post graduate,no,yes
2207,18,other,nursing,1st year,phd,yes,yes
2208,23,female,b.sc,1st year,graduate,yes,no
2209,18,other,nursing,3rd year,no formal,no,no
2210,18,other,diploma,4th year,graduate,yes,yes
2211,22,male,diploma,3rd year,high school,no,no
2212,23,male,b.tech,2nd year,no formal,no,yes
2213,21,male,diploma,1st year,phd,yes,no
2214,17,other,pharmacy,4th year,post graduate,yes,yes
2215,17,male,ba,3rd year,phd,yes,yes
2216,20,female,bba,1st year,no formal,yes,no
2217,20,other,b.sc,2nd year,phd,no,yes
2218,24,female,bba,1st year,post graduate,no,yes
2219,19,male,diploma,2nd year,graduate,yes,no
2220,18,female,b.com,1st year,no formal,yes,yes
2221,24,male,diploma,1st year,post graduate,yes,yes
2222,18,female,b.tech,4th year,graduate,yes,no
2223,17,other,diploma,1st year,post graduate,yes,no
2224,20,female,bca,1st year,no formal,yes,yes
2225,20,other,b.com,1st year,post graduate,yes,no
2226,21,male,ba,4th year,no formal,yes,yes
2227,24,other,b.com,4th year,no formal,yes,no
2228,24,female,bca,3rd year,graduate,no,yes
2229,19,male,bca,4th year,no formal,no,no
2230,24,female,bca,4th year,post graduate,yes,no
2231,22,male,b.sc,2nd year,graduate,yes,no
2232,17,female,b.sc,2nd year,high school,no,no
2233,24,female,nursing,1st year,high school,yes,yes
2234,18,male,bba,3rd year,graduate,no,no
2235,21,other,ba,4th year,graduate,yes,yes
2236,23,female,b.com,1st year,post graduate,yes,no
2237,18,male,pharmacy,3rd year,graduate,yes,yes
2238,19,female,b.com,2nd year,graduate,yes,yes
2239,20,other,diploma,4th year,post graduate,yes,no
2240,24,other,diploma,3rd year,graduate,no,no
2241,18,female,b.com,2nd year,high school,yes,yes
2242,22,other,b.tech,1st year,high school,yes,yes
2243,20,male,b.com,3rd year,graduate,yes,no
2244,17,female,b.com,4th year,no formal,yes,yes
2245,22,male,diploma,1st year,high school,yes,yes
2246,23,other,bba,1st year,no formal,yes,yes
2247,21,other,ba,4th year,graduate,yes,yes
2248,18,male,bba,2nd year,phd,yes,no
2249,18,male,pharmacy,3rd year,phd,yes,yes
2250,20,other,pharmacy,3rd year,no formal,no,yes
2251,21,female,b.tech,2nd year,phd,no,yes
2252,21,male,nursing,2nd year,no formal,yes,no
2253,18,male,ba,3rd year,phd,yes,no
2254,21,female,diploma,1st year,high school,yes,yes
2255,19,male,pharmacy,1st year,no formal,yes,no
2256,22,male,bba,4th year,post graduate,yes,no
2257,23,male,bca,1st year,phd,yes,yes
2258,22,male,ba,1st year,high school,no,yes
2259,17,other,b.tech,3rd year,graduate,yes,yes
2260,24,other,b.tech,3rd year,post graduate,yes,no
2261,17,other,ba,2nd year,phd,yes,yes
2262,24,male,nursing,1st year,graduate,yes,yes
2263,17,male,ba,2nd year,post graduate,yes,yes
2264,21,male,ba,1st year,post graduate,yes,yes
2265,17,female,bba,3rd year,post graduate,no,no
2266,17,male,b.com,2nd year,phd,yes,no
2267,22,male,bba,4th year,phd,yes,yes
2268,22,other,bca,4th year,graduate,yes,no
2269,17,female,nursing,2nd year,high school,yes,no
2270,24,other,diploma,3rd year,phd,yes,yes
2271,19,male,nursing,3rd year,graduate,yes,no
2272,19,other,bba,2nd year,phd,yes,no
2273,19,other,diploma,3rd year,phd,no,no
2274,20,other,b.sc,1st year,no formal,yes,yes
2275,18,female,b.sc,4th year,no formal,yes,no
2276,20,other,pharmacy,4th year,graduate,yes,no
2277,18,female,bca,4th year,no formal,yes,no
2278,17,female,b.sc,1st year,post graduate,yes,no
2279,19,male,ba,4th year,no formal,no,no
2280,22,male,pharmacy,3rd year,phd,yes,yes
2281,23,other,b.tech,4th year,graduate,no,no
2282,19,male,ba,1st year,post graduate,yes,yes
2283,19,male,nursing,2nd year,graduate,yes,no
2284,23,male,pharmacy,1st year,post graduate,yes,yes
2285,22,female,ba,4th year,post graduate,yes,yes
2286,23,other,pharmacy,1st year,high school,yes,yes
2287,24,male,diploma,1st year,phd,yes,no
2288,23,male,ba,1st year,phd,yes,no
2289,24,other,nursing,4th year,high school,yes,yes
2290,20,male,nursing,3rd year,no formal,yes,yes
2291,20,female,b.com,1st year,graduate,yes,yes
2292,19,other,b.tech,2nd year,post graduate,yes,no
2293,18,female,nursing,2nd year,post graduate,yes,yes
2294,22,male,b.tech,4th year,high school,yes,yes
2295,22,other,nursing,1st year,graduate,yes,no
2296,23,male,ba,1st year,post graduate,no,yes
2297,18,male,diploma,3rd year,graduate,yes,no
2298,20,male,bca,2nd year,post graduate,yes,no
2299,18,female,b.tech,1st year,post graduate,yes,no
2300,24,other,b.tech,2nd year,no formal,yes,yes
2301,19,female,bca,2nd year,high school,yes,yes
2302,18,male,bba,1st year,post graduate,yes,yes
2303,21,female,b.tech,1st year,post graduate,yes,yes
2304,24,male,pharmacy,1st year,phd,yes,yes
2305,24,female,b.com,4th year,high school,yes,no
2306,17,male,nursing,1st year,no formal,yes,no
2307,19,other,b.sc,3rd year,high school,yes,no
2308,18,other,b.com,1st year,graduate,yes,no
2309,19,other,bba,4th year,no formal,no,yes
2310,21,male,bba,2nd year,no formal,yes,yes
2311,19,male,bca,4th year,no formal,yes,yes
2312,17,male,b.sc,1st year,no formal,yes,no
2313,21,other,b.com,2nd year,high school,yes,no
2314,17,other,b.com,2nd year,phd,yes,yes
2315,18,male,ba,1st year,high school,yes,yes
2316,17,other,pharmacy,2nd year,high school,yes,yes
2317,17,female,bba,2nd year,graduate,yes,yes
2318,20,male,pharmacy,2nd year,post graduate,yes,yes
2319,23,male,b.com,3rd year,high school,yes,yes
2320,23,male,b.com,1st year,no formal,yes,no
2321,17,other,b.tech,1st year,high school,yes,yes
2322,17,male,b.sc,2nd year,no formal,no,yes
2323,19,male,b.com,3rd year,no formal,yes,yes
2324,22,other,ba,2nd year,post graduate,yes,yes
2325,22,male,diploma,2nd year,no formal,yes,yes
2326,23,male,bba,4th year,high school,yes,no
2327,19,other,diploma,3rd year,high school,yes,yes
2328,18,other,b.tech,1st year,phd,yes,no
2329,17,female,pharmacy,2nd year,no formal,no,yes
2330,18,other,b.sc,1st year,no formal,yes,no
2331,17,other,b.tech,4th year,graduate,yes,yes
2332,23,female,ba,4th year,post graduate,yes,no
2333,19,other,bca,2nd year,graduate,yes,no
2334,23,male,b.com,2nd year,post graduate,yes,no
2335,21,male,b.sc,3rd year,phd,no,no
2336,21,other,nursing,1st year,post graduate,yes,yes
2337,20,male,nursing,4th year,graduate,yes,no
2338,23,other,diploma,4th year,post graduate,yes,yes
2339,17,female,b.sc,1st year,high school,yes,no
2340,17,other,bba,3rd year,high school,yes,no
2341,20,female,diploma,1st year,high school,yes,no
2342,20,male,ba,3rd year,post graduate,yes,yes
2343,21,female,b.sc,3rd year,phd,yes,yes
2344,22,other,nursing,1st year,graduate,yes,yes
2345,21,other,pharmacy,4th year,post graduate,yes,no
2346,19,other,b.sc,2nd year,post graduate,yes,no
2347,19,other,diploma,2nd year,high school,no,yes
2348,23,other,nursing,2nd year,no formal,yes,yes
2349,18,other,bba,4th year,post graduate,yes,yes
2350,21,female,b.tech,4th year,no formal,no,no
2351,21,female,diploma,4th year,no formal,no,yes
2352,23,female,pharmacy,2nd year,high school,yes,yes
2353,22,other,b.com,3rd year,post graduate,no,no
2354,20,female,b.sc,3rd year,high school,no,yes
2355,19,other,b.com,1st year,no formal,yes,no
2356,19,other,nursing,4th year,no formal,yes,yes
2357,20,male,bca,4th year,high school,yes,yes
2358,18,other,b.tech,4th year,no formal,yes,yes
2359,22,other,bca,2nd year,high school,no,yes
2360,18,female,nursing,1st year,no formal,yes,no
2361,22,male,b.sc,1st year,phd,yes,yes
2362,23,male,bca,3rd year,no formal,yes,yes
2363,24,other,b.com,4th year,no formal,yes,no
2364,17,male,b.tech,3rd year,no formal,yes,yes
2365,23,female,ba,3rd year,high school,yes,yes
2366,17,female,diploma,4th year,phd,yes,no
2367,19,male,diploma,4th year,graduate,yes,no
2368,18,other,b.tech,4th year,phd,yes,yes
2369,18,female,b.sc,2nd year,post graduate,yes,no
2370,18,male,bba,3rd year,graduate,yes,yes
2371,17,male,b.com,2nd year,phd,no,yes
2372,23,female,b.com,3rd year,no formal,yes,yes
2373,17,male,ba,1st year,no formal,yes,no
2374,20,other,diploma,1st year,high school,yes,no
2375,22,female,bca,1st year,phd,yes,no
2376,24,female,nursing,3rd year,phd,yes,yes
2377,23,female,b.tech,4th year,graduate,yes,yes
2378,18,male,bba,3rd year,phd,no,yes
2379,24,female,bba,3rd year,post graduate,yes,yes
2380,22,female,diploma,3rd year,high school,yes,yes
2381,18,male,bba,4th year,no formal,yes,yes
2382,20,female,pharmacy,3rd year,no formal,no,yes
2383,24,female,nursing,3rd year,phd,yes,no
2384,20,male,diploma,2nd year,high school,no,no
2385,18,other,ba,4th year,graduate,yes,no
2386,24,female,b.com,2nd year,high school,yes,no
2387,24,male,bba,4th year,no formal,yes,yes
2388,24,female,bba,4th year,no formal,yes,no
2389,24,male,b.tech,4th year,post graduate,no,no
2390,23,female,b.com,2nd year,post graduate,yes,no
2391,20,male,nursing,2nd year,high school,yes,no
2392,18,female,bba,4th year,no formal,yes,no
2393,21,male,pharmacy,4th year,graduate,no,yes
2394,18,male,b.com,3rd year,no formal,yes,yes
2395,20,male,pharmacy,4th year,high school,yes,yes
2396,22,male,nursing,2nd year,post graduate,yes,no
2397,24,female,ba,4th year,no formal,yes,yes
2398,19,male,bca,2nd year,post graduate,no,yes
2399,19,male,pharmacy,3rd year,phd,yes,yes
2400,22,male,bca,3rd year,no formal,yes,yes
2401,17,other,pharmacy,4th year,post graduate,yes,no
2402,21,other,b.tech,4th year,post graduate,yes,no
2403,22,male,b.sc,4th year,graduate,yes,yes
2404,21,male,b.tech,1st year,high school,yes,yes
2405,20,other,b.com,1st year,phd,yes,yes
2406,23,other,nursing,4th year,high school,yes,no
2407,19,other,pharmacy,1st year,high school,yes,yes
2408,22,male,bba,4th year,no formal,no,yes
2409,20,female,ba,3rd year,phd,no,yes
2410,17,male,pharmacy,2nd year,high school,yes,yes
2411,21,female,bca,1st year,no formal,yes,yes
2412,17,male,bba,1st year,no formal,yes,no
2413,24,male,b.tech,4th year,high school,yes,no
2414,21,female,b.sc,1st year,post graduate,yes,yes
2415,19,other,diploma,3rd year,post graduate,yes,yes
2416,20,female,diploma,1st year,phd,yes,no
2417,21,other,bba,2nd year,post graduate,yes,no
2418,19,other,diploma,1st year,no formal,no,no
2419,19,other,diploma,3rd year,phd,yes,yes
2420,20,male,b.tech,1st year,high school,yes,yes
2421,19,male,nursing,3rd year,phd,yes,no
2422,23,female,diploma,4th year,high school,yes,yes
2423,17,other,b.sc,3rd year,no formal,yes,yes
2424,23,other,b.sc,3rd year,high school,yes,yes
2425,19,other,pharmacy,4th year,graduate,no,yes
2426,21,male,b.com,4th year,phd,yes,yes
2427,18,female,b.tech,3rd year,graduate,no,no
2428,20,male,b.tech,3rd year,no formal,yes,yes
2429,23,male,b.com,2nd year,no formal,yes,yes
2430,19,male,bca,3rd year,post graduate,yes,yes
2431,18,other,bba,1st year,no formal,yes,no
2432,21,male,diploma,4th year,graduate,yes,no
2433,18,female,b.com,4th year,phd,yes,yes
2434,19,other,b.com,2nd year,phd,yes,yes
2435,20,other,ba,4th year,post graduate,yes,no
2436,21,female,nursing,3rd year,high school,yes,yes
2437,22,female,bba,4th year,graduate,no,yes
2438,22,female,diploma,4th year,no formal,yes,yes
2439,23,other,b.tech,3rd year,post graduate,yes,yes
2440,17,other,ba,4th year,no formal,no,no
2441,19,female,ba,2nd year,no formal,yes,yes
2442,17,female,b.tech,2nd year,post graduate,yes,yes
2443,17,female,b.com,1st year,graduate,yes,no
2444,18,female,b.com,4th year,graduate,yes,yes
2445,21,other,bba,2nd year,graduate,yes,no
2446,24,male,b.sc,3rd year,graduate,yes,yes
2447,23,other,b.com,1st year,graduate,yes,yes
2448,22,female,pharmacy,2nd year,no formal,yes,no
2449,23,male,b.sc,3rd year,graduate,yes,yes
2450,18,male,nursing,2nd year,no formal,no,yes
2451,23,female,bba,3rd year,no formal,yes,no
2452,24,male,b.tech,2nd year,graduate,yes,yes
2453,17,male,ba,3rd year,post graduate,yes,yes
2454,20,male,bba,2nd year,no formal,no,yes
2455,23,other,b.com,2nd year,high school,yes,no
2456,20,other,b.com,1st year,phd,yes,no
2457,23,male,diploma,3rd year,post graduate,yes,yes
2458,24,other,b.tech,1st year,phd,yes,yes
2459,20,female,pharmacy,3rd year,post graduate,yes,no
2460,17,other,b.com,4th year,no formal,yes,no
2461,19,male,ba,2nd year,high school,yes,no
2462,18,male,b.sc,4th year,graduate,yes,yes
2463,20,male,nursing,2nd year,post graduate,yes,no
2464,21,other,b.com,4th year,no formal,yes,no
2465,20,female,nursing,3rd year,phd,no,yes
2466,18,male,b.com,3rd year,phd,yes,yes
2467,19,other,b.tech,2nd year,no formal,no,yes
2468,22,other,ba,4th year,graduate,yes,no
2469,17,female,bba,3rd year,no formal,yes,no
2470,18,other,bba,2nd year,high school,yes,yes
2471,24,male,pharmacy,4th year,phd,yes,no
2472,17,female,bba,2nd year,post graduate,no,no
2473,20,other,nursing,4th year,high school,yes,no
2474,18,female,ba,2nd year,no formal,yes,no
2475,17,male,b.sc,4th year,phd,yes,yes
2476,20,other,bba,2nd year,high school,yes,yes
2477,21,other,bca,3rd year,post graduate,yes,yes
2478,18,other,ba,3rd year,high school,yes,no
2479,17,female,diploma,3rd year,post graduate,yes,no
2480,18,male,pharmacy,2nd year,high school,yes,yes
2481,22,male,b.tech,1st year,post graduate,yes,yes
2482,23,other,b.tech,4th year,no formal,no,yes
2483,18,other,b.com,1st year,post graduate,yes,yes
2484,19,male,bca,1st year,phd,yes,no
2485,19,female,b.tech,4th year,graduate,yes,yes
2486,19,female,b.sc,1st year,graduate,yes,no
2487,18,female,ba,4th year,post graduate,yes,yes
2488,17,female,ba,2nd year,phd,yes,yes
2489,21,other,nursing,3rd year,phd,yes,yes
2490,19,other,bba,1st year,no formal,yes,yes
2491,19,male,nursing,3rd year,high school,yes,no
2492,19,female,diploma,4th year,phd,no,no
2493,24,other,ba,3rd year,phd,yes,yes
2494,21,male,pharmacy,3rd year,post graduate,yes,yes
2495,20,other,nursing,3rd year,no formal,yes,no
2496,18,female,bba,2nd year,post graduate,no,no
2497,23,female,nursing,3rd year,phd,yes,yes
2498,24,male,b.com,3rd year,phd,no,no
2499,17,other,b.sc,1st year,post graduate,yes,yes
2500,24,female,nursing,2nd year,graduate,yes,yes
2501,22,female,nursing,3rd year,phd,yes,yes
2502,17,female,b.sc,1st year,post graduate,yes,yes
2503,23,male,diploma,2nd year,graduate,no,yes
2504,17,other,bba,2nd year,phd,yes,yes
2505,17,male,bca,3rd year,no formal,no,no
2506,17,male,nursing,2nd year,no formal,yes,yes
2507,20,other,b.sc,4th year,phd,yes,yes
2508,21,male,ba,3rd year,no formal,no,yes
2509,20,other,b.com,3rd year,phd,yes,no
2510,17,female,bca,4th year,phd,yes,yes
2511,18,other,b.sc,1st year,high school,yes,yes
2512,23,male,b.sc,2nd year,phd,yes,yes
2513,24,other,diploma,1st year,graduate,yes,yes
2514,23,male,b.tech,3rd year,graduate,no,no
2515,17,other,ba,2nd year,phd,no,yes
2516,23,female,pharmacy,3rd year,post graduate,no,yes
2517,22,male,pharmacy,4th year,phd,yes,yes
2518,21,female,b.sc,2nd year,phd,yes,no
2519,18,male,pharmacy,2nd year,post graduate,yes,yes
2520,24,male,ba,2nd year,graduate,yes,no
2521,20,other,b.sc,2nd year,no formal,yes,yes
2522,17,female,bba,2nd year,no formal,yes,yes
2523,18,other,bba,2nd year,high school,yes,yes
2524,20,other,ba,2nd year,graduate,yes,yes
2525,17,female,ba,2nd year,no formal,yes,yes
2526,19,female,b.tech,2nd year,high school,yes,yes
2527,20,male,b.com,2nd year,post graduate,no,no
2528,24,male,b.sc,2nd year,no formal,yes,yes
2529,17,other,pharmacy,3rd year,high school,yes,yes
2530,21,male,bba,2nd year,phd,yes,yes
2531,24,female,bba,1st year,high school,yes,no
2532,23,male,ba,4th year,post graduate,yes,no
2533,24,other,nursing,4th year,post graduate,no,yes
2534,18,female,nursing,2nd year,post graduate,yes,no
2535,23,female,diploma,3rd year,post graduate,yes,yes
2536,24,other,b.com,4th year,graduate,yes,no
2537,19,male,b.com,2nd year,phd,no,no
2538,20,male,pharmacy,1st year,high school,yes,no
2539,21,female,pharmacy,2nd year,high school,yes,yes
2540,20,male,b.com,2nd year,graduate,yes,no
2541,19,male,ba,2nd year,post graduate,yes,no
2542,24,male,b.com,3rd year,post graduate,yes,yes
2543,24,other,nursing,2nd year,phd,yes,no
2544,20,male,pharmacy,3rd year,graduate,yes,no
2545,23,male,nursing,1st year,post graduate,yes,yes
2546,20,other,nursing,4th year,no formal,no,no
2547,23,male,ba,2nd year,no formal,yes,no
2548,21,male,b.com,2nd year,phd,yes,no
2549,20,female,pharmacy,1st year,graduate,yes,no
2550,18,male,ba,2nd year,high school,yes,no
2551,22,other,b.sc,4th year,post graduate,yes,yes
2552,19,female,nursing,3rd year,high school,no,yes
2553,18,other,bba,3rd year,no formal,yes,yes
2554,18,male,b.tech,3rd year,graduate,yes,no
2555,24,female,pharmacy,2nd year,no formal,yes,yes
2556,17,male,b.com,4th year,phd,yes,yes
2557,23,male,b.com,2nd year,high school,yes,yes
2558,23,female,bba,4th year,high school,yes,no
2559,17,other,b.com,4th year,phd,no,no
2560,21,male,nursing,1st year,no formal,yes,yes
2561,21,other,diploma,1st year,post graduate,yes,no
2562,19,male,bca,4th year,phd,yes,no
2563,22,male,b.sc,1st year,no formal,yes,yes
2564,20,female,bba,3rd year,phd,yes,yes
2565,20,female,b.com,1st year,post graduate,yes,yes
2566,20,female,pharmacy,3rd year,no formal,yes,yes
2567,23,other,nursing,3rd year,phd,no,yes
2568,22,male,b.sc,2nd year,phd,no,yes
2569,20,other,bba,4th year,phd,yes,no
2570,24,other,nursing,4th year,phd,no,yes
2571,23,other,bba,1st year,post graduate,yes,yes
2572,24,male,b.sc,3rd year,no formal,yes,yes
2573,22,female,b.sc,3rd year,post graduate,yes,yes
2574,20,other,diploma,2nd year,post graduate,yes,yes
2575,23,other,bba,4th year,post graduate,no,yes
2576,19,other,bba,2nd year,no formal,no,yes
2577,19,other,b.com,2nd year,post graduate,yes,yes
2578,20,female,b.com,3rd year,phd,yes,no
2579,24,male,ba,1st year,no formal,yes,no
2580,21,male,bba,4th year,no formal,yes,yes
2581,20,male,bba,2nd year,no formal,yes,yes
2582,20,other,nursing,2nd year,post graduate,yes,yes
2583,19,male,b.sc,3rd year,high school,yes,yes
2584,22,female,bba,4th year,phd,yes,yes
2585,19,other,b.com,4th year,phd,yes,yes
2586,21,male,b.tech,2nd year,no formal,yes,no
2587,19,female,ba,3rd year,post graduate,yes,no
2588,19,female,b.tech,2nd year,post graduate,no,no
2589,24,other,ba,3rd year,no formal,no,yes
2590,19,female,bca,3rd year,no formal,yes,no
2591,17,female,ba,3rd year,phd,yes,yes
2592,20,other,diploma,1st year,no formal,yes,yes
2593,21,other,b.com,1st year,no formal,yes,yes
2594,17,other,ba,1st year,phd,yes,no
2595,19,other,nursing,1st year,post graduate,yes,no
2596,18,other,b.com,3rd year,phd,yes,yes
2597,21,other,bba,1st year,high school,no,no
2598,22,other,diploma,1st year,post graduate,no,yes
2599,24,male,ba,2nd year,post graduate,no,yes
2600,20,female,b.com,1st year,phd,yes,yes
2601,23,male,diploma,4th year,high school,yes,no
2602,18,female,b.tech,1st year,no formal,yes,yes
2603,23,female,b.com,1st year,high school,yes,no
2604,21,other,ba,1st year,graduate,yes,no
2605,23,female,b.sc,1st year,graduate,yes,no
2606,23,other,bba,2nd year,phd,yes,yes
2607,21,other,bca,1st year,post graduate,yes,yes
2608,19,other,pharmacy,2nd year,phd,yes,yes
2609,21,male,bca,1st year,post graduate,yes,yes
2610,23,other,bca,4th year,high school,yes,no
2611,24,male,diploma,4th year,phd,no,yes
2612,24,female,b.sc,3rd year,high school,yes,yes
2613,18,female,bba,3rd year,phd,yes,yes
2614,21,male,nursing,3rd year,post graduate,no,no
2615,17,other,b.sc,4th year,high school,no,yes
2616,22,other,b.com,1st year,no formal,yes,yes
2617,24,female,b.sc,3rd year,phd,no,yes
2618,17,male,pharmacy,1st year,post graduate,yes,yes
2619,22,male,ba,2nd year,no formal,yes,no
2620,24,male,b.com,4th year,high school,no,yes
2621,23,other,nursing,3rd year,graduate,yes,yes
2622,20,female,pharmacy,3rd year,graduate,yes,yes
2623,17,male,b.tech,1st year,high school,yes,yes
2624,24,female,nursing,4th year,no formal,yes,yes
2625,24,other,diploma,3rd year,post graduate,no,no
2626,21,female,nursing,2nd year,post graduate,yes,no
2627,24,female,b.tech,2nd year,post graduate,yes,yes
2628,17,male,b.tech,3rd year,phd,yes,yes
2629,21,other,ba,4th year,high school,yes,yes
2630,17,male,nursing,3rd year,graduate,yes,yes
2631,24,other,bba,4th year,high school,yes,yes
2632,22,male,diploma,1st year,phd,yes,yes
2633,24,male,b.com,3rd year,graduate,yes,yes
2634,21,female,ba,4th year,graduate,yes,yes
2635,17,male,nursing,3rd year,post graduate,yes,yes
2636,17,male,bba,2nd year,high school,yes,no
2637,19,male,nursing,2nd year,high school,yes,no
2638,22,other,bca,2nd year,phd,yes,yes
2639,18,other,b.sc,2nd year,no formal,yes,yes
2640,23,male,pharmacy,1st year,no formal,no,yes
2641,18,female,pharmacy,1st year,phd,yes,yes
2642,20,female,nursing,3rd year,high school,no,yes
2643,18,female,bba,1st year,post graduate,no,yes
2644,20,female,ba,4th year,post graduate,yes,no
2645,20,other,b.com,4th year,no formal,no,yes
2646,17,female,bca,2nd year,no formal,yes,yes
2647,21,female,b.com,2nd year,phd,no,yes
2648,23,other,b.sc,4th year,phd,yes,yes
2649,24,female,b.tech,1st year,high school,no,no
2650,19,male,ba,2nd year,graduate,yes,yes
2651,24,male,nursing,3rd year,phd,yes,no
2652,24,female,nursing,4th year,high school,yes,yes
2653,24,male,nursing,2nd year,post graduate,no,no
2654,19,other,bca,3rd year,high school,yes,yes
2655,23,female,nursing,1st year,phd,yes,no
2656,21,male,nursing,4th year,high school,no,no
2657,17,female,nursing,3rd year,graduate,yes,yes
2658,19,other,bba,3rd year,post graduate,yes,yes
2659,22,other,b.tech,1st year,post graduate,yes,no
2660,18,other,ba,2nd year,no formal,yes,yes
2661,20,other,nursing,3rd year,no formal,no,yes
2662,23,female,diploma,2nd year,phd,no,no
2663,18,other,b.tech,4th year,post graduate,yes,no
2664,20,other,b.tech,4th year,no formal,yes,no
2665,18,female,bca,1st year,post graduate,yes,no
2666,21,female,pharmacy,4th year,high school,no,no
2667,18,other,diploma,2nd year,graduate,yes,no
2668,24,female,pharmacy,3rd year,post graduate,yes,no
2669,17,male,b.tech,2nd year,post graduate,yes,yes
2670,24,male,nursing,3rd year,high school,yes,yes
2671,23,female,b.sc,2nd year,phd,no,no
2672,23,male,nursing,2nd year,graduate,yes,no
2673,23,male,pharmacy,3rd year,phd,yes,yes
2674,18,male,bba,1st year,graduate,yes,yes
2675,24,female,bba,2nd year,high school,yes,no
2676,21,female,bba,1st year,high school,yes,yes
2677,24,female,bba,1st year,no formal,yes,yes
2678,24,female,nursing,3rd year,graduate,yes,no
2679,21,other,b.com,2nd year,graduate,yes,yes
2680,19,male,b.com,3rd year,phd,yes,yes
2681,17,female,pharmacy,4th year,high school,no,no
2682,17,female,nursing,3rd year,no formal,no,yes
2683,20,male,bba,2nd year,phd,yes,yes
2684,23,male,b.sc,3rd year,graduate,yes,yes
2685,21,male,pharmacy,4th year,no formal,yes,yes
2686,20,male,nursing,2nd year,high school,no,yes
2687,18,male,b.com,2nd year,phd,yes,no
2688,21,male,bba,1st year,phd,yes,no
2689,22,male,ba,1st year,graduate,yes,no
2690,24,other,nursing,1st year,no formal,yes,yes
2691,22,other,diploma,1st year,post graduate,yes,no
2692,21,female,bba,1st year,no formal,no,no
2693,24,male,pharmacy,4th year,high school,yes,no
2694,20,other,bca,3rd year,graduate,no,no
2695,24,male,bba,1st year,post graduate,no,yes
2696,19,male,pharmacy,4th year,post graduate,yes,yes
2697,18,female,bba,4th year,graduate,yes,yes
2698,20,female,ba,4th year,no formal,yes,no
2699,18,male,ba,4th year,no formal,yes,no
2700,17,other,b.sc,1st year,phd,yes,yes
2701,24,male,b.com,3rd year,post graduate,no,yes
2702,23,male,b.tech,4th year,high school,yes,yes
2703,18,female,diploma,1st year,post graduate,yes,no
2704,23,female,bca,3rd year,phd,yes,yes
2705,17,other,pharmacy,1st year,no formal,yes,no
2706,19,male,bca,2nd year,phd,yes,no
2707,22,female,b.tech,4th year,high school,yes,yes
2708,19,male,bca,3rd year,post graduate,yes,yes
2709,22,male,b.sc,2nd year,graduate,yes,no
2710,23,female,b.tech,4th year,post graduate,yes,yes
2711,17,other,bca,1st year,no formal,yes,no
2712,17,male,b.tech,2nd year,post graduate,yes,yes
2713,24,other,ba,2nd year,phd,yes,yes
2714,21,female,pharmacy,3rd year,post graduate,no,yes
2715,21,female,b.com,2nd year,post graduate,yes,yes
2716,20,other,diploma,2nd year,no formal,yes,no
2717,20,male,ba,3rd year,high school,yes,no
2718,22,male,b.sc,1st year,phd,yes,yes
2719,21,other,b.sc,1st year,graduate,no,no
2720,18,male,b.tech,1st year,graduate,yes,yes
2721,22,other,b.sc,2nd year,no formal,yes,yes
2722,22,other,b.sc,1st year,post graduate,yes,yes
2723,17,other,nursing,1st year,graduate,yes,yes
2724,20,female,nursing,3rd year,graduate,yes,no
2725,23,female,ba,3rd year,phd,yes,no
2726,21,other,diploma,1st year,post graduate,yes,no
2727,18,male,b.sc,2nd year,graduate,yes,yes
2728,17,male,bca,3rd year,high school,yes,no
2729,21,female,b.sc,4th year,post graduate,yes,yes
2730,20,female,bca,4th year,graduate,yes,no
2731,24,other,ba,1st year,high school,yes,yes
2732,21,other,nursing,4th year,high school,yes,yes
2733,24,female,nursing,2nd year,high school,yes,no
2734,18,male,ba,2nd year,post graduate,yes,yes
2735,20,male,b.tech,3rd year,graduate,no,yes
2736,18,other,b.com,1st year,high school,yes,no
2737,21,female,b.com,2nd year,no formal,yes,yes
2738,18,female,ba,2nd year,phd,yes,no
2739,20,female,bca,3rd year,phd,no,no
2740,19,other,pharmacy,1st year,phd,yes,no
2741,18,male,b.tech,1st year,post graduate,yes,yes
2742,17,male,bba,2nd year,phd,no,no
2743,21,other,b.sc,4th year,post graduate,yes,yes
2744,24,female,bba,3rd year,phd,yes,yes
2745,18,other,bca,3rd year,phd,yes,yes
2746,20,male,nursing,3rd year,graduate,yes,no
2747,18,male,bca,3rd year,high school,yes,yes
2748,23,other,b.sc,1st year,phd,no,yes
2749,20,other,pharmacy,4th year,phd,yes,yes
2750,24,male,ba,1st year,graduate,yes,yes
2751,18,other,bba,3rd year,phd,yes,yes
2752,17,male,bca,4th year,no formal,yes,yes
2753,21,male,b.com,3rd year,phd,yes,yes
2754,22,other,pharmacy,4th year,no formal,yes,no
2755,24,male,b.tech,1st year,no formal,yes,no
2756,23,male,b.sc,3rd year,no formal,no,yes
2757,24,male,pharmacy,1st year,no formal,yes,yes
2758,22,female,bba,3rd year,no formal,yes,yes
2759,19,male,pharmacy,1st year,high school,yes,no
2760,20,male,pharmacy,3rd year,high school,yes,yes
2761,18,male,pharmacy,2nd year,graduate,no,no
2762,20,female,diploma,1st year,phd,yes,no
2763,19,female,diploma,4th year,graduate,yes,no
2764,17,male,bca,4th year,high school,yes,no
2765,18,female,diploma,1st year,no formal,yes,yes
2766,21,female,b.com,1st year,phd,yes,yes
2767,19,female,nursing,1st year,high school,yes,yes
2768,24,female,b.sc,3rd year,phd,no,yes
2769,20,male,bba,4th year,post graduate,yes,yes
2770,24,female,ba,1st year,phd,no,yes
2771,22,other,diploma,2nd year,no formal,yes,yes
2772,17,male,b.com,3rd year,post graduate,yes,yes
2773,18,male,b.sc,2nd year,post graduate,yes,yes
2774,22,male,nursing,4th year,phd,yes,yes
2775,21,other,bba,4th year,post graduate,yes,yes
2776,19,other,diploma,3rd year,no formal,yes,no
2777,21,other,nursing,3rd year,graduate,yes,yes
2778,24,male,nursing,2nd year,graduate,yes,no
2779,20,female,ba,2nd year,graduate,yes,no
2780,17,male,b.sc,3rd year,high school,yes,yes
2781,19,other,pharmacy,1st year,phd,no,yes
2782,24,female,b.com,3rd year,high school,yes,yes
2783,23,female,diploma,1st year,graduate,yes,yes
2784,23,female,diploma,3rd year,graduate,yes,yes
2785,24,other,ba,3rd year,post graduate,yes,no
2786,17,other,b.sc,2nd year,graduate,yes,yes
2787,19,other,bba,2nd year,phd,yes,no
2788,17,female,b.sc,3rd year,phd,yes,yes
2789,17,other,ba,3rd year,graduate,yes,no
2790,23,other,ba,3rd year,high school,yes,yes
2791,24,female,bba,4th year,post graduate,yes,no
2792,18,other,b.sc,1st year,phd,yes,yes
2793,22,other,nursing,1st year,phd,yes,yes
2794,21,other,b.tech,3rd year,no formal,yes,yes
2795,17,male,pharmacy,1st year,no formal,yes,no
2796,24,other,b.com,1st year,post graduate,no,yes
2797,23,female,bba,2nd year,high school,no,yes
2798,21,male,nursing,3rd year,high school,no,yes
2799,22,female,bca,1st year,no formal,yes,yes
2800,20,other,b.tech,2nd year,phd,no,yes
2801,23,other,bca,1st year,no formal,no,yes
2802,20,other,bca,4th year,post graduate,yes,yes
2803,24,other,pharmacy,4th year,phd,yes,no
2804,17,female,bca,1st year,no formal,no,yes
2805,18,other,pharmacy,2nd year,post graduate,yes,yes
2806,24,male,bba,2nd year,phd,no,yes
2807,19,male,b.sc,2nd year,graduate,yes,no
2808,19,male,bba,1st year,high school,yes,yes
2809,23,other,pharmacy,2nd year,post graduate,yes,no
2810,18,female,b.tech,4th year,phd,yes,yes
2811,21,other,ba,1st year,graduate,yes,no
2812,19,female,b.tech,1st year,no formal,yes,no
2813,18,female,nursing,2nd year,post graduate,yes,no
2814,24,other,bba,2nd year,high school,no,yes
2815,18,female,diploma,2nd year,phd,yes,no
2816,17,female,pharmacy,1st year,high school,yes,yes
2817,22,male,nursing,1st year,post graduate,no,no
2818,23,female,ba,4th year,post graduate,no,no
2819,18,male,pharmacy,1st year,graduate,no,yes
2820,22,male,bba,2nd year,post graduate,yes,no
2821,21,male,pharmacy,4th year,phd,yes,yes
2822,23,male,pharmacy,3rd year,post graduate,yes,no
2823,18,male,b.sc,1st year,post graduate,no,yes
2824,24,male,nursing,1st year,no formal,yes,no
2825,21,male,diploma,2nd year,high school,yes,yes
2826,23,other,diploma,2nd year,graduate,yes,yes
2827,19,male,b.sc,4th year,no formal,yes,yes
2828,24,female,bba,1st year,graduate,no,yes
2829,22,male,b.sc,1st year,no formal,yes,yes
2830,18,other,pharmacy,3rd year,high school,yes,yes
2831,24,male,nursing,4th year,no formal,yes,yes
2832,23,other,bca,1st year,graduate,no,no
2833,19,female,b.sc,4th year,graduate,no,yes
2834,21,other,bca,4th year,graduate,yes,no
2835,20,female,ba,2nd year,phd,yes,yes
2836,21,female,nursing,2nd year,graduate,yes,no
2837,24,other,b.tech,4th year,no formal,yes,no
2838,24,other,ba,3rd year,post graduate,yes,yes
2839,18,female,ba,3rd year,phd,yes,yes
2840,24,other,pharmacy,2nd year,high school,no,yes
2841,20,other,b.com,4th year,no formal,yes,yes
2842,22,other,pharmacy,2nd year,phd,no,no
2843,23,other,pharmacy,2nd year,no formal,yes,yes
2844,20,male,bca,4th year,phd,yes,no
2845,20,female,b.sc,3rd year,graduate,yes,no
2846,20,female,b.sc,4th year,post graduate,yes,no
2847,23,other,b.tech,4th year,post graduate,yes,yes
2848,20,male,diploma,3rd year,phd,yes,no
2849,19,other,diploma,1st year,post graduate,yes,yes
2850,19,male,b.com,4th year,graduate,no,yes
2851,18,female,diploma,3rd year,high school,yes,no
2852,20,other,bca,1st year,phd,yes,yes
2853,17,male,nursing,1st year,no formal,yes,no
2854,17,other,b.tech,4th year,high school,yes,yes
2855,22,other,b.sc,1st year,high school,yes,yes
2856,17,male,nursing,2nd year,graduate,yes,no
2857,21,male,ba,4th year,high school,yes,no
2858,23,male,pharmacy,4th year,phd,yes,no
2859,22,other,nursing,4th year,graduate,yes,no
2860,20,other,b.tech,3rd year,phd,yes,no
2861,18,female,ba,2nd year,no formal,yes,yes
2862,24,male,diploma,2nd year,graduate,yes,no
2863,23,male,b.sc,4th year,graduate,yes,no
2864,21,male,nursing,3rd year,phd,yes,yes
2865,17,female,b.tech,2nd year,post graduate,yes,no
2866,17,other,b.tech,4th year,post graduate,yes,yes
2867,19,male,bba,2nd year,phd,yes,no
2868,18,other,b.com,1st year,high school,yes,no
2869,23,male,bca,3rd year,phd,yes,yes
2870,18,female,ba,2nd year,phd,yes,yes
2871,19,other,b.com,3rd year,phd,no,no
2872,24,female,nursing,3rd year,graduate,yes,no
2873,23,female,b.sc,3rd year,no formal,yes,yes
2874,18,female,bba,2nd year,phd,yes,no
2875,20,female,b.sc,2nd year,graduate,yes,yes
2876,21,male,b.sc,2nd year,phd,yes,yes
2877,22,male,b.sc,4th year,no formal,yes,yes
2878,24,other,b.com,3rd year,no formal,yes,yes
2879,23,other,ba,2nd year,high school,yes,yes
2880,24,other,bba,4th year,phd,yes,yes
2881,17,male,b.sc,4th year,no formal,no,yes
2882,18,male,b.tech,3rd year,no formal,yes,yes
2883,21,male,b.tech,4th year,graduate,yes,no
2884,17,male,bca,4th year,phd,yes,no
2885,19,female,pharmacy,3rd year,no formal,yes,no
2886,18,male,b.tech,1st year,post graduate,yes,no
2887,24,other,b.tech,2nd year,graduate,yes,yes
2888,17,male,nursing,1st year,post graduate,yes,no
2889,18,female,diploma,3rd year,post graduate,yes,yes
2890,18,male,diploma,1st year,phd,yes,yes
2891,18,female,b.sc,2nd year,no formal,yes,yes
2892,21,male,nursing,2nd year,post graduate,yes,yes
2893,19,female,bca,2nd year,graduate,yes,no
2894,24,other,b.sc,3rd year,high school,yes,yes
2895,19,other,b.sc,3rd year,post graduate,yes,yes
2896,21,male,bca,1st year,graduate,yes,yes
2897,22,female,nursing,4th year,graduate,yes,yes
2898,22,other,nursing,2nd year,post graduate,yes,yes
2899,23,female,bca,1st year,graduate,yes,yes
2900,18,female,bba,3rd year,high school,yes,no
2901,21,female,diploma,2nd year,high school,yes,no
2902,23,other,b.sc,3rd year,high school,yes,yes
2903,23,female,ba,4th year,high school,yes,no
2904,21,other,b.tech,3rd year,graduate,yes,no
2905,22,other,nursing,4th year,no formal,yes,no
2906,23,female,bca,3rd year,phd,yes,yes
2907,21,male,diploma,2nd year,graduate,yes,no
2908,24,male,bba,4th year,post graduate,yes,no
2909,18,female,pharmacy,3rd year,graduate,no,yes
2910,19,other,pharmacy,3rd year,phd,no,no
2911,17,female,bca,2nd year,phd,no,yes
2912,17,male,nursing,4th year,graduate,yes,yes
2913,20,other,bca,4th year,high school,yes,no
2914,18,male,diploma,4th year,phd,yes,no
2915,20,female,b.com,2nd year,graduate,yes,yes
2916,20,male,pharmacy,4th year,post graduate,yes,yes
2917,21,male,b.sc,3rd year,no formal,yes,yes
2918,24,other,diploma,1st year,high school,no,yes
2919,23,other,bca,4th year,high school,yes,yes
2920,20,male,b.tech,3rd year,graduate,yes,yes
2921,19,male,diploma,3rd year,graduate,yes,yes
2922,23,female,b.tech,2nd year,phd,no,yes
2923,17,other,bba,4th year,no formal,yes,yes
2924,21,female,nursing,1st year,phd,no,no
2925,20,other,b.sc,2nd year,phd,yes,yes
2926,18,female,ba,3rd year,graduate,no,yes
2927,21,female,bba,1st year,high school,yes,yes
2928,19,male,pharmacy,1st year,phd,yes,no
2929,18,other,ba,3rd year,no formal,no,yes
2930,22,other,b.sc,3rd year,phd,yes,no
2931,18,male,b.sc,4th year,phd,yes,yes
2932,22,other,b.sc,4th year,high school,yes,no
2933,18,other,nursing,1st year,graduate,yes,no
2934,20,female,diploma,2nd year,graduate,yes,no
2935,23,other,ba,4th year,post graduate,yes,no
2936,18,female,nursing,4th year,post graduate,yes,yes
2937,23,male,pharmacy,1st year,phd,no,yes
2938,22,other,nursing,4th year,no formal,no,yes
2939,24,male,b.tech,1st year,phd,no,no
2940,18,other,b.tech,4th year,phd,no,no
2941,22,male,diploma,2nd year,post graduate,yes,yes
2942,24,female,ba,1st year,high school,yes,no
2943,23,other,b.sc,1st year,post graduate,yes,yes
2944,18,female,bca,4th year,graduate,yes,no
2945,23,other,ba,4th year,high school,yes,no
2946,17,male,pharmacy,1st year,high school,yes,yes
2947,21,male,bca,4th year,graduate,yes,no
2948,20,male,b.com,4th year,post graduate,no,yes
2949,21,male,pharmacy,3rd year,high school,yes,yes
2950,21,male,bca,1st year,high school,yes,yes
2951,17,female,b.com,2nd year,high school,yes,yes
2952,21,male,b.sc,1st year,graduate,yes,no
2953,24,other,bba,2nd year,phd,yes,yes
2954,20,male,diploma,2nd year,high school,yes,no
2955,19,other,nursing,3rd year,phd,yes,no
2956,24,other,b.sc,3rd year,no formal,yes,yes
2957,17,other,ba,1st year,graduate,yes,yes
2958,20,other,pharmacy,4th year,phd,no,yes
2959,21,other,bca,3rd year,high school,yes,yes
2960,20,other,b.tech,3rd year,high school,yes,no
2961,24,female,pharmacy,4th year,post graduate,yes,yes
2962,20,female,diploma,3rd year,high school,yes,yes
2963,24,female,bba,4th year,no formal,yes,yes
2964,17,female,diploma,2nd year,no formal,yes,no
2965,22,female,bca,3rd year,graduate,yes,no
2966,21,male,b.com,4th year,graduate,yes,yes
2967,18,other,nursing,4th year,no formal,yes,yes
2968,18,other,b.com,2nd year,high school,yes,yes
2969,22,other,b.com,3rd year,post graduate,yes,no
2970,22,male,bca,4th year,graduate,yes,yes
2971,21,other,b.tech,3rd year,post graduate,yes,yes
2972,17,female,bca,4th year,post graduate,yes,yes
2973,21,male,bba,4th year,phd,yes,no
2974,24,other,diploma,2nd year,no formal,yes,yes
2975,17,other,b.sc,2nd year,graduate,yes,no
2976,20,other,bca,2nd year,high school,no,no
2977,20,female,ba,2nd year,post graduate,yes,yes
2978,24,male,b.sc,3rd year,high school,yes,no
2979,19,male,bba,2nd year,no formal,yes,no
2980,20,other,pharmacy,4th year,phd,yes,yes
2981,22,other,nursing,3rd year,graduate,yes,yes
2982,17,male,b.sc,3rd year,no formal,yes,no
2983,23,other,nursing,4th year,high school,yes,no
2984,23,male,bca,4th year,post graduate,yes,no
2985,22,other,b.tech,1st year,graduate,yes,yes
2986,22,male,pharmacy,4th year,phd,yes,no
2987,22,other,bba,4th year,no formal,yes,yes
2988,23,male,pharmacy,2nd year,no formal,yes,yes
2989,24,female,b.tech,1st year,post graduate,no,no
2990,20,other,b.sc,3rd year,high school,yes,no
2991,20,other,pharmacy,4th year,phd,yes,yes
2992,22,female,b.com,3rd year,post graduate,yes,yes
2993,18,other,bba,3rd year,no formal,no,yes
2994,23,male,bca,1st year,phd,yes,no
2995,23,female,pharmacy,4th year,phd,yes,yes
2996,22,other,ba,4th year,high school,yes,no
2997,19,male,diploma,1st year,post graduate,no,no
2998,19,female,diploma,2nd year,post graduate,yes,no
2999,20,female,diploma,4th year,no formal,yes,yes
3000,22,female,bba,3rd year,post graduate,yes,no
3001,23,other,b.tech,2nd year,phd,yes,yes
3002,22,female,b.com,3rd year,graduate,yes,no
3003,24,other,bca,1st year,phd,yes,yes
3004,24,female,ba,4th year,post graduate,yes,no
3005,22,other,b.sc,3rd year,post graduate,no,no
3006,19,female,diploma,3rd year,graduate,yes,yes
3007,21,other,bba,3rd year,post graduate,yes,no
3008,20,female,nursing,3rd year,phd,yes,no
3009,22,other,bba,2nd year,graduate,yes,yes
3010,23,other,ba,1st year,graduate,yes,no
3011,19,male,b.tech,2nd year,no formal,no,no
3012,21,male,b.tech,4th year,graduate,yes,no
3013,17,male,bba,1st year,phd,yes,no
3014,22,female,ba,2nd year,post graduate,yes,no
3015,20,female,diploma,4th year,post graduate,no,yes
3016,20,male,bca,3rd year,no formal,yes,yes
3017,21,other,b.com,1st year,phd,yes,yes
3018,18,other,diploma,4th year,graduate,yes,no
3019,21,female,bca,1st year,graduate,yes,no
3020,22,male,nursing,2nd year,no formal,no,yes
3021,19,other,pharmacy,1st year,phd,yes,no
3022,18,male,pharmacy,2nd year,post graduate,yes,yes
3023,20,male,b.sc,2nd year,high school,yes,yes
3024,18,other,bba,2nd year,graduate,yes,yes
3025,19,other,b.tech,4th year,phd,yes,yes
3026,22,female,nursing,3rd year,phd,yes,no
3027,17,male,diploma,2nd year,high school,no,no
3028,22,male,b.com,2nd year,post graduate,yes,yes
3029,18,other,bca,2nd year,no formal,yes,no
3030,24,male,bca,2nd year,graduate,no,yes
3031,22,other,bba,4th year,graduate,yes,no
3032,19,female,bba,1st year,post graduate,yes,yes
3033,21,female,pharmacy,3rd year,no formal,yes,yes
3034,17,other,diploma,2nd year,high school,yes,no
3035,17,female,ba,2nd year,high school,yes,yes
3036,24,female,diploma,2nd year,high school,yes,yes
3037,23,female,b.sc,1st year,post graduate,yes,yes
3038,18,male,b.com,3rd year,no formal,yes,yes
3039,19,female,b.sc,3rd year,post graduate,yes,no
3040,18,female,nursing,3rd year,no formal,yes,no
3041,20,male,b.tech,1st year,graduate,yes,no
3042,19,female,pharmacy,3rd year,phd,yes,no
3043,19,female,nursing,1st year,phd,no,no
3044,21,male,pharmacy,2nd year,phd,yes,yes
3045,18,other,diploma,3rd year,graduate,yes,no
3046,24,other,bba,4th year,graduate,yes,yes
3047,22,female,nursing,4th year,phd,yes,yes
3048,23,male,pharmacy,3rd year,no formal,yes,yes
3049,18,female,pharmacy,1st year,phd,yes,no
3050,22,other,nursing,4th year,no formal,yes,yes
3051,23,male,diploma,2nd year,no formal,yes,yes
3052,18,other,bca,3rd year,no formal,yes,no
3053,23,other,pharmacy,1st year,high school,yes,yes
3054,19,male,ba,2nd year,phd,yes,yes
3055,23,male,bba,2nd year,high school,no,no
3056,20,other,nursing,3rd year,graduate,no,yes
3057,23,other,b.com,4th year,phd,yes,yes
3058,18,other,diploma,1st year,phd,yes,yes
3059,20,female,b.tech,3rd year,graduate,yes,yes
3060,19,female,bca,4th year,high school,no,yes
3061,18,female,b.tech,1st year,graduate,yes,yes
3062,19,female,pharmacy,3rd year,graduate,no,no
3063,20,other,nursing,4th year,high school,yes,yes
3064,18,male,b.com,1st year,post graduate,yes,no
3065,22,male,b.sc,3rd year,phd,yes,yes
3066,21,male,bca,2nd year,no formal,yes,yes
3067,23,other,pharmacy,3rd year,phd,yes,yes
3068,22,other,b.com,3rd year,post graduate,yes,yes
3069,18,male,pharmacy,1st year,no formal,yes,yes
3070,17,male,bba,1st year,post graduate,no,yes
3071,20,male,ba,2nd year,graduate,yes,no
3072,20,male,ba,2nd year,no formal,no,yes
3073,18,female,b.com,2nd year,no formal,yes,yes
3074,23,female,ba,4th year,no formal,yes,yes
3075,21,female,b.sc,3rd year,graduate,yes,no
3076,22,male,ba,2nd year,graduate,yes,yes
3077,17,female,b.com,3rd year,high school,yes,no
3078,23,other,b.tech,1st year,phd,yes,no
3079,18,female,ba,1st year,no formal,yes,no
3080,20,other,b.tech,1st year,phd,yes,yes
3081,20,other,b.sc,2nd year,no formal,yes,no
3082,23,other,diploma,3rd year,no formal,yes,yes
3083,19,female,b.tech,3rd year,graduate,yes,yes
3084,18,male,b.com,3rd year,post graduate,no,no
3085,19,female,diploma,1st year,post graduate,yes,no
3086,19,female,b.tech,3rd year,post graduate,yes,yes
3087,18,other,diploma,3rd year,graduate,no,yes
3088,18,other,b.tech,4th year,phd,no,no
3089,18,female,b.tech,1st year,post graduate,yes,yes
3090,20,female,b.sc,1st year,no formal,yes,yes
3091,19,other,nursing,2nd year,graduate,no,no
3092,20,other,b.tech,1st year,phd,no,yes
3093,22,other,b.tech,1st year,post graduate,no,yes
3094,18,female,pharmacy,1st year,phd,yes,yes
3095,24,female,bca,3rd year,post graduate,yes,no
3096,23,female,bca,2nd year,post graduate,yes,yes
3097,18,female,b.tech,4th year,high school,yes,yes
3098,19,male,ba,1st year,no formal,yes,yes
3099,18,male,bca,4th year,high school,yes,yes
3100,19,female,bba,2nd year,high school,no,yes
3101,19,female,bba,3rd year,post graduate,yes,yes
3102,18,male,b.sc,4th year,high school,yes,yes
3103,17,male,pharmacy,2nd year,high school,yes,yes
3104,20,other,diploma,1st year,phd,no,no
3105,22,female,b.com,1st year,no formal,no,yes
3106,19,female,pharmacy,4th year,post graduate,yes,no
3107,23,other,b.com,1st year,high school,yes,no
3108,19,male,b.sc,4th year,phd,no,yes
3109,24,other,pharmacy,3rd year,phd,yes,no
3110,18,other,b.sc,3rd year,graduate,yes,yes
3111,21,female,b.tech,2nd year,post graduate,yes,yes
3112,23,female,bca,4th year,phd,yes,yes
3113,17,other,b.com,1st year,post graduate,yes,no
3114,24,male,b.sc,3rd year,phd,yes,yes
3115,19,male,b.tech,1st year,post graduate,yes,yes
3116,20,other,b.sc,2nd year,no formal,yes,no
3117,22,male,pharmacy,1st year,post graduate,yes,no
3118,22,other,diploma,3rd year,high school,yes,yes
3119,17,other,nursing,1st year,graduate,yes,no
3120,23,female,bca,1st year,post graduate,yes,no
3121,21,male,bba,2nd year,no formal,yes,yes
3122,24,other,b.sc,2nd year,post graduate,no,yes
3123,20,other,pharmacy,4th year,graduate,no,no
3124,21,female,nursing,4th year,high school,yes,no
3125,20,male,bba,2nd year,post graduate,yes,yes
3126,24,female,b.tech,3rd year,post graduate,yes,yes
3127,23,female,diploma,4th year,no formal,yes,yes
3128,24,male,b.com,2nd year,high school,yes,no
3129,21,female,b.sc,4th year,no formal,yes,yes
3130,23,male,diploma,3rd year,post graduate,no,yes
3131,19,other,nursing,3rd year,phd,yes,yes
3132,20,female,bca,4th year,phd,yes,yes
3133,23,other,b.tech,2nd year,high school,no,no
3134,17,female,bca,1st year,high school,no,no
3135,22,other,pharmacy,3rd year,high school,yes,yes
3136,17,other,diploma,2nd year,no formal,no,no
3137,21,male,b.com,1st year,high school,yes,yes
3138,20,female,bca,1st year,post graduate,yes,no
3139,20,other,b.com,3rd year,no formal,yes,yes
3140,20,female,nursing,4th year,post graduate,yes,no
3141,20,male,nursing,2nd year,phd,yes,no
3142,20,other,bca,3rd year,high school,no,yes
3143,20,male,b.sc,1st year,post graduate,yes,no
3144,21,other,ba,1st year,graduate,yes,yes
3145,23,other,b.sc,4th year,phd,yes,no
3146,21,male,diploma,3rd year,graduate,yes,no
3147,22,male,diploma,1st year,graduate,yes,yes
3148,23,other,b.com,3rd year,phd,yes,no
3149,24,female,nursing,3rd year,high school,no,no
3150,17,other,diploma,1st year,post graduate,yes,no
3151,22,other,pharmacy,2nd year,phd,yes,yes
3152,18,male,b.com,4th year,high school,yes,yes
3153,18,other,b.sc,2nd year,phd,yes,yes
3154,23,female,bba,3rd year,high school,yes,no
3155,17,other,b.com,3rd year,post graduate,yes,yes
3156,23,male,diploma,1st year,high school,yes,yes
3157,23,male,ba,4th year,post graduate,yes,yes
3158,24,female,bca,4th year,no formal,yes,no
3159,22,female,b.sc,3rd year,phd,yes,no
3160,23,female,b.tech,1st year,no formal,yes,yes
3161,17,male,pharmacy,4th year,high school,yes,no
3162,24,female,bba,1st year,phd,yes,yes
3163,18,other,b.sc,3rd year,no formal,no,no
3164,19,other,nursing,2nd year,phd,yes,no
3165,18,other,b.sc,3rd year,graduate,yes,yes
3166,20,male,pharmacy,1st year,high school,yes,yes
3167,22,other,ba,4th year,phd,yes,yes
3168,19,female,bba,3rd year,phd,no,no
3169,23,other,b.com,2nd year,phd,yes,yes
3170,21,other,b.tech,2nd year,graduate,yes,no
3171,22,male,ba,3rd year,no formal,no,yes
3172,24,other,ba,1st year,post graduate,yes,no
3173,20,female,bba,2nd year,post graduate,yes,yes
3174,19,other,bba,4th year,phd,yes,yes
3175,24,female,bca,4th year,post graduate,yes,no
3176,21,male,b.tech,2nd year,high school,yes,yes
3177,21,other,ba,3rd year,graduate,yes,no
3178,19,male,nursing,2nd year,post graduate,yes,no
3179,18,other,pharmacy,1st year,post graduate,no,yes
3180,18,male,bba,2nd year,high school,yes,no
3181,18,other,ba,1st year,high school,no,yes
3182,18,female,ba,4th year,phd,yes,yes
3183,22,male,nursing,1st year,phd,yes,no
3184,17,male,ba,1st year,high school,yes,yes
3185,22,male,pharmacy,3rd year,no formal,yes,no
3186,24,other,b.tech,1st year,post graduate,no,yes
3187,23,other,bca,4th year,no formal,yes,no
3188,20,other,bba,4th year,no formal,no,yes
3189,17,female,bba,2nd year,graduate,yes,no
3190,23,female,bba,1st year,high school,yes,no
3191,17,other,b.sc,1st year,no formal,yes,no
3192,22,male,ba,4th year,high school,yes,no
3193,22,other,ba,2nd year,post graduate,yes,no
3194,18,female,bca,3rd year,post graduate,yes,yes
3195,22,female,bca,1st year,post graduate,yes,yes
3196,18,female,ba,4th year,high school,yes,yes
3197,18,other,bba,3rd year,post graduate,yes,yes
3198,23,other,bca,1st year,high school,yes,yes
3199,24,other,b.tech,1st year,post graduate,yes,no
3200,19,male,nursing,4th year,no formal,yes,yes
3201,24,male,pharmacy,1st year,graduate,no,no
3202,24,other,ba,2nd year,high school,yes,no
3203,23,other,diploma,1st year,post graduate,yes,no
3204,18,male,ba,1st year,high school,yes,yes
3205,19,other,b.tech,4th year,high school,no,yes
3206,22,male,nursing,4th year,graduate,yes,no
3207,24,other,b.com,2nd year,post graduate,no,yes
3208,23,other,ba,1st year,graduate,yes,no
3209,20,female,bca,1st year,phd,yes,yes
3210,18,male,ba,2nd year,phd,yes,no
3211,24,other,b.com,4th year,post graduate,yes,no
3212,19,male,nursing,3rd year,graduate,no,yes
3213,19,female,ba,2nd year,graduate,yes,yes
3214,24,female,bca,1st year,no formal,yes,no
3215,21,male,bca,1st year,graduate,no,yes
3216,19,female,pharmacy,1st year,phd,yes,yes
3217,17,other,bba,1st year,post graduate,no,no
3218,20,male,bba,2nd year,no formal,yes,yes
3219,24,female,pharmacy,4th year,no formal,yes,yes
3220,20,male,bba,2nd year,phd,yes,no
3221,22,female,b.com,2nd year,post graduate,yes,yes
3222,19,male,b.tech,3rd year,graduate,yes,no
3223,23,male,b.com,1st year,phd,yes,no
3224,23,female,b.sc,3rd year,no formal,yes,yes
3225,21,male,b.com,1st year,post graduate,yes,no
3226,23,male,bba,2nd year,phd,yes,yes
3227,21,other,bba,4th year,graduate,yes,no
3228,20,other,b.sc,2nd year,graduate,yes,no
3229,22,male,bba,3rd year,high school,yes,yes
3230,23,other,bba,2nd year,phd,yes,yes
3231,23,female,b.tech,4th year,post graduate,no,no
3232,18,male,b.com,2nd year,graduate,yes,no
3233,22,other,diploma,1st year,high school,no,yes
3234,17,female,b.tech,1st year,graduate,yes,no
3235,21,male,b.com,2nd year,graduate,no,yes
3236,21,male,bba,3rd year,high school,yes,no
3237,19,other,b.sc,1st year,phd,yes,no
3238,24,male,bca,1st year,high school,yes,yes
3239,24,female,diploma,2nd year,no formal,yes,yes
3240,17,male,ba,3rd year,post graduate,no,no
3241,18,other,b.com,3rd year,post graduate,yes,yes
3242,18,other,diploma,1st year,no formal,no,no
3243,24,female,b.sc,1st year,post graduate,yes,yes
3244,21,female,b.sc,1st year,graduate,yes,yes
3245,22,female,b.tech,2nd year,post graduate,yes,no
3246,23,female,b.tech,2nd year,high school,yes,no
3247,23,other,nursing,1st year,no formal,yes,no
3248,17,other,pharmacy,2nd year,graduate,yes,no
3249,18,male,bba,3rd year,no formal,yes,no
3250,20,other,pharmacy,3rd year,high school,yes,no
3251,19,male,diploma,4th year,no formal,yes,yes
3252,22,male,ba,3rd year,high school,yes,no
3253,18,female,diploma,4th year,phd,yes,yes
3254,19,male,ba,4th year,graduate,yes,yes
3255,18,other,pharmacy,4th year,post graduate,yes,no
3256,18,other,nursing,2nd year,post graduate,yes,no
3257,18,male,nursing,1st year,no formal,yes,yes
3258,18,male,bba,1st year,phd,yes,yes
3259,21,female,bba,4th year,no formal,yes,yes
3260,20,other,b.sc,4th year,high school,yes,yes
3261,20,female,bca,2nd year,post graduate,no,yes
3262,20,other,b.sc,3rd year,graduate,no,yes
3263,22,male,bba,2nd year,high school,yes,yes
3264,23,female,b.sc,1st year,high school,yes,yes
3265,21,male,bba,3rd year,graduate,no,no
3266,22,male,nursing,1st year,post graduate,yes,yes
3267,22,other,b.com,1st year,post graduate,yes,yes
3268,22,male,bca,2nd year,high school,yes,yes
3269,18,male,b.com,1st year,high school,yes,no
3270,24,female,b.com,2nd year,no formal,no,no
3271,18,other,b.sc,4th year,phd,yes,no
3272,20,female,b.sc,3rd year,post graduate,yes,yes
3273,22,male,ba,1st year,high school,yes,no
3274,20,other,b.sc,1st year,no formal,no,no
3275,18,female,pharmacy,4th year,phd,yes,yes
3276,24,other,diploma,4th year,no formal,yes,no
3277,17,male,b.sc,4th year,no formal,yes,no
3278,18,other,nursing,3rd year,phd,yes,no
3279,24,male,ba,2nd year,high school,yes,no
3280,22,other,bba,4th year,phd,yes,yes
3281,17,female,diploma,4th year,graduate,yes,yes
3282,23,other,diploma,1st year,graduate,yes,yes
3283,24,female,b.tech,4th year,phd,no,yes
3284,17,male,b.com,3rd year,no formal,no,no
3285,20,male,ba,1st year,high school,yes,no
3286,20,female,bca,4th year,high school,yes,yes
3287,18,male,nursing,1st year,post graduate,yes,no
3288,18,female,ba,1st year,high school,yes,yes
3289,18,male,bba,2nd year,phd,yes,yes
3290,18,female,b.tech,3rd year,post graduate,yes,yes
3291,20,male,bba,2nd year,phd,yes,no
3292,20,male,bba,1st year,phd,yes,yes
3293,18,female,bca,3rd year,post graduate,yes,yes
3294,19,female,nursing,2nd year,high school,yes,yes
3295,18,female,bca,1st year,post graduate,yes,yes
3296,23,female,b.tech,4th year,graduate,yes,no
3297,18,female,nursing,2nd year,high school,yes,yes
3298,24,female,bba,3rd year,high school,yes,yes
3299,21,female,bba,2nd year,phd,yes,yes
3300,23,other,nursing,4th year,post graduate,yes,no
3301,22,female,bca,2nd year,no formal,yes,yes
3302,19,female,nursing,1st year,high school,yes,yes
3303,21,other,nursing,1st year,graduate,yes,yes
3304,19,female,bba,4th year,post graduate,no,no
3305,17,other,pharmacy,3rd year,high school,no,no
3306,19,female,b.sc,3rd year,post graduate,yes,yes
3307,19,male,nursing,3rd year,high school,yes,no
3308,18,female,nursing,1st year,no formal,yes,no
3309,17,other,b.tech,2nd year,no formal,no,no
3310,24,male,b.sc,4th year,phd,yes,yes
3311,21,male,b.tech,2nd year,post graduate,yes,yes
3312,20,female,b.com,1st year,phd,yes,no
3313,24,other,pharmacy,4th year,graduate,yes,yes
3314,18,female,b.sc,1st year,graduate,yes,yes
3315,20,female,b.tech,3rd year,high school,yes,no
3316,23,female,bba,4th year,no formal,yes,no
3317,22,female,ba,3rd year,post graduate,yes,yes
3318,20,male,bca,1st year,no formal,yes,no
3319,19,female,bca,4th year,phd,yes,no
3320,17,other,nursing,1st year,no formal,yes,no
3321,17,other,ba,4th year,phd,no,yes
3322,18,other,bba,1st year,graduate,yes,yes
3323,23,male,b.tech,2nd year,high school,yes,yes
3324,22,female,pharmacy,4th year,high school,yes,no
3325,20,male,b.sc,2nd year,post graduate,yes,yes
3326,23,male,bca,1st year,phd,yes,no
3327,18,other,nursing,1st year,graduate,no,no
3328,18,female,bca,2nd year,graduate,yes,yes
3329,20,male,bca,2nd year,phd,yes,yes
3330,24,other,b.sc,1st year,graduate,no,no
3331,21,other,diploma,2nd year,high school,yes,yes
3332,23,female,b.sc,2nd year,phd,yes,yes
3333,18,other,diploma,3rd year,phd,yes,yes
3334,23,other,bca,2nd year,graduate,yes,yes
3335,17,female,bba,2nd year,no formal,yes,yes
3336,18,other,diploma,4th year,high school,yes,yes
3337,21,male,diploma,4th year,phd,yes,yes
3338,17,female,b.sc,4th year,phd,no,no
3339,23,female,ba,2nd year,post graduate,yes,yes
3340,23,other,bba,4th year,graduate,yes,yes
3341,21,female,b.sc,2nd year,phd,no,yes
3342,19,female,ba,3rd year,graduate,yes,no
3343,17,male,b.tech,4th year,no formal,yes,no
3344,21,female,ba,2nd year,high school,yes,yes
3345,21,male,b.sc,3rd year,high school,yes,yes
3346,23,female,b.sc,1st year,post graduate,yes,yes
3347,21,female,nursing,2nd year,high school,no,yes
3348,18,other,b.sc,3rd year,post graduate,yes,yes
3349,17,female,b.sc,3rd year,high school,yes,yes
3350,23,male,b.com,2nd year,post graduate,yes,no
3351,18,female,b.tech,3rd year,high school,yes,no
3352,24,male,nursing,3rd year,high school,yes,yes
3353,17,female,pharmacy,4th year,post graduate,yes,yes
3354,22,male,nursing,1st year,phd,yes,yes
3355,24,male,nursing,3rd year,post graduate,yes,no
3356,20,other,b.tech,3rd year,graduate,yes,yes
3357,17,male,bba,2nd year,phd,yes,no
3358,24,female,b.tech,2nd year,phd,yes,yes
3359,18,other,b.com,3rd year,phd,yes,yes
3360,21,female,bba,2nd year,no formal,yes,yes
3361,24,other,diploma,2nd year,phd,yes,no
3362,22,female,b.com,4th year,graduate,yes,yes
3363,17,other,b.com,2nd year,post graduate,yes,yes
3364,23,female,nursing,1st year,phd,yes,no
3365,18,male,b.com,1st year,graduate,yes,no
3366,22,other,bba,1st year,post graduate,no,no
3367,21,other,b.com,3rd year,phd,yes,yes
3368,19,other,nursing,1st year,no formal,yes,no
3369,20,male,bba,1st year,post graduate,yes,yes
3370,17,other,b.tech,2nd year,post graduate,yes,yes
3371,24,female,b.sc,1st year,no formal,yes,yes
3372,18,other,pharmacy,3rd year,no formal,yes,yes
3373,19,other,pharmacy,1st year,post graduate,yes,yes
3374,21,male,diploma,4th year,high school,yes,yes
3375,22,female,b.tech,4th year,high school,yes,yes
3376,21,male,diploma,4th year,high school,yes,yes
3377,21,male,bca,1st year,graduate,yes,yes
3378,21,female,pharmacy,3rd year,high school,yes,yes
3379,23,female,bba,1st year,no formal,yes,yes
3380,20,female,bba,3rd year,no formal,yes,no
3381,23,other,bca,4th year,high school,yes,yes
3382,23,male,b.sc,2nd year,post graduate,no,yes
3383,24,male,diploma,2nd year,graduate,no,no
3384,24,other,bba,4th year,post graduate,yes,no
3385,23,male,b.sc,1st year,graduate,yes,no
3386,18,male,nursing,3rd year,high school,yes,yes
3387,23,female,b.com,2nd year,phd,yes,no
3388,22,male,nursing,1st year,graduate,yes,yes
3389,19,male,b.com,3rd year,post graduate,yes,no
3390,22,male,bba,4th year,graduate,yes,yes
3391,19,female,ba,3rd year,graduate,yes,yes
3392,21,other,diploma,3rd year,phd,yes,yes
3393,23,other,b.sc,3rd year,high school,yes,yes
3394,18,other,b.com,1st year,phd,no,no
3395,19,other,b.sc,1st year,no formal,yes,yes
3396,23,female,b.com,3rd year,phd,yes,no
3397,20,female,bba,3rd year,post graduate,yes,yes
3398,24,other,bca,1st year,phd,yes,yes
3399,17,male,nursing,1st year,high school,yes,no
3400,22,other,ba,1st year,post graduate,yes,no
3401,23,other,ba,3rd year,post graduate,yes,yes
3402,24,female,b.sc,2nd year,no formal,no,no
3403,18,female,b.tech,3rd year,post graduate,yes,no
3404,24,other,diploma,3rd year,phd,no,no
3405,20,other,bca,1st year,phd,yes,yes
3406,19,male,bba,2nd year,post graduate,yes,no
3407,19,other,ba,1st year,phd,yes,yes
3408,22,female,bba,1st year,high school,yes,yes
3409,22,male,nursing,4th year,post graduate,no,yes
3410,20,male,b.sc,2nd year,high school,yes,yes
3411,17,other,bba,4th year,phd,yes,no
3412,24,female,b.com,1st year,graduate,yes,yes
3413,18,male,b.tech,2nd year,phd,yes,yes
3414,17,female,diploma,3rd year,high school,yes,yes
3415,21,female,diploma,2nd year,high school,no,yes
3416,20,male,nursing,2nd year,phd,yes,yes
3417,21,female,b.tech,1st year,phd,yes,no
3418,24,female,b.sc,1st year,no formal,yes,yes
3419,17,other,bca,4th year,high school,no,no
3420,19,female,nursing,1st year,no formal,no,no
3421,21,male,pharmacy,1st year,post graduate,no,yes
3422,23,female,nursing,2nd year,no formal,yes,yes
3423,21,other,pharmacy,2nd year,no formal,yes,yes
3424,20,male,nursing,2nd year,graduate,yes,yes
3425,21,other,b.com,4th year,phd,yes,yes
3426,24,male,bca,4th year,post graduate,yes,yes
3427,20,female,bca,2nd year,post graduate,yes,yes
3428,24,female,ba,1st year,graduate,yes,yes
3429,23,other,nursing,1st year,no formal,no,no
3430,19,other,diploma,1st year,high school,yes,yes
3431,18,other,bba,1st year,post graduate,yes,no
3432,23,other,bba,1st year,phd,no,yes
3433,18,other,nursing,2nd year,no formal,yes,yes
3434,19,male,b.sc,3rd year,high school,yes,no
3435,18,female,b.sc,4th year,no formal,no,no
3436,21,other,ba,2nd year,no formal,yes,no
3437,19,male,b.sc,2nd year,high school,no,no
3438,22,female,bba,3rd year,no formal,yes,yes
3439,24,female,ba,3rd year,high school,yes,yes
3440,23,other,bba,3rd year,graduate,yes,yes
3441,24,male,bba,1st year,post graduate,yes,no
3442,17,male,pharmacy,1st year,graduate,yes,no
3443,20,male,b.com,3rd year,graduate,yes,yes
3444,18,female,ba,2nd year,post graduate,yes,no
3445,24,female,diploma,2nd year,high school,yes,yes
3446,22,female,b.com,4th year,no formal,yes,no
3447,19,male,bca,1st year,no formal,yes,yes
3448,21,male,pharmacy,2nd year,phd,yes,no
3449,21,female,ba,3rd year,phd,yes,yes
3450,20,male,b.com,3rd year,high school,yes,no
3451,20,other,b.sc,1st year,post graduate,yes,yes
3452,17,male,b.tech,3rd year,high school,yes,no
3453,20,other,b.com,2nd year,high school,yes,yes
3454,19,female,nursing,2nd year,post graduate,yes,no
3455,23,other,b.com,3rd year,phd,yes,no
3456,23,other,pharmacy,4th year,post graduate,yes,yes
3457,23,female,pharmacy,1st year,phd,no,yes
3458,17,other,diploma,1st year,phd,yes,yes
3459,23,male,pharmacy,4th year,no formal,yes,yes
3460,20,male,ba,1st year,graduate,yes,yes
3461,20,female,pharmacy,1st year,graduate,yes,no
3462,24,other,bba,3rd year,no formal,yes,no
3463,23,other,b.tech,2nd year,high school,yes,yes
3464,17,female,nursing,4th year,phd,no,yes
3465,19,male,pharmacy,4th year,no formal,yes,no
3466,22,other,nursing,1st year,graduate,yes,no
3467,21,female,ba,1st year,graduate,yes,no
3468,19,male,b.tech,3rd year,post graduate,yes,no
3469,21,male,bca,2nd year,graduate,yes,yes
3470,23,other,nursing,1st year,no formal,yes,no
3471,18,other,nursing,2nd year,graduate,yes,yes
3472,22,other,bca,3rd year,high school,yes,yes
3473,22,male,nursing,4th year,no formal,yes,yes
3474,24,other,b.tech,2nd year,phd,no,no
3475,19,male,bca,4th year,graduate,yes,no
3476,18,other,b.tech,2nd year,phd,yes,no
3477,21,other,diploma,3rd year,phd,yes,yes
3478,21,female,b.tech,4th year,phd,yes,yes
3479,20,male,bca,4th year,high school,yes,no
3480,23,other,pharmacy,3rd year,phd,yes,no
3481,23,male,b.sc,4th year,no formal,yes,no
3482,18,female,ba,1st year,graduate,yes,no
3483,23,male,b.tech,4th year,phd,yes,yes
3484,18,female,diploma,4th year,graduate,yes,yes
3485,20,other,pharmacy,4th year,high school,yes,yes
3486,17,other,b.tech,2nd year,no formal,yes,yes
3487,19,female,bba,2nd year,graduate,yes,yes
3488,24,male,nursing,3rd year,post graduate,no,no
3489,20,other,b.tech,1st year,phd,yes,no
3490,22,female,bba,3rd year,post graduate,no,yes
3491,17,male,b.sc,2nd year,graduate,yes,yes
3492,22,other,pharmacy,4th year,post graduate,yes,no
3493,19,other,bba,3rd year,post graduate,yes,no
3494,22,male,bba,2nd year,high school,no,yes
3495,24,male,pharmacy,1st year,high school,no,yes
3496,21,male,nursing,3rd year,high school,yes,yes
3497,17,female,b.com,3rd year,post graduate,yes,yes
3498,20,male,bca,3rd year,phd,yes,yes
3499,17,female,b.com,1st year,no formal,no,yes
3500,20,other,bba,2nd year,phd,yes,yes
3501,17,male,nursing,4th year,no formal,yes,yes
3502,22,other,pharmacy,4th year,graduate,yes,yes
3503,19,male,pharmacy,2nd year,graduate,yes,no
3504,18,male,bba,2nd year,no formal,yes,yes
3505,17,other,pharmacy,3rd year,post graduate,yes,yes
3506,24,female,pharmacy,1st year,phd,no,yes
3507,23,other,bba,4th year,high school,yes,yes
3508,23,female,b.tech,3rd year,post graduate,yes,yes
3509,17,female,b.sc,4th year,phd,yes,yes
3510,19,other,bca,1st year,post graduate,yes,no
3511,24,other,nursing,1st year,graduate,yes,yes
3512,21,other,pharmacy,4th year,phd,yes,yes
3513,18,female,b.com,2nd year,graduate,no,no
3514,18,other,pharmacy,2nd year,post graduate,yes,no
3515,19,male,nursing,2nd year,post graduate,yes,no
3516,24,female,bba,2nd year,post graduate,yes,no
3517,18,male,ba,4th year,high school,yes,no
3518,24,male,bba,3rd year,post graduate,yes,yes
3519,22,male,diploma,1st year,high school,yes,no
3520,24,female,nursing,4th year,graduate,yes,no
3521,23,other,b.sc,2nd year,graduate,no,yes
3522,19,female,ba,3rd year,high school,yes,yes
3523,23,other,b.sc,2nd year,post graduate,yes,yes
3524,18,female,pharmacy,1st year,high school,yes,yes
3525,19,female,ba,2nd year,no formal,yes,yes
3526,18,male,b.com,2nd year,post graduate,yes,yes
3527,18,other,b.sc,1st year,phd,no,yes
3528,17,male,b.tech,4th year,high school,yes,yes
3529,18,male,bba,4th year,graduate,yes,yes
3530,17,other,diploma,4th year,phd,yes,yes
3531,20,female,b.com,1st year,high school,no,no
3532,17,male,ba,3rd year,graduate,yes,yes
3533,17,female,bca,3rd year,post graduate,yes,no
3534,24,female,ba,3rd year,post graduate,yes,no
3535,17,male,diploma,4th year,no formal,yes,yes
3536,17,other,b.com,2nd year,no formal,yes,yes
3537,17,other,bba,2nd year,high school,yes,no
3538,18,male,pharmacy,2nd year,graduate,no,yes
3539,21,female,nursing,3rd year,post graduate,yes,yes
3540,23,male,bca,2nd year,high school,yes,no
3541,22,other,ba,2nd year,no formal,yes,no
3542,21,female,pharmacy,1st year,post graduate,yes,yes
3543,17,male,bba,3rd year,graduate,yes,yes
3544,23,female,ba,1st year,no formal,yes,no
3545,17,female,bca,2nd year,graduate,yes,yes
3546,22,female,ba,3rd year,graduate,yes,no
3547,20,other,pharmacy,2nd year,graduate,yes,yes
3548,24,female,b.sc,3rd year,phd,yes,no
3549,19,female,b.tech,2nd year,no formal,yes,no
3550,22,male,ba,1st year,post graduate,yes,no
3551,20,female,pharmacy,4th year,no formal,no,no
3552,21,male,b.tech,4th year,post graduate,yes,yes
3553,24,other,nursing,1st year,high school,yes,yes
3554,22,male,b.tech,1st year,post graduate,no,no
3555,20,other,bca,2nd year,no formal,no,yes
3556,20,female,bba,3rd year,post graduate,no,yes
3557,22,other,b.sc,1st year,high school,yes,yes
3558,19,female,diploma,4th year,high school,no,yes
3559,18,male,b.sc,1st year,high school,no,yes
3560,20,other,ba,4th year,high school,yes,yes
3561,17,other,bca,1st year,post graduate,yes,yes
3562,18,male,bba,4th year,no formal,yes,no
3563,20,male,b.tech,4th year,post graduate,yes,yes
3564,23,female,bba,4th year,no formal,yes,yes
3565,23,other,bca,4th year,high school,yes,yes
3566,19,female,bba,2nd year,graduate,no,no
3567,20,male,diploma,3rd year,no formal,no,yes
3568,18,other,diploma,3rd year,phd,no,yes
3569,23,female,b.sc,1st year,post graduate,yes,yes
3570,18,female,nursing,4th year,post graduate,yes,no
3571,23,female,pharmacy,3rd year,phd,no,no
3572,23,male,nursing,2nd year,high school,yes,yes
3573,22,male,nursing,1st year,no formal,yes,yes
3574,19,female,b.sc,3rd year,phd,yes,yes
3575,24,female,bca,4th year,post graduate,yes,yes
3576,22,male,bba,1st year,graduate,yes,yes
3577,22,male,pharmacy,4th year,no formal,no,no
3578,23,other,nursing,3rd year,high school,yes,no
3579,24,male,b.sc,4th year,graduate,yes,yes
3580,17,male,pharmacy,1st year,no formal,yes,yes
3581,24,female,diploma,1st year,graduate,yes,yes
3582,23,other,bba,3rd year,phd,no,yes
3583,18,other,bba,2nd year,graduate,yes,yes
3584,19,female,bba,2nd year,post graduate,no,yes
3585,23,other,diploma,3rd year,high school,yes,yes
3586,18,female,diploma,1st year,graduate,yes,no
3587,20,other,bba,2nd year,no formal,no,yes
3588,22,male,pharmacy,2nd year,post graduate,yes,no
3589,22,male,b.com,2nd year,graduate,yes,yes
3590,24,other,ba,3rd year,post graduate,yes,yes
3591,17,other,bca,1st year,high school,no,yes
3592,19,other,b.sc,4th year,high school,yes,yes
3593,24,female,bba,3rd year,post graduate,yes,no
3594,21,female,nursing,1st year,post graduate,yes,yes
3595,18,male,diploma,3rd year,post graduate,no,no
3596,19,female,diploma,1st year,no formal,yes,yes
3597,19,other,b.sc,1st year,no formal,yes,yes
3598,21,male,b.sc,3rd year,high school,yes,yes
3599,19,female,ba,1st year,high school,yes,yes
3600,21,male,b.com,3rd year,graduate,yes,yes
3601,20,female,b.tech,2nd year,graduate,yes,no
3602,21,other,bba,2nd year,no formal,yes,no
3603,18,other,diploma,3rd year,no formal,yes,no
3604,21,female,diploma,3rd year,phd,yes,yes
3605,24,other,b.tech,1st year,graduate,no,no
3606,18,other,nursing,4th year,no formal,yes,yes
3607,19,other,ba,3rd year,phd,yes,no
3608,22,other,b.sc,2nd year,high school,yes,no
3609,21,female,bba,1st year,post graduate,no,yes
3610,22,other,b.sc,2nd year,graduate,no,no
3611,21,male,diploma,3rd year,no formal,no,yes
3612,22,other,diploma,1st year,post graduate,no,no
3613,21,other,diploma,2nd year,high school,yes,no
3614,17,female,b.sc,4th year,no formal,yes,yes
3615,23,male,ba,1st year,high school,no,yes
3616,20,female,bba,4th year,phd,yes,no
3617,17,other,pharmacy,1st year,graduate,yes,yes
3618,20,male,bba,3rd year,graduate,yes,no
3619,20,other,bca,4th year,post graduate,yes,yes
3620,17,other,ba,4th year,high school,yes,yes
3621,24,female,b.com,3rd year,no formal,yes,no
3622,18,other,nursing,1st year,no formal,yes,yes
3623,19,other,nursing,1st year,no formal,yes,no
3624,20,female,b.tech,3rd year,phd,yes,yes
3625,23,other,bba,3rd year,phd,yes,no
3626,22,other,diploma,4th year,graduate,yes,yes
3627,23,male,b.sc,4th year,graduate,yes,no
3628,18,other,bca,4th year,high school,no,yes
3629,23,male,bba,3rd year,graduate,yes,no
3630,23,female,bba,3rd year,no formal,yes,no
3631,20,other,bca,3rd year,post graduate,yes,yes
3632,21,other,nursing,1st year,graduate,yes,no
3633,17,male,b.tech,2nd year,phd,no,yes
3634,23,female,b.sc,1st year,high school,yes,yes
3635,24,male,ba,2nd year,post graduate,yes,yes
3636,20,male,nursing,1st year,no formal,no,yes
3637,21,other,bca,4th year,no formal,yes,no
3638,20,male,b.sc,4th year,post graduate,yes,yes
3639,17,other,b.tech,3rd year,phd,yes,yes
3640,21,female,pharmacy,2nd year,phd,yes,no
3641,22,male,b.sc,1st year,no formal,yes,yes
3642,24,other,b.tech,3rd year,high school,yes,no
3643,24,male,ba,1st year,graduate,yes,yes
3644,20,male,bba,1st year,high school,yes,yes
3645,24,male,b.com,1st year,high school,yes,no
3646,21,other,b.sc,2nd year,high school,no,no
3647,22,female,b.tech,3rd year,no formal,yes,yes
3648,21,female,ba,2nd year,phd,no,yes
3649,24,male,pharmacy,4th year,high school,yes,yes
3650,22,other,b.sc,3rd year,graduate,yes,no
3651,17,other,bca,4th year,post graduate,yes,yes
3652,17,male,b.sc,2nd year,no formal,yes,yes
3653,20,other,diploma,2nd year,high school,no,no
3654,21,female,b.tech,1st year,post graduate,yes,yes
3655,22,other,b.sc,1st year,phd,yes,no
3656,20,male,b.tech,1st year,graduate,no,yes
3657,21,other,bca,1st year,phd,yes,yes
3658,24,male,diploma,4th year,no formal,yes,yes
3659,19,female,b.sc,3rd year,post graduate,yes,yes
3660,20,male,bba,3rd year,phd,yes,yes
3661,21,male,b.com,2nd year,post graduate,yes,yes
3662,20,male,b.tech,3rd year,no formal,yes,yes
3663,24,other,b.tech,3rd year,no formal,yes,yes
3664,24,male,pharmacy,4th year,graduate,yes,no
3665,21,other,bca,4th year,graduate,yes,yes
3666,20,female,bca,3rd year,post graduate,no,yes
3667,21,male,b.com,4th year,phd,no,no
3668,18,female,b.com,3rd year,graduate,yes,yes
3669,20,female,nursing,4th year,high school,no,yes
3670,18,male,ba,3rd year,no formal,yes,yes
3671,18,female,b.tech,4th year,phd,no,yes
3672,17,other,bba,1st year,post graduate,yes,yes
3673,21,other,bba,1st year,post graduate,yes,yes
3674,17,female,bca,2nd year,post graduate,yes,no
3675,22,other,bba,4th year,phd,yes,no
3676,20,other,nursing,4th year,phd,yes,yes
3677,19,male,b.com,2nd year,phd,yes,yes
3678,23,female,bca,2nd year,no formal,yes,yes
3679,21,other,nursing,2nd year,high school,yes,yes
3680,22,male,pharmacy,1st year,no formal,yes,yes
3681,22,female,pharmacy,3rd year,no formal,yes,no
3682,17,other,diploma,4th year,phd,yes,yes
3683,18,male,b.tech,4th year,graduate,yes,yes
3684,21,other,pharmacy,1st year,post graduate,yes,no
3685,24,other,b.tech,2nd year,graduate,yes,yes
3686,18,female,bba,3rd year,graduate,yes,no
3687,17,female,bba,3rd year,no formal,yes,yes
3688,24,female,diploma,3rd year,post graduate,yes,no
3689,24,female,nursing,3rd year,post graduate,yes,yes
3690,18,female,diploma,2nd year,no formal,no,yes
3691,20,female,b.com,2nd year,high school,yes,yes
3692,22,female,diploma,1st year,phd,yes,yes
3693,18,other,diploma,3rd year,phd,no,yes
3694,19,other,b.tech,2nd year,post graduate,yes,no
3695,20,female,bca,2nd year,phd,no,no
3696,22,female,b.sc,4th year,phd,yes,yes
3697,19,male,bca,4th year,post graduate,yes,yes
3698,20,male,b.com,4th year,graduate,yes,yes
3699,19,female,ba,1st year,post graduate,yes,yes
3700,23,male,b.com,4th year,phd,yes,no
3701,18,other,nursing,3rd year,phd,yes,yes
3702,18,male,pharmacy,1st year,high school,yes,no
3703,18,male,nursing,2nd year,high school,yes,yes
3704,24,male,diploma,1st year,no formal,yes,no
3705,24,male,ba,2nd year,no formal,no,no
3706,21,female,b.sc,3rd year,high school,yes,no
3707,18,other,bca,2nd year,high school,yes,no
3708,23,other,ba,3rd year,phd,yes,yes
3709,20,male,b.com,4th year,graduate,yes,yes
3710,23,male,b.com,1st year,post graduate,yes,yes
3711,19,female,b.sc,4th year,high school,yes,yes
3712,24,male,nursing,1st year,graduate,yes,no
3713,23,other,b.com,1st year,phd,yes,no
3714,18,male,pharmacy,1st year,high school,yes,no
3715,22,female,diploma,1st year,high school,no,no
3716,19,female,b.sc,2nd year,graduate,yes,yes
3717,19,female,b.tech,4th year,high school,yes,no
3718,19,female,ba,3rd year,graduate,yes,yes
3719,22,other,b.tech,2nd year,post graduate,yes,yes
3720,19,female,pharmacy,4th year,graduate,yes,yes
3721,22,female,pharmacy,2nd year,no formal,yes,no
3722,21,other,bca,1st year,post graduate,yes,no
3723,23,other,b.com,1st year,phd,yes,yes
3724,24,other,nursing,3rd year,high school,yes,no
3725,17,male,bca,1st year,no formal,yes,yes
3726,24,other,ba,2nd year,graduate,yes,yes
3727,17,other,nursing,2nd year,no formal,yes,yes
3728,21,other,b.sc,2nd year,high school,yes,yes
3729,19,other,bca,4th year,post graduate,yes,yes
3730,22,female,diploma,1st year,high school,yes,no
3731,22,other,pharmacy,1st year,high school,yes,yes
3732,23,female,b.sc,2nd year,high school,no,yes
3733,20,other,b.com,3rd year,post graduate,yes,yes
3734,24,female,nursing,2nd year,phd,yes,no
3735,19,other,bba,1st year,phd,yes,no
3736,18,other,diploma,3rd year,no formal,yes,no
3737,20,other,diploma,3rd year,post graduate,yes,no
3738,21,male,b.com,3rd year,high school,yes,yes
3739,22,other,b.com,3rd year,phd,no,yes
3740,23,male,bba,3rd year,graduate,yes,no
3741,18,other,b.tech,3rd year,phd,no,no
3742,19,male,nursing,3rd year,graduate,no,no
3743,24,male,b.sc,4th year,high school,yes,yes
3744,20,female,pharmacy,2nd year,phd,yes,yes
3745,18,female,nursing,2nd year,high school,yes,yes
3746,24,other,ba,1st year,post graduate,yes,yes
3747,20,female,b.tech,4th year,no formal,yes,yes
3748,24,male,nursing,1st year,post graduate,yes,no
3749,24,female,bba,1st year,phd,yes,no
3750,24,female,b.sc,1st year,high school,yes,yes
3751,21,female,ba,2nd year,phd,no,no
3752,23,female,pharmacy,1st year,no formal,yes,no
3753,24,other,diploma,3rd year,no formal,yes,yes
3754,19,other,diploma,4th year,high school,yes,no
3755,17,male,bba,2nd year,high school,yes,yes
3756,19,male,b.sc,4th year,post graduate,yes,yes
3757,22,male,pharmacy,2nd year,phd,no,yes
3758,21,male,diploma,4th year,no formal,yes,no
3759,17,other,bba,1st year,post graduate,yes,yes
3760,21,female,diploma,3rd year,phd,yes,no
3761,18,female,ba,4th year,graduate,yes,yes
3762,21,female,diploma,3rd year,phd,yes,yes
3763,21,other,pharmacy,4th year,no formal,yes,no
3764,22,other,ba,3rd year,post graduate,yes,yes
3765,20,female,b.tech,3rd year,graduate,yes,no
3766,20,female,diploma,3rd year,graduate,yes,no
3767,22,female,nursing,2nd year,post graduate,no,yes
3768,22,other,nursing,1st year,post graduate,yes,yes
3769,23,other,pharmacy,4th year,graduate,yes,no
3770,19,male,ba,4th year,high school,no,yes
3771,20,other,pharmacy,4th year,high school,no,yes
3772,19,female,b.sc,4th year,phd,yes,no
3773,21,other,bca,1st year,graduate,yes,no
3774,18,other,nursing,1st year,high school,yes,yes
3775,20,other,pharmacy,2nd year,graduate,yes,yes
3776,18,male,bca,3rd year,post graduate,yes,no
3777,21,male,bba,1st year,no formal,yes,yes
3778,23,other,bba,4th year,no formal,yes,no
3779,24,male,nursing,1st year,graduate,yes,no
3780,20,male,nursing,4th year,post graduate,yes,yes
3781,17,male,b.com,2nd year,graduate,yes,no
3782,18,female,b.sc,2nd year,high school,yes,yes
3783,17,male,nursing,2nd year,post graduate,yes,yes
3784,23,male,nursing,2nd year,no formal,yes,no
3785,24,female,b.tech,3rd year,post graduate,yes,yes
3786,21,female,bba,2nd year,graduate,yes,yes
3787,18,female,bba,2nd year,high school,yes,yes
3788,17,other,b.tech,2nd year,no formal,yes,yes
3789,24,other,bca,1st year,post graduate,yes,yes
3790,19,male,pharmacy,1st year,no formal,yes,yes
3791,17,other,b.sc,2nd year,graduate,yes,yes
3792,18,male,nursing,1st year,phd,yes,yes
3793,19,female,b.tech,2nd year,post graduate,no,yes
3794,22,female,b.sc,2nd year,no formal,yes,yes
3795,24,other,bca,1st year,phd,yes,no
3796,19,male,pharmacy,2nd year,post graduate,yes,no
3797,22,other,nursing,3rd year,phd,no,no
3798,17,female,pharmacy,4th year,no formal,yes,yes
3799,17,other,pharmacy,2nd year,phd,no,yes
3800,17,other,nursing,3rd year,post graduate,yes,yes
3801,24,female,ba,1st year,phd,yes,yes
3802,21,male,b.sc,2nd year,phd,yes,no
3803,23,other,nursing,3rd year,phd,yes,yes
3804,17,female,b.sc,2nd year,graduate,yes,no
3805,17,female,bba,4th year,phd,yes,yes
3806,23,female,diploma,4th year,phd,yes,no
3807,17,male,b.tech,4th year,phd,yes,yes
3808,18,male,pharmacy,2nd year,post graduate,yes,yes
3809,21,other,b.com,1st year,phd,yes,no
3810,21,male,b.sc,3rd year,graduate,yes,yes
3811,18,female,ba,4th year,graduate,yes,yes
3812,20,other,bba,1st year,no formal,yes,no
3813,22,male,bba,4th year,graduate,yes,no
3814,20,female,b.sc,1st year,phd,no,yes
3815,20,other,b.sc,3rd year,no formal,no,no
3816,17,other,bba,4th year,phd,yes,yes
3817,20,male,b.com,1st year,post graduate,yes,no
3818,23,female,bca,2nd year,no formal,yes,yes
3819,22,male,pharmacy,4th year,high school,yes,no
3820,24,female,b.tech,2nd year,no formal,yes,yes
3821,18,male,b.tech,3rd year,post graduate,no,no
3822,17,other,bca,1st year,high school,yes,no
3823,21,male,b.tech,3rd year,no formal,yes,no
3824,18,other,bca,3rd year,no formal,yes,yes
3825,21,female,bba,3rd year,graduate,no,no
3826,24,other,bba,3rd year,high school,no,yes
3827,19,male,bca,2nd year,phd,no,yes
3828,21,male,pharmacy,3rd year,phd,yes,no
3829,22,female,b.sc,2nd year,high school,yes,yes
3830,18,other,b.sc,4th year,phd,yes,yes
3831,24,other,diploma,3rd year,no formal,no,no
3832,18,other,b.tech,2nd year,graduate,yes,no
3833,23,female,ba,4th year,graduate,yes,yes
3834,22,other,bba,2nd year,high school,no,yes
3835,18,female,ba,4th year,post graduate,yes,yes
3836,22,other,bba,4th year,graduate,yes,no
3837,18,other,b.sc,3rd year,phd,yes,no
3838,21,other,b.com,2nd year,phd,yes,yes
3839,24,female,b.tech,2nd year,phd,yes,yes
3840,24,female,pharmacy,4th year,post graduate,yes,no
3841,23,female,nursing,2nd year,high school,yes,yes
3842,20,other,b.com,3rd year,phd,yes,yes
3843,21,other,b.tech,4th year,high school,yes,yes
3844,19,other,b.com,1st year,post graduate,no,no
3845,24,other,pharmacy,1st year,graduate,yes,yes
3846,20,other,nursing,4th year,graduate,no,no
3847,23,other,bca,4th year,phd,yes,no
3848,19,other,pharmacy,2nd year,no formal,no,yes
3849,22,other,b.sc,1st year,phd,no,yes
3850,18,male,bba,3rd year,phd,yes,yes
3851,22,other,nursing,3rd year,graduate,no,no
3852,17,female,b.tech,2nd year,post graduate,yes,no
3853,17,other,ba,1st year,high school,no,no
3854,19,female,ba,3rd year,post graduate,yes,yes
3855,20,female,b.sc,2nd year,no formal,no,no
3856,22,other,b.com,3rd year,post graduate,yes,yes
3857,19,female,pharmacy,3rd year,post graduate,yes,yes
3858,17,other,bba,2nd year,high school,yes,no
3859,19,male,b.tech,3rd year,phd,yes,no
3860,20,other,diploma,4th year,high school,yes,yes
3861,21,female,bca,3rd year,graduate,yes,yes
3862,22,other,ba,1st year,phd,yes,no
3863,18,male,ba,3rd year,no formal,no,yes
3864,21,female,bba,2nd year,graduate,yes,yes
3865,22,female,pharmacy,3rd year,post graduate,yes,yes
3866,23,male,diploma,1st year,no formal,yes,no
3867,21,female,ba,3rd year,graduate,no,no
3868,23,female,b.com,3rd year,post graduate,yes,yes
3869,18,other,b.tech,1st year,phd,yes,no
3870,22,other,b.sc,2nd year,high school,no,yes
3871,17,female,b.sc,2nd year,phd,no,no
3872,17,female,nursing,3rd year,post graduate,yes,no
3873,23,male,bca,3rd year,graduate,yes,no
3874,20,other,b.tech,3rd year,graduate,no,no
3875,21,other,pharmacy,4th year,phd,yes,yes
3876,21,other,b.sc,4th year,post graduate,yes,yes
3877,22,female,bca,2nd year,graduate,yes,no
3878,18,female,b.tech,4th year,phd,yes,yes
3879,18,other,bca,2nd year,post graduate,yes,no
3880,17,other,bba,4th year,high school,yes,yes
3881,23,male,pharmacy,2nd year,post graduate,yes,yes
3882,18,female,bca,2nd year,phd,yes,yes
3883,21,female,bba,3rd year,post graduate,yes,yes
3884,20,female,bba,3rd year,post graduate,yes,no
3885,18,female,bca,1st year,post graduate,no,no
3886,20,male,ba,1st year,phd,no,yes
3887,17,female,diploma,4th year,no formal,no,no
3888,18,male,bba,1st year,phd,yes,no
3889,18,male,pharmacy,2nd year,phd,yes,yes
3890,23,male,b.sc,2nd year,no formal,yes,yes
3891,21,female,diploma,2nd year,post graduate,yes,no
3892,24,female,nursing,2nd year,graduate,no,yes
3893,20,female,diploma,4th year,high school,yes,no
3894,18,male,pharmacy,3rd year,no formal,yes,yes
3895,21,other,ba,4th year,high school,no,no
3896,24,female,bba,2nd year,post graduate,yes,no
3897,21,female,b.sc,2nd year,graduate,yes,yes
3898,17,female,ba,3rd year,no formal,no,yes
3899,19,female,b.sc,1st year,high school,yes,no
3900,24,female,nursing,4th year,no formal,yes,yes
3901,21,other,nursing,4th year,high school,no,yes
3902,24,other,b.sc,1st year,phd,no,yes
3903,21,other,nursing,1st year,post graduate,yes,no
3904,17,female,b.com,2nd year,phd,no,yes
3905,23,female,diploma,1st year,no formal,yes,yes
3906,23,male,pharmacy,1st year,post graduate,no,yes
3907,22,female,nursing,4th year,high school,no,yes
3908,24,other,b.sc,1st year,graduate,yes,no
3909,18,male,b.sc,2nd year,phd,no,yes
3910,24,other,b.sc,4th year,phd,yes,no
3911,18,other,nursing,2nd year,post graduate,no,yes
3912,24,female,bba,1st year,phd,yes,no
3913,18,female,b.sc,1st year,graduate,yes,no
3914,21,other,bca,1st year,no formal,no,no
3915,23,male,bba,3rd year,phd,yes,yes
3916,17,male,bca,2nd year,no formal,yes,yes
3917,17,male,bca,1st year,high school,yes,yes
3918,23,other,b.sc,2nd year,phd,yes,no
3919,17,female,ba,2nd year,phd,yes,no
3920,21,male,diploma,3rd year,no formal,yes,yes
3921,24,male,pharmacy,2nd year,phd,yes,yes
3922,21,female,b.com,4th year,post graduate,yes,yes
3923,20,female,bca,2nd year,no formal,yes,yes
3924,20,male,pharmacy,3rd year,graduate,yes,yes
3925,22,male,bca,3rd year,high school,yes,no
3926,21,other,b.com,2nd year,graduate,yes,no
3927,21,other,bca,1st year,no formal,yes,yes
3928,18,male,b.tech,3rd year,no formal,yes,yes
3929,22,female,bba,4th year,post graduate,yes,yes
3930,22,male,bca,4th year,post graduate,no,yes
3931,22,female,b.tech,4th year,no formal,yes,no
3932,17,male,b.sc,1st year,post graduate,yes,yes
3933,22,other,pharmacy,2nd year,graduate,no,yes
3934,22,other,bca,3rd year,phd,yes,yes
3935,18,other,bba,3rd year,graduate,yes,no
3936,23,male,b.com,3rd year,graduate,yes,no
3937,21,other,b.sc,1st year,no formal,no,yes
3938,20,female,ba,3rd year,phd,yes,yes
3939,22,male,bba,3rd year,post graduate,yes,no
3940,21,male,b.sc,1st year,no formal,yes,yes
3941,21,other,nursing,3rd year,no formal,yes,no
3942,19,other,ba,3rd year,high school,no,yes
3943,24,other,b.tech,4th year,graduate,no,yes
3944,24,male,b.sc,4th year,phd,yes,yes
3945,18,female,nursing,2nd year,post graduate,yes,no
3946,22,other,ba,3rd year,no formal,yes,yes
3947,17,male,ba,3rd year,no formal,yes,yes
3948,19,male,b.sc,1st year,high school,yes,yes
3949,24,male,nursing,4th year,no formal,yes,no
3950,18,male,nursing,1st year,no formal,yes,no
3951,20,other,b.com,4th year,no formal,yes,yes
3952,18,male,diploma,3rd year,post graduate,yes,no
3953,22,male,bba,4th year,post graduate,yes,yes
3954,20,male,b.sc,3rd year,post graduate,yes,yes
3955,21,other,nursing,1st year,no formal,yes,yes
3956,24,female,b.tech,4th year,phd,yes,yes
3957,21,other,nursing,2nd year,high school,yes,yes
3958,22,male,b.tech,2nd year,no formal,yes,no
3959,17,female,b.com,4th year,no formal,yes,yes
3960,18,other,b.com,1st year,high school,no,no
3961,24,other,b.com,3rd year,no formal,yes,no
3962,23,female,bba,4th year,high school,no,yes
3963,22,male,diploma,3rd year,post graduate,no,yes
3964,20,male,ba,3rd year,phd,no,no
3965,18,female,bba,3rd year,no formal,yes,yes
3966,23,female,pharmacy,3rd year,graduate,yes,no
3967,23,male,bba,1st year,high school,yes,yes
3968,18,male,nursing,3rd year,high school,yes,no
3969,21,female,ba,4th year,post graduate,yes,yes
3970,21,male,b.tech,2nd year,high school,yes,yes
3971,20,female,b.com,4th year,graduate,yes,no
3972,24,male,b.sc,1st year,high school,yes,yes
3973,17,male,pharmacy,1st year,high school,yes,yes
3974,19,male,b.tech,1st year,post graduate,yes,yes
3975,17,female,nursing,3rd year,high school,yes,yes
3976,22,male,b.sc,2nd year,graduate,yes,yes
3977,22,female,b.sc,3rd year,post graduate,no,yes
3978,24,other,bba,3rd year,post graduate,yes,yes
3979,21,other,b.tech,2nd year,post graduate,yes,yes
3980,18,other,b.tech,2nd year,graduate,yes,yes
3981,20,other,diploma,4th year,graduate,yes,yes
3982,17,other,b.tech,4th year,no formal,yes,yes
3983,22,other,bca,2nd year,post graduate,no,no
3984,22,male,b.sc,1st year,post graduate,yes,no
3985,23,female,b.tech,4th year,graduate,yes,yes
3986,19,other,diploma,3rd year,post graduate,yes,no
3987,19,other,ba,2nd year,post graduate,no,no
3988,17,female,b.tech,3rd year,no formal,yes,yes
3989,20,male,diploma,3rd year,high school,yes,yes
3990,20,male,pharmacy,1st year,post graduate,yes,yes
3991,23,female,bca,4th year,no formal,yes,yes
3992,23,other,ba,3rd year,phd,yes,no
3993,18,female,nursing,1st year,high school,yes,yes
3994,19,male,ba,4th year,post graduate,no,no
3995,21,other,bca,4th year,graduate,yes,yes
3996,19,female,bba,4th year,post graduate,yes,no
3997,17,female,diploma,3rd year,high school,no,yes
3998,23,other,bba,2nd year,post graduate,yes,yes
3999,22,female,bba,3rd year,no formal,yes,yes
4000,21,female,ba,3rd year,high school,yes,yes
4001,19,other,b.com,3rd year,no formal,yes,yes
4002,23,female,bba,1st year,no formal,yes,yes
4003,17,female,b.tech,2nd year,no formal,yes,yes
4004,20,female,ba,2nd year,graduate,yes,no
4005,23,other,b.tech,3rd year,no formal,yes,yes
4006,24,male,b.com,2nd year,high school,yes,no
4007,19,male,ba,3rd year,graduate,yes,yes
4008,22,other,b.tech,4th year,post graduate,yes,yes
4009,18,female,b.com,2nd year,no formal,yes,no
4010,17,male,diploma,3rd year,post graduate,yes,no
4011,19,female,pharmacy,1st year,graduate,yes,no
4012,24,male,bca,1st year,no formal,yes,yes
4013,22,female,diploma,1st year,no formal,yes,yes
4014,20,male,diploma,4th year,phd,no,no
4015,19,female,pharmacy,2nd year,graduate,yes,yes
4016,18,other,pharmacy,3rd year,phd,no,yes
4017,19,male,b.sc,3rd year,graduate,yes,no
4018,18,other,bba,1st year,no formal,yes,yes
4019,18,male,pharmacy,1st year,post graduate,yes,no
4020,22,female,nursing,4th year,graduate,yes,no
4021,18,other,bba,4th year,high school,no,yes
4022,17,other,ba,3rd year,high school,yes,no
4023,21,male,b.tech,2nd year,graduate,yes,no
4024,19,male,bba,2nd year,phd,yes,no
4025,20,other,bba,4th year,high school,yes,yes
4026,18,other,bca,1st year,graduate,yes,yes
4027,18,female,bba,1st year,no formal,yes,yes
4028,20,male,b.sc,2nd year,post graduate,yes,yes
4029,22,female,pharmacy,1st year,phd,yes,yes
4030,20,female,b.sc,1st year,phd,yes,no
4031,21,female,ba,2nd year,phd,no,no
4032,21,male,bba,4th year,post graduate,yes,yes
4033,19,male,b.com,3rd year,graduate,yes,yes
4034,19,other,b.tech,2nd year,phd,yes,yes
4035,20,male,bca,2nd year,no formal,yes,no
4036,17,other,b.com,2nd year,high school,yes,yes
4037,22,female,nursing,2nd year,no formal,yes,yes
4038,21,female,nursing,4th year,high school,yes,no
4039,19,other,ba,4th year,high school,yes,yes
4040,19,male,bba,4th year,graduate,no,yes
4041,19,other,pharmacy,2nd year,post graduate,yes,no
4042,22,male,b.tech,4th year,phd,yes,no
4043,23,female,ba,3rd year,graduate,yes,yes
4044,17,female,b.tech,4th year,no formal,yes,no
4045,20,female,b.sc,1st year,no formal,yes,yes
4046,17,male,pharmacy,4th year,graduate,yes,yes
4047,20,other,b.tech,4th year,post graduate,no,yes
4048,18,male,pharmacy,4th year,phd,yes,yes
4049,19,female,nursing,3rd year,high school,yes,no
4050,20,female,bca,2nd year,no formal,no,no
4051,19,female,diploma,1st year,no formal,yes,yes
4052,20,female,b.sc,1st year,post graduate,yes,yes
4053,23,other,b.sc,4th year,phd,no,no
4054,23,other,ba,1st year,no formal,no,yes
4055,17,male,diploma,2nd year,no formal,no,no
4056,20,female,b.com,2nd year,no formal,yes,no
4057,23,female,b.sc,3rd year,graduate,yes,no
4058,21,female,nursing,2nd year,high school,yes,yes
4059,18,other,bca,1st year,phd,yes,no
4060,21,female,bba,2nd year,phd,yes,yes
4061,18,female,ba,2nd year,graduate,no,no
4062,17,male,nursing,1st year,no formal,yes,yes
4063,22,female,diploma,2nd year,graduate,no,no
4064,21,female,ba,3rd year,high school,yes,yes
4065,23,female,b.sc,2nd year,phd,yes,yes
4066,19,other,nursing,2nd year,post graduate,yes,no
4067,23,male,b.sc,4th year,phd,yes,yes
4068,20,male,ba,2nd year,high school,yes,no
4069,22,female,pharmacy,4th year,high school,yes,no
4070,17,male,ba,3rd year,graduate,yes,yes
4071,17,other,nursing,3rd year,phd,yes,yes
4072,23,other,bba,2nd year,graduate,yes,yes
4073,23,female,diploma,4th year,high school,yes,yes
4074,24,female,bca,2nd year,phd,yes,no
4075,19,male,b.com,3rd year,high school,no,yes
4076,17,female,pharmacy,1st year,phd,no,yes
4077,24,other,bba,2nd year,post graduate,yes,yes
4078,21,other,bba,3rd year,no formal,yes,yes
4079,18,other,bca,4th year,graduate,yes,yes
4080,23,female,pharmacy,4th year,post graduate,yes,no
4081,24,female,nursing,1st year,phd,yes,no
4082,19,male,ba,1st year,graduate,yes,yes
4083,23,other,b.com,4th year,no formal,yes,yes
4084,23,other,b.com,4th year,high school,yes,no
4085,21,female,b.com,1st year,phd,yes,yes
4086,22,other,b.com,4th year,graduate,yes,yes
4087,19,male,ba,4th year,high school,yes,no
4088,24,male,b.tech,4th year,phd,yes,yes
4089,24,female,bba,1st year,graduate,yes,no
4090,24,male,nursing,4th year,post graduate,yes,no
4091,22,male,ba,2nd year,no formal,yes,yes
4092,17,other,b.tech,3rd year,graduate,yes,yes
4093,19,female,ba,2nd year,no formal,yes,yes
4094,20,female,ba,1st year,no formal,yes,yes
4095,24,other,bca,3rd year,graduate,yes,no
4096,21,female,b.com,1st year,post graduate,yes,no
4097,21,female,b.com,2nd year,no formal,no,yes
4098,18,female,diploma,1st year,graduate,no,yes
4099,23,female,b.sc,4th year,graduate,no,yes
4100,19,other,pharmacy,2nd year,graduate,yes,yes
4101,17,female,b.com,1st year,phd,no,yes
4102,24,female,nursing,4th year,phd,yes,yes
4103,18,female,b.tech,3rd year,no formal,yes,no
4104,17,male,b.com,1st year,phd,yes,yes
4105,17,male,ba,2nd year,no formal,yes,yes
4106,20,male,bba,3rd year,phd,yes,yes
4107,17,male,b.tech,4th year,post graduate,no,yes
4108,23,female,b.com,4th year,post graduate,yes,yes
4109,21,other,nursing,4th year,high school,yes,no
4110,19,other,pharmacy,1st year,graduate,no,no
4111,17,other,ba,2nd year,graduate,yes,yes
4112,20,female,b.sc,1st year,high school,no,yes
4113,18,male,b.com,2nd year,graduate,no,no
4114,24,female,pharmacy,2nd year,phd,yes,yes
4115,19,other,pharmacy,2nd year,no formal,yes,yes
4116,20,other,nursing,1st year,graduate,yes,yes
4117,17,other,nursing,2nd year,high school,no,yes
4118,18,female,diploma,2nd year,high school,yes,yes
4119,18,female,bca,4th year,graduate,yes,yes
4120,17,female,diploma,2nd year,no formal,yes,no
4121,22,male,bca,1st year,no formal,yes,yes
4122,24,male,ba,3rd year,phd,yes,no
4123,24,male,bca,2nd year,high school,yes,yes
4124,19,other,b.com,1st year,high school,yes,yes
4125,23,male,bca,3rd year,post graduate,yes,no
4126,21,other,ba,3rd year,post graduate,yes,no
4127,17,female,bba,2nd year,phd,yes,yes
4128,17,other,b.sc,1st year,post graduate,yes,no
4129,21,male,pharmacy,2nd year,high school,yes,no
4130,20,male,diploma,2nd year,high school,yes,yes
4131,17,male,b.tech,4th year,post graduate,yes,yes
4132,24,female,bba,1st year,phd,yes,yes
4133,22,female,bba,1st year,phd,yes,yes
4134,21,male,nursing,4th year,phd,yes,yes
4135,24,other,diploma,4th year,post graduate,yes,yes
4136,24,other,nursing,3rd year,no formal,yes,no
4137,24,male,bba,2nd year,graduate,no,yes
4138,19,male,b.sc,1st year,no formal,yes,no
4139,24,other,diploma,4th year,graduate,yes,no
4140,21,female,b.sc,3rd year,post graduate,yes,yes
4141,22,other,bca,2nd year,post graduate,yes,no
4142,23,other,ba,2nd year,high school,yes,yes
4143,18,other,ba,1st year,post graduate,yes,yes
4144,20,male,b.sc,4th year,high school,yes,no
4145,18,female,nursing,1st year,post graduate,yes,no
4146,19,female,diploma,4th year,phd,yes,no
4147,20,other,ba,1st year,high school,yes,yes
4148,23,male,diploma,1st year,no formal,yes,yes
4149,23,male,pharmacy,1st year,phd,yes,yes
4150,20,female,diploma,2nd year,graduate,no,no
4151,19,other,pharmacy,1st year,high school,yes,no
4152,21,other,bba,2nd year,high school,yes,yes
4153,24,female,ba,4th year,graduate,no,no
4154,24,female,nursing,3rd year,high school,yes,yes
4155,18,male,bca,2nd year,phd,no,no
4156,18,other,bca,1st year,high school,yes,yes
4157,22,male,bca,1st year,graduate,yes,yes
4158,19,male,pharmacy,3rd year,high school,no,yes
4159,18,female,diploma,2nd year,post graduate,yes,no
4160,17,female,nursing,4th year,post graduate,yes,yes
4161,20,female,b.tech,2nd year,graduate,yes,no
4162,20,other,diploma,2nd year,phd,yes,yes
4163,21,male,b.com,3rd year,high school,yes,yes
4164,18,other,b.sc,4th year,graduate,yes,yes
4165,22,male,b.com,4th year,post graduate,yes,yes
4166,22,male,nursing,1st year,phd,yes,yes
4167,20,male,nursing,2nd year,high school,yes,yes
4168,18,other,b.com,4th year,no formal,no,yes
4169,21,other,b.sc,4th year,post graduate,no,no
4170,22,other,ba,4th year,graduate,no,no
4171,19,male,b.com,1st year,no formal,yes,yes
4172,19,other,bba,2nd year,phd,yes,no
4173,21,male,nursing,4th year,graduate,yes,yes
4174,19,female,b.com,1st year,post graduate,yes,yes
4175,20,other,b.sc,3rd year,high school,yes,no
4176,19,male,b.tech,3rd year,phd,no,no
4177,19,male,diploma,3rd year,graduate,yes,no
4178,22,male,b.sc,3rd year,graduate,yes,no
4179,20,other,b.sc,1st year,graduate,yes,no
4180,20,female,nursing,1st year,phd,yes,yes
4181,22,male,b.tech,2nd year,post graduate,yes,yes
4182,19,female,bca,4th year,no formal,no,yes
4183,17,other,b.tech,4th year,phd,yes,yes
4184,23,male,pharmacy,4th year,no formal,yes,yes
4185,17,female,diploma,1st year,graduate,yes,no
4186,21,male,nursing,4th year,high school,yes,yes
4187,19,male,bca,3rd year,graduate,yes,no
4188,18,female,ba,2nd year,phd,yes,yes
4189,17,female,pharmacy,3rd year,no formal,yes,yes
4190,24,female,nursing,2nd year,no formal,yes,no
4191,20,male,b.tech,2nd year,phd,yes,no
4192,19,female,bca,1st year,high school,yes,no
4193,22,female,bba,3rd year,graduate,yes,yes
4194,17,female,b.com,2nd year,phd,yes,yes
4195,21,female,bba,4th year,post graduate,yes,yes
4196,20,male,pharmacy,1st year,post graduate,yes,no
4197,21,male,b.tech,2nd year,no formal,yes,no
4198,17,other,pharmacy,1st year,high school,yes,yes
4199,24,female,diploma,1st year,graduate,yes,yes
4200,18,female,b.sc,3rd year,no formal,yes,no
4201,22,other,b.com,4th year,post graduate,yes,yes
4202,22,male,nursing,1st year,post graduate,yes,yes
4203,19,other,diploma,1st year,high school,yes,no
4204,18,female,b.tech,1st year,phd,yes,no
4205,19,other,b.sc,4th year,phd,no,yes
4206,23,female,pharmacy,3rd year,post graduate,yes,no
4207,24,female,b.sc,2nd year,high school,yes,no
4208,24,female,bca,3rd year,no formal,yes,yes
4209,18,male,pharmacy,1st year,post graduate,no,yes
4210,21,female,b.sc,4th year,graduate,yes,yes
4211,18,other,b.tech,1st year,post graduate,yes,no
4212,22,female,nursing,3rd year,graduate,yes,yes
4213,20,male,pharmacy,1st year,no formal,no,no
4214,22,other,bba,1st year,phd,yes,yes
4215,22,male,b.com,3rd year,phd,yes,yes
4216,24,male,b.tech,3rd year,post graduate,yes,no
4217,20,male,pharmacy,2nd year,no formal,yes,yes
4218,19,male,nursing,3rd year,phd,yes,yes
4219,21,male,pharmacy,4th year,phd,yes,no
4220,18,male,nursing,2nd year,graduate,yes,yes
4221,17,other,ba,4th year,graduate,yes,yes
4222,21,female,bba,1st year,no formal,no,no
4223,23,male,ba,4th year,post graduate,yes,no
4224,21,female,diploma,4th year,post graduate,yes,yes
4225,23,other,b.tech,2nd year,high school,yes,yes
4226,18,other,b.tech,1st year,post graduate,yes,yes
4227,20,male,pharmacy,2nd year,high school,yes,yes
4228,21,male,b.com,2nd year,no formal,yes,yes
4229,19,other,b.tech,3rd year,no formal,yes,yes
4230,17,female,diploma,1st year,post graduate,yes,no
4231,17,other,ba,1st year,high school,yes,yes
4232,24,male,b.com,4th year,no formal,yes,no
4233,21,male,ba,4th year,phd,yes,yes
4234,19,female,bba,3rd year,post graduate,no,yes
4235,19,male,bca,4th year,high school,yes,yes
4236,17,other,pharmacy,4th year,post graduate,yes,yes
4237,24,other,nursing,4th year,graduate,yes,yes
4238,17,male,nursing,4th year,no formal,yes,no
4239,23,female,bba,1st year,high school,yes,yes
4240,18,female,bca,4th year,post graduate,yes,no
4241,19,female,b.sc,4th year,post graduate,yes,yes
4242,19,female,bca,1st year,graduate,yes,yes
4243,23,female,diploma,1st year,phd,yes,yes
4244,17,other,nursing,2nd year,graduate,yes,no
4245,19,male,b.tech,4th year,no formal,no,no
4246,19,male,nursing,4th year,phd,yes,yes
4247,19,other,bba,3rd year,no formal,yes,no
4248,18,other,b.tech,4th year,phd,yes,no
4249,24,female,pharmacy,1st year,no formal,yes,no
4250,20,other,bba,4th year,high school,yes,yes
4251,20,male,ba,4th year,no formal,yes,no
4252,20,other,b.sc,4th year,post graduate,yes,no
4253,24,other,b.tech,2nd year,high school,yes,no
4254,19,male,b.tech,3rd year,graduate,yes,no
4255,19,male,b.com,2nd year,no formal,yes,yes
4256,19,female,b.com,2nd year,phd,yes,yes
4257,19,other,bba,4th year,graduate,yes,yes
4258,17,male,bca,3rd year,high school,yes,yes
4259,21,female,pharmacy,4th year,no formal,yes,yes
4260,17,other,nursing,2nd year,graduate,yes,no
4261,18,male,bba,1st year,post graduate,yes,no
4262,18,female,pharmacy,1st year,no formal,yes,no
4263,19,male,bca,3rd year,graduate,yes,yes
4264,23,male,ba,2nd year,phd,no,no
4265,21,female,b.sc,2nd year,phd,no,no
4266,24,male,ba,1st year,phd,yes,no
4267,19,male,b.tech,4th year,phd,no,no
4268,24,other,b.sc,1st year,high school,yes,yes
4269,17,male,pharmacy,3rd year,no formal,no,yes
4270,21,other,b.sc,2nd year,graduate,yes,no
4271,23,male,bca,4th year,post graduate,yes,no
4272,21,female,b.tech,3rd year,high school,yes,no
4273,24,other,bca,1st year,high school,yes,yes
4274,19,female,pharmacy,3rd year,no formal,yes,no
4275,17,female,bba,1st year,graduate,yes,yes
4276,23,other,b.sc,3rd year,no formal,no,yes
4277,17,male,b.tech,1st year,post graduate,no,yes
4278,23,other,diploma,3rd year,phd,yes,no
4279,22,other,b.tech,2nd year,phd,yes,no
4280,23,other,b.com,2nd year,high school,yes,yes
4281,20,female,nursing,4th year,no formal,yes,yes
4282,24,female,bba,2nd year,graduate,yes,yes
4283,18,female,nursing,1st year,post graduate,yes,no
4284,20,female,nursing,3rd year,phd,yes,yes
4285,17,other,bca,4th year,no formal,yes,yes
4286,23,other,pharmacy,1st year,no formal,yes,yes
4287,22,male,b.tech,2nd year,no formal,yes,yes
4288,23,male,b.com,3rd year,graduate,yes,yes
4289,23,other,b.com,1st year,no formal,no,yes
4290,19,female,pharmacy,4th year,phd,no,yes
4291,17,female,bca,1st year,high school,yes,yes
4292,24,male,b.com,2nd year,phd,no,no
4293,20,male,b.sc,3rd year,high school,yes,yes
4294,17,female,nursing,4th year,high school,yes,no
4295,24,other,nursing,2nd year,no formal,yes,yes
4296,24,other,b.tech,2nd year,high school,yes,no
4297,20,other,ba,4th year,post graduate,yes,yes
4298,23,male,bba,3rd year,post graduate,no,no
4299,17,male,b.com,1st year,post graduate,yes,no
4300,17,female,diploma,4th year,no formal,yes,yes
4301,19,female,diploma,1st year,high school,yes,no
4302,22,male,nursing,3rd year,graduate,yes,yes
4303,18,female,nursing,4th year,phd,yes,yes
4304,17,other,nursing,3rd year,high school,yes,yes
4305,22,male,ba,4th year,no formal,yes,yes
4306,23,other,b.com,3rd year,phd,yes,no
4307,22,female,b.com,3rd year,graduate,yes,yes
4308,23,female,nursing,1st year,high school,no,yes
4309,23,female,bca,1st year,high school,yes,yes
4310,21,other,b.com,3rd year,graduate,yes,no
4311,21,female,diploma,3rd year,graduate,no,no
4312,23,male,b.com,3rd year,post graduate,yes,yes
4313,19,male,b.com,1st year,post graduate,yes,yes
4314,17,other,b.tech,1st year,no formal,yes,yes
4315,23,male,pharmacy,1st year,no formal,yes,no
4316,19,other,b.com,1st year,post graduate,yes,no
4317,24,female,diploma,1st year,phd,yes,yes
4318,20,male,b.sc,4th year,phd,yes,no
4319,23,male,b.tech,4th year,phd,yes,yes
4320,17,other,diploma,1st year,post graduate,yes,yes
4321,22,male,b.tech,2nd year,high school,yes,yes
4322,20,male,b.sc,4th year,no formal,no,no
4323,20,male,b.com,2nd year,post graduate,no,yes
4324,19,female,bca,2nd year,phd,no,yes
4325,24,other,b.tech,2nd year,graduate,yes,no
4326,20,male,b.sc,2nd year,no formal,yes,yes
4327,23,other,ba,3rd year,post graduate,yes,no
4328,20,other,diploma,3rd year,high school,no,no
4329,17,male,b.tech,3rd year,post graduate,yes,yes
4330,24,male,b.com,3rd year,no formal,yes,yes
4331,18,female,b.sc,2nd year,high school,no,yes
4332,19,male,b.com,2nd year,post graduate,yes,no
4333,23,male,b.com,4th year,phd,yes,yes
4334,24,female,bca,2nd year,high school,yes,yes
4335,24,other,b.tech,4th year,post graduate,yes,no
4336,20,other,pharmacy,2nd year,high school,yes,no
4337,23,female,b.com,2nd year,post graduate,yes,yes
4338,19,male,pharmacy,3rd year,graduate,yes,yes
4339,22,male,diploma,2nd year,post graduate,yes,yes
4340,21,female,ba,2nd year,high school,yes,yes
4341,17,male,b.com,2nd year,no formal,no,yes
4342,20,female,pharmacy,3rd year,post graduate,no,yes
4343,20,other,pharmacy,1st year,no formal,yes,yes
4344,19,other,bca,2nd year,graduate,yes,yes
4345,19,male,b.tech,4th year,no formal,yes,no
4346,21,male,pharmacy,2nd year,graduate,yes,yes
4347,17,male,bba,3rd year,no formal,yes,yes
4348,18,female,b.tech,2nd year,no formal,yes,yes
4349,23,male,nursing,4th year,phd,yes,no
4350,19,other,b.tech,1st year,phd,yes,yes
4351,21,other,ba,4th year,graduate,no,yes
4352,21,male,b.tech,4th year,high school,yes,yes
4353,21,female,ba,2nd year,post graduate,no,yes
4354,20,female,nursing,4th year,high school,yes,yes
4355,20,male,b.sc,4th year,no formal,yes,yes
4356,23,other,b.sc,1st year,high school,yes,no
4357,24,other,pharmacy,3rd year,post graduate,yes,no
4358,19,male,b.sc,1st year,phd,yes,no
4359,22,female,b.sc,4th year,post graduate,yes,yes
4360,24,female,bca,4th year,post graduate,yes,yes
4361,17,male,b.com,2nd year,post graduate,yes,yes
4362,23,male,pharmacy,2nd year,no formal,yes,yes
4363,20,male,b.sc,4th year,post graduate,yes,yes
4364,24,other,bca,2nd year,no formal,yes,yes
4365,21,female,pharmacy,3rd year,graduate,yes,yes
4366,23,other,diploma,3rd year,graduate,yes,no
4367,18,male,b.tech,2nd year,post graduate,yes,yes
4368,18,female,b.sc,2nd year,no formal,no,yes
4369,24,female,b.sc,4th year,phd,yes,yes
4370,21,female,pharmacy,2nd year,post graduate,yes,yes
4371,21,other,b.sc,2nd year,high school,yes,no
4372,18,female,b.tech,4th year,high school,no,yes
4373,18,male,ba,3rd year,no formal,yes,no
4374,23,male,b.com,3rd year,high school,no,no
4375,19,female,b.sc,2nd year,no formal,no,no
4376,21,male,bba,3rd year,post graduate,yes,no
4377,19,male,pharmacy,1st year,post graduate,yes,yes
4378,19,male,b.com,1st year,graduate,yes,no
4379,18,male,pharmacy,4th year,phd,yes,yes
4380,24,male,bca,2nd year,no formal,yes,no
4381,24,female,ba,4th year,phd,yes,no
4382,17,female,diploma,4th year,high school,yes,yes
4383,19,male,ba,2nd year,post graduate,yes,yes
4384,21,male,b.sc,4th year,phd,yes,no
4385,20,female,b.com,3rd year,no formal,yes,yes
4386,22,male,b.tech,4th year,phd,yes,no
4387,19,other,bca,2nd year,phd,yes,no
4388,17,female,b.tech,1st year,post graduate,yes,yes
4389,19,female,b.sc,3rd year,no formal,no,yes
4390,21,male,b.tech,4th year,phd,yes,no
4391,18,male,b.tech,1st year,high school,no,no
4392,23,male,pharmacy,1st year,no formal,yes,no
4393,17,female,b.tech,4th year,post graduate,yes,yes
4394,17,male,bca,3rd year,no formal,yes,yes
4395,21,other,b.com,3rd year,graduate,yes,yes
4396,21,male,b.sc,3rd year,no formal,no,yes
4397,19,female,b.com,3rd year,post graduate,yes,yes
4398,19,female,b.tech,2nd year,no formal,no,no
4399,17,female,b.com,3rd year,post graduate,no,no
4400,22,other,nursing,2nd year,phd,yes,no
4401,20,female,bca,1st year,no formal,yes,yes
4402,17,other,nursing,3rd year,no formal,yes,yes
4403,20,male,diploma,2nd year,phd,yes,yes
4404,24,other,pharmacy,4th year,graduate,yes,yes
4405,19,female,b.tech,2nd year,graduate,yes,yes
4406,24,female,b.sc,1st year,high school,no,no
4407,19,female,ba,4th year,graduate,yes,yes
4408,18,other,bba,1st year,phd,no,yes
4409,19,male,nursing,4th year,phd,yes,no
4410,19,female,b.sc,3rd year,phd,yes,yes
4411,17,male,b.tech,2nd year,high school,yes,yes
4412,21,female,nursing,1st year,post graduate,yes,no
4413,19,male,bba,1st year,graduate,yes,no
4414,22,female,ba,1st year,high school,yes,yes
4415,20,male,b.sc,4th year,high school,yes,no
4416,20,male,diploma,1st year,phd,yes,yes
4417,20,female,nursing,1st year,no formal,no,no
4418,18,male,b.tech,1st year,phd,no,no
4419,22,female,b.tech,3rd year,phd,yes,yes
4420,17,male,nursing,2nd year,post graduate,yes,no
4421,22,other,nursing,2nd year,no formal,yes,yes
4422,24,other,b.com,4th year,post graduate,yes,no
4423,23,female,diploma,2nd year,no formal,no,yes
4424,20,male,nursing,4th year,high school,no,yes
4425,19,male,b.sc,1st year,no formal,no,yes
4426,23,other,b.sc,3rd year,post graduate,yes,no
4427,19,other,b.sc,1st year,graduate,yes,yes
4428,20,other,nursing,1st year,phd,yes,yes
4429,23,female,diploma,3rd year,post graduate,yes,no
4430,24,female,b.sc,3rd year,high school,yes,no
4431,24,male,b.sc,3rd year,post graduate,yes,no
4432,17,male,bca,2nd year,high school,no,no
4433,24,other,pharmacy,2nd year,high school,yes,yes
4434,17,female,nursing,4th year,high school,no,yes
4435,21,female,b.sc,1st year,post graduate,yes,yes
4436,24,female,ba,2nd year,phd,no,yes
4437,22,male,b.tech,4th year,phd,no,yes
4438,24,other,b.com,3rd year,graduate,yes,yes
4439,19,other,bca,4th year,no formal,yes,no
4440,19,other,ba,1st year,phd,no,no
4441,19,female,bca,1st year,high school,yes,yes
4442,19,other,b.com,4th year,post graduate,yes,no
4443,22,female,bca,3rd year,graduate,yes,no
4444,20,female,bca,4th year,high school,yes,no
4445,22,male,b.sc,4th year,high school,yes,yes
4446,20,other,b.tech,2nd year,graduate,yes,no
4447,19,male,ba,1st year,graduate,yes,yes
4448,18,other,b.tech,4th year,no formal,no,no
4449,21,female,b.sc,2nd year,high school,yes,yes
4450,24,male,b.com,1st year,graduate,yes,no
4451,23,female,ba,3rd year,post graduate,no,yes
4452,19,male,b.com,1st year,graduate,yes,yes
4453,20,female,b.tech,1st year,no formal,yes,no
4454,22,male,b.sc,4th year,graduate,yes,no
4455,21,other,nursing,1st year,phd,yes,yes
4456,17,female,diploma,3rd year,high school,no,yes
4457,21,female,ba,2nd year,post graduate,no,no
4458,17,other,b.tech,1st year,graduate,yes,no
4459,17,female,ba,4th year,high school,yes,yes
4460,22,female,pharmacy,1st year,phd,yes,yes
4461,17,male,nursing,3rd year,phd,no,yes
4462,19,female,diploma,1st year,no formal,yes,yes
4463,21,other,b.com,3rd year,post graduate,no,yes
4464,22,other,ba,1st year,phd,no,yes
4465,20,female,b.tech,4th year,graduate,yes,yes
4466,17,male,nursing,2nd year,graduate,yes,no
4467,23,other,b.sc,1st year,phd,yes,no
4468,24,male,bca,1st year,post graduate,no,no
4469,24,male,b.com,3rd year,phd,yes,no
4470,22,other,bca,3rd year,no formal,no,yes
4471,20,other,nursing,2nd year,graduate,no,yes
4472,24,other,b.com,3rd year,no formal,yes,yes
4473,20,female,b.tech,4th year,high school,yes,no
4474,18,other,bca,3rd year,post graduate,yes,yes
4475,23,other,bba,3rd year,phd,yes,no
4476,19,male,b.sc,4th year,phd,yes,no
4477,24,other,b.tech,1st year,post graduate,yes,no
4478,19,other,bba,1st year,graduate,yes,no
4479,23,male,bca,1st year,graduate,yes,no
4480,21,other,b.sc,1st year,no formal,yes,no
4481,20,female,bca,2nd year,post graduate,yes,yes
4482,19,other,bba,1st year,post graduate,no,no
4483,23,female,b.sc,4th year,no formal,yes,no
4484,17,male,bca,2nd year,phd,yes,no
4485,20,male,bca,1st year,high school,no,no
4486,19,female,b.sc,3rd year,post graduate,yes,no
4487,21,other,diploma,2nd year,no formal,yes,no
4488,19,other,b.sc,1st year,no formal,yes,yes
4489,22,male,bca,4th year,post graduate,yes,yes
4490,20,other,nursing,3rd year,graduate,no,yes
4491,18,female,pharmacy,4th year,no formal,no,yes
4492,18,female,b.com,4th year,phd,yes,yes
4493,22,male,ba,4th year,phd,yes,yes
4494,19,female,b.tech,1st year,no formal,yes,yes
4495,19,female,pharmacy,4th year,post graduate,yes,yes
4496,22,other,b.com,1st year,no formal,yes,no
4497,19,female,nursing,2nd year,post graduate,no,no
4498,20,female,pharmacy,4th year,post graduate,yes,no
4499,18,female,bba,3rd year,post graduate,yes,yes
4500,19,female,diploma,4th year,graduate,yes,no
4501,22,female,bba,4th year,no formal,yes,yes
4502,21,male,bca,1st year,high school,no,no
4503,24,other,b.com,3rd year,phd,no,no
4504,23,male,nursing,3rd year,post graduate,yes,no
4505,17,other,b.sc,1st year,high school,no,no
4506,20,other,bca,1st year,phd,no,yes
4507,19,other,pharmacy,2nd year,graduate,no,no
4508,21,male,nursing,3rd year,phd,no,yes
4509,19,male,diploma,4th year,phd,yes,yes
4510,24,male,bca,3rd year,no formal,yes,yes
4511,19,female,pharmacy,4th year,phd,no,yes
4512,21,other,nursing,1st year,phd,yes,yes
4513,17,other,b.com,2nd year,phd,no,no
4514,24,other,bca,2nd year,post graduate,yes,yes
4515,24,other,ba,4th year,post graduate,yes,no
4516,23,male,b.com,3rd year,high school,no,yes
4517,19,other,nursing,3rd year,no formal,yes,yes
4518,17,male,b.tech,3rd year,no formal,yes,yes
4519,22,other,b.sc,2nd year,no formal,yes,no
4520,20,other,b.tech,4th year,phd,yes,no
4521,24,other,b.sc,3rd year,high school,no,no
4522,22,female,bba,3rd year,no formal,no,no
4523,21,female,pharmacy,3rd year,post graduate,yes,no
4524,24,female,pharmacy,4th year,no formal,yes,no
4525,23,female,pharmacy,2nd year,graduate,yes,no
4526,20,female,diploma,3rd year,post graduate,yes,yes
4527,17,female,bba,4th year,graduate,yes,no
4528,17,male,diploma,3rd year,post graduate,yes,no
4529,20,female,b.com,1st year,no formal,no,yes
4530,21,other,bca,1st year,high school,yes,yes
4531,17,other,b.tech,1st year,graduate,no,yes
4532,18,male,pharmacy,2nd year,post graduate,yes,no
4533,22,male,pharmacy,1st year,graduate,no,yes
4534,23,female,diploma,3rd year,post graduate,yes,yes
4535,17,other,b.sc,4th year,post graduate,yes,no
4536,21,male,b.com,1st year,phd,yes,yes
4537,17,male,diploma,2nd year,post graduate,yes,no
4538,22,male,bba,1st year,post graduate,yes,no
4539,23,male,bba,1st year,post graduate,yes,yes
4540,23,male,ba,1st year,no formal,no,yes
4541,21,other,nursing,3rd year,high school,yes,no
4542,22,other,b.sc,4th year,phd,yes,yes
4543,24,female,ba,3rd year,no formal,no,no
4544,21,male,b.com,3rd year,graduate,yes,yes
4545,20,other,diploma,1st year,post graduate,yes,no
4546,23,male,b.com,4th year,graduate,no,no
4547,21,male,b.com,3rd year,no formal,yes,yes
4548,23,male,b.sc,4th year,no formal,yes,no
4549,21,female,nursing,2nd year,post graduate,yes,yes
4550,23,other,b.sc,3rd year,graduate,yes,yes
4551,17,female,nursing,2nd year,post graduate,yes,yes
4552,17,female,pharmacy,3rd year,no formal,yes,no
4553,17,female,pharmacy,1st year,graduate,yes,yes
4554,21,other,ba,2nd year,graduate,yes,no
4555,22,other,bca,1st year,phd,yes,yes
4556,18,female,nursing,3rd year,no formal,yes,yes
4557,18,female,b.tech,3rd year,post graduate,yes,yes
4558,23,female,b.tech,4th year,post graduate,yes,yes
4559,23,other,b.sc,2nd year,graduate,yes,yes
4560,22,female,pharmacy,4th year,no formal,yes,yes
4561,20,other,b.tech,4th year,no formal,yes,yes
4562,20,male,diploma,2nd year,post graduate,yes,no
4563,17,other,nursing,4th year,post graduate,yes,no
4564,18,other,pharmacy,4th year,post graduate,yes,yes
4565,24,other,bba,2nd year,post graduate,no,no
4566,19,other,bba,2nd year,high school,no,yes
4567,22,female,diploma,1st year,high school,yes,no
4568,22,male,bca,2nd year,phd,yes,yes
4569,19,female,nursing,2nd year,post graduate,yes,no
4570,18,female,ba,2nd year,graduate,no,yes
4571,22,male,pharmacy,2nd year,graduate,yes,yes
4572,17,male,ba,1st year,post graduate,yes,yes
4573,20,male,b.com,2nd year,high school,yes,yes
4574,24,female,diploma,1st year,graduate,yes,yes
4575,22,male,bca,1st year,no formal,yes,no
4576,23,other,b.tech,3rd year,post graduate,yes,no
4577,17,male,b.sc,4th year,graduate,yes,yes
4578,18,other,b.tech,1st year,phd,yes,yes
4579,19,other,bca,3rd year,high school,yes,yes
4580,19,female,nursing,4th year,graduate,yes,yes
4581,18,female,b.com,3rd year,no formal,yes,yes
4582,24,other,b.tech,1st year,phd,yes,yes
4583,18,male,nursing,4th year,high school,yes,no
4584,22,other,diploma,1st year,no formal,yes,yes
4585,21,female,bba,3rd year,post graduate,yes,no
4586,21,male,b.sc,2nd year,phd,no,no
4587,18,other,diploma,3rd year,no formal,yes,no
4588,19,female,ba,1st year,graduate,yes,no
4589,21,male,b.com,4th year,graduate,no,no
4590,19,female,b.com,1st year,no formal,yes,yes
4591,22,female,b.tech,4th year,high school,yes,no
4592,17,other,bba,1st year,post graduate,yes,no
4593,17,female,diploma,2nd year,phd,no,no
4594,22,other,nursing,3rd year,no formal,yes,yes
4595,21,other,diploma,3rd year,post graduate,yes,yes
4596,17,male,nursing,2nd year,phd,no,no
4597,24,female,pharmacy,2nd year,post graduate,yes,yes
4598,17,male,b.sc,3rd year,phd,no,no
4599,24,female,ba,1st year,phd,yes,no
4600,22,male,ba,1st year,post graduate,no,yes
4601,24,female,diploma,2nd year,no formal,yes,no
4602,24,male,nursing,1st year,high school,no,no
4603,19,female,pharmacy,1st year,graduate,yes,yes
4604,23,female,b.tech,1st year,phd,no,no
4605,18,other,bba,4th year,high school,yes,no
4606,20,other,b.sc,1st year,phd,yes,yes
4607,18,female,b.com,1st year,post graduate,yes,yes
4608,20,female,bba,4th year,post graduate,no,no
4609,23,other,bca,2nd year,no formal,yes,no
4610,20,other,nursing,2nd year,high school,yes,no
4611,17,male,pharmacy,3rd year,graduate,yes,no
4612,19,female,ba,3rd year,graduate,yes,no
4613,23,other,bca,2nd year,phd,yes,yes
4614,21,male,b.tech,4th year,high school,yes,no
4615,21,male,b.sc,1st year,phd,yes,yes
4616,20,other,pharmacy,1st year,phd,yes,no
4617,19,other,pharmacy,3rd year,post graduate,no,yes
4618,21,female,pharmacy,4th year,high school,no,yes
4619,22,female,b.com,4th year,no formal,yes,yes
4620,24,female,bca,3rd year,high school,yes,no
4621,21,female,b.com,1st year,post graduate,yes,yes
4622,24,other,diploma,3rd year,high school,no,no
4623,23,other,bba,1st year,phd,no,no
4624,17,female,pharmacy,4th year,graduate,yes,yes
4625,20,male,ba,1st year,high school,yes,no
4626,20,male,bca,1st year,post graduate,yes,no
4627,17,male,bca,3rd year,no formal,yes,yes
4628,18,female,nursing,3rd year,phd,no,yes
4629,23,female,b.tech,2nd year,graduate,no,no
4630,19,other,bba,2nd year,phd,yes,yes
4631,18,other,bba,3rd year,phd,yes,yes
4632,19,female,b.com,3rd year,no formal,yes,yes
4633,19,male,nursing,3rd year,phd,yes,no
4634,18,other,nursing,1st year,no formal,yes,no
4635,17,other,b.tech,3rd year,post graduate,yes,yes
4636,23,female,diploma,1st year,high school,yes,no
4637,23,male,nursing,1st year,high school,yes,yes
4638,20,female,b.com,4th year,phd,yes,no
4639,21,female,bca,1st year,high school,yes,no
4640,24,other,bca,2nd year,phd,yes,yes
4641,23,female,b.tech,2nd year,no formal,yes,no
4642,17,female,nursing,1st year,no formal,no,yes
4643,24,female,diploma,1st year,high school,yes,yes
4644,17,female,b.com,1st year,high school,yes,yes
4645,17,male,b.com,3rd year,phd,yes,yes
4646,20,male,diploma,3rd year,phd,yes,yes
4647,22,other,nursing,3rd year,graduate,yes,no
4648,17,female,b.tech,1st year,graduate,yes,yes
4649,19,other,ba,3rd year,high school,yes,no
4650,19,female,bca,1st year,graduate,no,yes
4651,20,other,b.sc,2nd year,high school,yes,yes
4652,24,male,pharmacy,4th year,high school,yes,yes
4653,19,male,b.sc,2nd year,post graduate,yes,no
4654,18,female,nursing,1st year,no formal,yes,no
4655,17,other,b.tech,3rd year,high school,no,yes
4656,18,male,nursing,1st year,no formal,no,yes
4657,18,female,b.tech,1st year,graduate,yes,yes
4658,21,male,diploma,3rd year,post graduate,yes,no
4659,20,other,ba,3rd year,graduate,no,yes
4660,20,female,bba,1st year,post graduate,yes,no
4661,23,female,b.tech,3rd year,graduate,yes,no
4662,21,male,diploma,1st year,high school,yes,yes
4663,18,male,bca,3rd year,phd,yes,yes
4664,20,female,b.com,3rd year,post graduate,yes,yes
4665,19,female,bba,1st year,no formal,yes,no
4666,23,other,bba,3rd year,no formal,no,yes
4667,19,male,diploma,3rd year,post graduate,yes,yes
4668,18,male,bba,2nd year,no formal,no,no
4669,22,male,b.tech,3rd year,no formal,yes,yes
4670,20,male,bba,4th year,no formal,yes,no
4671,17,male,ba,2nd year,phd,yes,yes
4672,22,female,ba,4th year,no formal,yes,no
4673,18,male,ba,1st year,high school,yes,yes
4674,23,male,ba,3rd year,phd,yes,no
4675,23,other,b.com,2nd year,no formal,yes,yes
4676,19,female,b.com,3rd year,high school,yes,yes
4677,21,other,diploma,3rd year,phd,yes,yes
4678,21,other,b.com,4th year,no formal,yes,no
4679,22,male,diploma,3rd year,high school,no,no
4680,17,female,ba,1st year,post graduate,no,yes
4681,19,other,bca,4th year,no formal,yes,no
4682,18,female,b.sc,3rd year,high school,yes,yes
4683,22,other,b.sc,1st year,high school,yes,yes
4684,17,other,pharmacy,1st year,high school,yes,yes
4685,21,female,nursing,1st year,high school,yes,yes
4686,22,male,b.tech,1st year,high school,yes,yes
4687,24,female,pharmacy,2nd year,post graduate,no,yes
4688,19,other,nursing,4th year,no formal,yes,yes
4689,17,female,b.sc,4th year,high school,yes,yes
4690,22,other,b.com,1st year,no formal,yes,yes
4691,17,female,b.sc,2nd year,no formal,yes,yes
4692,17,female,nursing,2nd year,post graduate,yes,no
4693,24,other,nursing,2nd year,graduate,yes,yes
4694,23,male,diploma,1st year,graduate,yes,yes
4695,22,female,b.com,2nd year,high school,no,yes
4696,23,male,pharmacy,3rd year,no formal,no,no
4697,17,female,nursing,3rd year,phd,no,no
4698,17,other,nursing,4th year,post graduate,yes,no
4699,19,other,ba,4th year,graduate,no,no
4700,17,male,diploma,2nd year,no formal,yes,yes
4701,24,other,diploma,4th year,phd,yes,yes
4702,17,other,b.sc,4th year,graduate,yes,no
4703,21,other,bca,2nd year,no formal,no,yes
4704,23,female,bba,2nd year,no formal,yes,no
4705,22,male,bca,3rd year,phd,no,no
4706,18,female,ba,4th year,no formal,no,yes
4707,20,other,diploma,4th year,high school,no,yes
4708,21,female,nursing,4th year,graduate,yes,no
4709,23,female,bca,4th year,high school,yes,no
4710,20,male,nursing,1st year,no formal,yes,yes
4711,19,female,diploma,1st year,post graduate,yes,yes
4712,23,female,b.com,4th year,no formal,yes,no
4713,24,female,diploma,2nd year,phd,yes,yes
4714,20,other,diploma,1st year,graduate,no,yes
4715,17,male,pharmacy,2nd year,post graduate,no,yes
4716,21,male,ba,2nd year,phd,yes,no
4717,24,other,b.sc,3rd year,post graduate,yes,yes
4718,24,other,diploma,1st year,graduate,yes,yes
4719,20,male,bca,2nd year,no formal,no,yes
4720,18,other,bca,2nd year,no formal,yes,yes
4721,21,male,diploma,1st year,high school,yes,yes
4722,23,male,bba,4th year,high school,yes,yes
4723,24,male,b.tech,1st year,phd,yes,yes
4724,17,female,nursing,4th year,graduate,yes,yes
4725,19,male,b.com,2nd year,phd,no,yes
4726,20,male,b.com,3rd year,high school,no,no
4727,17,other,nursing,2nd year,phd,no,yes
4728,24,female,nursing,4th year,high school,yes,no
4729,17,female,bba,4th year,phd,no,yes
4730,22,other,diploma,2nd year,graduate,yes,no
4731,24,male,b.tech,1st year,no formal,yes,yes
4732,22,other,b.com,1st year,phd,yes,no
4733,23,female,b.com,3rd year,high school,yes,no
4734,19,other,ba,4th year,phd,yes,yes
4735,23,other,ba,1st year,phd,yes,yes
4736,20,male,b.tech,1st year,high school,no,no
4737,17,male,diploma,2nd year,graduate,yes,no
4738,19,female,bca,4th year,post graduate,yes,yes
4739,19,female,ba,4th year,phd,no,yes
4740,21,male,nursing,1st year,high school,no,no
4741,19,male,ba,4th year,graduate,yes,no
4742,20,other,b.sc,2nd year,phd,yes,yes
4743,20,other,nursing,1st year,graduate,yes,yes
4744,19,male,b.sc,2nd year,post graduate,yes,no
4745,22,other,b.tech,4th year,no formal,yes,no
4746,19,male,bba,2nd year,post graduate,yes,yes
4747,23,female,bca,3rd year,high school,yes,yes
4748,19,male,b.com,1st year,high school,yes,yes
4749,23,female,nursing,1st year,phd,yes,no
4750,19,male,b.com,1st year,post graduate,yes,no
4751,17,male,pharmacy,2nd year,graduate,yes,no
4752,18,male,bca,1st year,graduate,yes,yes
4753,23,male,b.sc,3rd year,phd,yes,yes
4754,23,male,ba,4th year,post graduate,no,no
4755,18,female,b.tech,3rd year,high school,yes,no
4756,21,other,nursing,2nd year,graduate,yes,no
4757,21,male,bca,1st year,post graduate,yes,no
4758,18,other,ba,1st year,no formal,yes,no
4759,20,female,diploma,1st year,no formal,yes,yes
4760,22,male,bca,1st year,graduate,yes,no
4761,24,male,bca,3rd year,graduate,yes,no
4762,23,other,ba,2nd year,no formal,yes,yes
4763,17,male,ba,3rd year,graduate,yes,yes
4764,18,female,b.com,2nd year,no formal,yes,yes
4765,20,male,nursing,2nd year,post graduate,yes,no
4766,18,other,bba,2nd year,graduate,yes,yes
4767,21,other,bba,2nd year,no formal,yes,no
4768,17,male,diploma,1st year,graduate,yes,no
4769,17,male,bba,1st year,phd,yes,yes
4770,17,female,pharmacy,4th year,no formal,yes,yes
4771,19,female,b.com,1st year,graduate,yes,yes
4772,23,female,b.tech,2nd year,no formal,yes,yes
4773,18,female,ba,2nd year,phd,no,no
4774,24,male,bba,2nd year,graduate,yes,no
4775,19,male,nursing,3rd year,post graduate,no,yes
4776,17,female,bca,3rd year,phd,no,yes
4777,19,other,pharmacy,3rd year,no formal,yes,yes
4778,22,other,b.tech,2nd year,graduate,yes,no
4779,17,female,bba,4th year,no formal,yes,yes
4780,17,other,nursing,1st year,post graduate,no,yes
4781,23,female,bba,2nd year,graduate,no,no
4782,21,female,b.com,2nd year,graduate,yes,no
4783,19,female,diploma,2nd year,high school,no,yes
4784,23,female,nursing,3rd year,no formal,yes,yes
4785,23,male,b.com,1st year,phd,yes,yes
4786,19,other,bba,4th year,no formal,no,no
4787,21,male,nursing,1st year,no formal,yes,yes
4788,17,male,b.sc,2nd year,high school,yes,yes
4789,19,female,b.tech,3rd year,high school,yes,yes
4790,21,male,diploma,4th year,phd,yes,no
4791,18,male,diploma,3rd year,high school,yes,yes
4792,24,female,b.sc,3rd year,high school,yes,yes
4793,24,male,bca,1st year,high school,yes,yes
4794,19,male,diploma,3rd year,high school,yes,no
4795,20,female,pharmacy,3rd year,high school,yes,no
4796,18,female,nursing,1st year,post graduate,yes,yes
4797,21,other,b.sc,2nd year,post graduate,yes,yes
4798,17,male,bca,4th year,post graduate,yes,no
4799,20,other,diploma,4th year,phd,yes,no
4800,21,female,b.com,1st year,post graduate,no,no
4801,21,female,b.sc,3rd year,post graduate,yes,yes
4802,21,other,ba,2nd year,high school,yes,yes
4803,18,male,diploma,4th year,phd,yes,yes
4804,23,other,bba,3rd year,phd,yes,yes
4805,22,male,bca,2nd year,no formal,yes,no
4806,23,female,bca,4th year,high school,no,no
4807,20,male,pharmacy,1st year,post graduate,yes,yes
4808,24,female,bca,2nd year,high school,yes,yes
4809,20,other,b.sc,4th year,graduate,yes,yes
4810,23,other,ba,1st year,phd,yes,no
4811,18,other,b.sc,1st year,phd,no,yes
4812,18,other,diploma,4th year,phd,no,yes
4813,21,female,pharmacy,2nd year,post graduate,yes,no
4814,21,female,diploma,4th year,phd,yes,yes
4815,22,other,b.com,1st year,post graduate,no,yes
4816,19,male,diploma,3rd year,graduate,no,no
4817,23,other,b.tech,1st year,high school,yes,no
4818,19,female,b.com,2nd year,phd,yes,no
4819,21,female,b.com,1st year,high school,yes,no
4820,24,female,bba,2nd year,no formal,yes,no
4821,21,other,b.com,2nd year,post graduate,yes,no
4822,22,other,ba,4th year,phd,yes,no
4823,24,male,b.tech,3rd year,phd,yes,no
4824,24,other,nursing,1st year,post graduate,yes,yes
4825,20,other,ba,2nd year,phd,yes,yes
4826,20,other,nursing,4th year,high school,yes,yes
4827,18,other,b.tech,2nd year,no formal,yes,yes
4828,21,other,nursing,3rd year,high school,yes,yes
4829,24,male,bca,3rd year,no formal,yes,yes
4830,20,female,b.com,4th year,post graduate,yes,no
4831,19,other,diploma,3rd year,graduate,yes,no
4832,17,other,diploma,3rd year,graduate,yes,yes
4833,20,female,diploma,4th year,phd,yes,yes
4834,18,other,nursing,2nd year,phd,yes,no
4835,24,other,pharmacy,4th year,no formal,yes,yes
4836,21,male,b.sc,4th year,phd,yes,yes
4837,18,other,b.com,2nd year,post graduate,no,no
4838,17,female,b.tech,4th year,post graduate,yes,yes
4839,23,female,b.tech,2nd year,phd,no,no
4840,24,male,b.tech,4th year,high school,yes,yes
4841,23,other,diploma,1st year,phd,yes,yes
4842,17,male,bca,2nd year,post graduate,yes,no
4843,17,female,b.tech,2nd year,post graduate,yes,no
4844,18,male,ba,2nd year,post graduate,yes,yes
4845,23,other,b.tech,2nd year,post graduate,yes,yes
4846,23,female,b.sc,4th year,graduate,yes,yes
4847,23,male,b.tech,2nd year,phd,no,yes
4848,17,male,bba,3rd year,no formal,yes,yes
4849,18,other,b.tech,1st year,no formal,yes,yes
4850,24,male,nursing,1st year,post graduate,yes,no
4851,24,other,pharmacy,2nd year,graduate,yes,no
4852,22,male,nursing,1st year,high school,yes,no
4853,17,other,nursing,1st year,graduate,yes,yes
4854,17,female,diploma,1st year,no formal,yes,no
4855,17,male,pharmacy,2nd year,no formal,yes,yes
4856,22,other,nursing,1st year,no formal,yes,no
4857,23,male,b.sc,1st year,phd,yes,no
4858,22,other,bca,2nd year,high school,yes,yes
4859,19,female,b.com,2nd year,phd,yes,no
4860,23,female,nursing,4th year,graduate,yes,yes
4861,17,male,b.tech,3rd year,high school,yes,no
4862,23,male,ba,3rd year,no formal,yes,no
4863,24,male,ba,3rd year,no formal,yes,yes
4864,22,other,nursing,1st year,graduate,yes,yes
4865,24,male,b.com,2nd year,post graduate,yes,yes
4866,21,male,pharmacy,3rd year,phd,yes,yes
4867,20,male,bba,4th year,no formal,yes,no
4868,19,other,diploma,2nd year,graduate,yes,yes
4869,24,other,bba,2nd year,no formal,yes,yes
4870,22,other,ba,4th year,graduate,yes,yes
4871,18,male,b.com,1st year,no formal,yes,yes
4872,24,female,b.com,4th year,high school,yes,yes
4873,17,other,bca,2nd year,graduate,no,yes
4874,21,male,b.com,1st year,graduate,yes,no
4875,18,other,nursing,2nd year,no formal,yes,yes
4876,22,male,b.sc,4th year,post graduate,yes,yes
4877,20,other,b.sc,2nd year,graduate,yes,no
4878,20,female,b.tech,1st year,phd,yes,no
4879,22,other,nursing,2nd year,post graduate,no,yes
4880,23,female,ba,3rd year,phd,yes,no
4881,20,other,b.tech,1st year,no formal,no,no
4882,24,other,b.tech,4th year,graduate,yes,yes
4883,20,male,pharmacy,4th year,phd,yes,yes
4884,18,female,nursing,4th year,no formal,yes,yes
4885,17,female,b.com,4th year,high school,yes,no
4886,18,female,bca,1st year,post graduate,yes,no
4887,22,other,b.com,4th year,no formal,yes,yes
4888,21,male,nursing,1st year,phd,yes,yes
4889,19,male,diploma,1st year,phd,yes,yes
4890,20,female,ba,1st year,phd,yes,no
4891,23,other,pharmacy,1st year,post graduate,yes,yes
4892,21,male,b.com,1st year,phd,yes,yes
4893,17,female,pharmacy,4th year,phd,no,no
4894,17,other,b.com,1st year,high school,no,no
4895,20,female,nursing,3rd year,no formal,yes,yes
4896,20,female,nursing,1st year,phd,no,no
4897,23,female,bca,4th year,graduate,yes,yes
4898,21,other,b.sc,3rd year,no formal,yes,no
4899,23,other,diploma,3rd year,graduate,no,yes
4900,21,female,diploma,1st year,no formal,yes,yes
4901,19,female,nursing,4th year,graduate,yes,no
4902,22,male,b.com,2nd year,post graduate,yes,no
4903,21,female,b.com,1st year,no formal,no,yes
4904,22,other,ba,3rd year,no formal,yes,yes
4905,18,female,ba,4th year,phd,yes,no
4906,22,other,b.tech,1st year,high school,yes,no
4907,19,female,b.sc,1st year,no formal,yes,no
4908,23,other,bba,3rd year,no formal,yes,no
4909,23,other,pharmacy,1st year,high school,yes,yes
4910,21,female,b.sc,4th year,no formal,yes,yes
4911,24,other,b.com,3rd year,no formal,yes,yes
4912,21,other,nursing,3rd year,high school,yes,yes
4913,17,male,b.tech,2nd year,post graduate,yes,no
4914,21,male,b.tech,2nd year,graduate,yes,yes
4915,23,other,pharmacy,1st year,post graduate,yes,yes
4916,17,female,b.com,3rd year,high school,yes,yes
4917,17,male,b.com,3rd year,no formal,yes,yes
4918,19,other,b.tech,3rd year,graduate,yes,yes
4919,23,female,ba,4th year,phd,no,yes
4920,21,male,pharmacy,3rd year,post graduate,yes,yes
4921,24,male,pharmacy,2nd year,high school,yes,no
4922,23,other,bca,4th year,no formal,yes,yes
4923,21,other,diploma,4th year,no formal,no,yes
4924,22,female,bca,4th year,phd,no,no
4925,19,other,diploma,3rd year,high school,yes,no
4926,17,male,bba,2nd year,no formal,yes,no
4927,20,other,b.sc,1st year,high school,yes,yes
4928,21,male,nursing,2nd year,phd,no,yes
4929,18,female,nursing,4th year,graduate,no,yes
4930,18,other,b.sc,4th year,phd,yes,yes
4931,17,female,b.tech,1st year,graduate,yes,no
4932,22,other,nursing,3rd year,phd,yes,yes
4933,24,female,b.tech,3rd year,high school,yes,yes
4934,23,male,nursing,3rd year,graduate,yes,yes
4935,20,male,pharmacy,4th year,graduate,yes,yes
4936,21,male,b.tech,1st year,post graduate,no,yes
4937,24,male,nursing,2nd year,no formal,yes,no
4938,21,male,b.sc,1st year,no formal,yes,yes
4939,19,other,b.com,3rd year,high school,yes,yes
4940,19,male,bba,3rd year,phd,no,no
4941,22,male,diploma,2nd year,phd,yes,no
4942,20,other,b.tech,4th year,no formal,yes,yes
4943,23,female,b.tech,4th year,graduate,yes,yes
4944,23,male,b.com,2nd year,graduate,yes,yes
4945,17,other,diploma,4th year,phd,yes,yes
4946,22,male,ba,4th year,graduate,yes,yes
4947,19,other,b.com,1st year,post graduate,yes,no
4948,21,male,b.sc,4th year,post graduate,yes,yes
4949,19,female,pharmacy,1st year,graduate,yes,yes
4950,19,female,diploma,4th year,post graduate,yes,no
4951,19,female,pharmacy,3rd year,no formal,yes,no
4952,17,other,bba,4th year,high school,yes,yes
4953,23,female,nursing,3rd year,phd,yes,yes
4954,18,female,bca,2nd year,no formal,no,yes
4955,20,male,bba,3rd year,graduate,yes,no
4956,18,female,bba,2nd year,post graduate,yes,no
4957,18,other,bba,1st year,graduate,yes,no
4958,19,other,ba,1st year,phd,no,yes
4959,24,female,bca,4th year,phd,no,yes
4960,24,female,bba,2nd year,no formal,yes,yes
4961,20,female,pharmacy,1st year,graduate,yes,yes
4962,21,other,pharmacy,1st year,post graduate,yes,yes
4963,24,other,bba,1st year,post graduate,yes,yes
4964,18,female,ba,4th year,graduate,yes,no
4965,24,other,diploma,1st year,graduate,yes,no
4966,17,male,bca,4th year,high school,yes,yes
4967,18,other,b.com,3rd year,high school,yes,yes
4968,19,other,nursing,1st year,no formal,yes,no
4969,17,other,diploma,4th year,phd,yes,no
4970,23,female,bca,2nd year,post graduate,no,yes
4971,23,other,nursing,2nd year,high school,yes,no
4972,20,female,b.com,3rd year,no formal,yes,yes
4973,23,other,nursing,3rd year,graduate,no,no
4974,23,male,b.sc,3rd year,phd,yes,yes
4975,23,female,nursing,3rd year,phd,yes,no
4976,23,female,bca,4th year,high school,yes,yes
4977,21,other,bca,2nd year,graduate,yes,yes
4978,17,other,diploma,1st year,graduate,yes,yes
4979,24,other,b.com,1st year,graduate,yes,yes
4980,21,male,diploma,1st year,high school,no,yes
4981,24,female,b.tech,4th year,phd,yes,no
4982,24,male,diploma,4th year,post graduate,yes,yes
4983,18,other,nursing,2nd year,phd,yes,yes
4984,20,male,b.tech,1st year,no formal,yes,yes
4985,18,female,diploma,3rd year,post graduate,yes,no
4986,17,female,diploma,4th year,high school,yes,yes
4987,24,other,bba,1st year,post graduate,yes,yes
4988,24,other,bca,1st year,graduate,yes,yes
4989,24,other,b.tech,2nd year,graduate,no,yes
4990,24,female,pharmacy,2nd year,graduate,no,no
4991,22,male,pharmacy,1st year,high school,yes,yes
4992,21,other,diploma,3rd year,graduate,yes,no
4993,24,male,b.tech,2nd year,phd,yes,no
4994,21,female,ba,4th year,no formal,yes,yes
4995,22,female,nursing,4th year,no formal,yes,no
4996,18,female,diploma,1st year,no formal,yes,yes
4997,22,other,pharmacy,2nd year,graduate,yes,no
4998,23,male,bca,4th year,high school,yes,yes
4999,22,female,diploma,1st year,graduate,no,yes
5000,20,male,ba,4th year,no formal,yes,yes
5001,18,other,nursing,2nd year,no formal,yes,no
5002,17,other,bba,4th year,high school,yes,yes
5003,22,female,nursing,3rd year,post graduate,yes,no
5004,22,male,b.sc,4th year,no formal,yes,no
5005,23,male,b.com,1st year,graduate,yes,no
5006,24,male,b.tech,4th year,graduate,yes,yes
5007,20,female,diploma,3rd year,high school,yes,no
5008,23,other,diploma,4th year,no formal,no,yes
5009,22,male,b.com,4th year,post graduate,yes,yes
5010,19,female,ba,3rd year,graduate,yes,yes
5011,23,female,bca,2nd year,graduate,no,no
5012,17,male,diploma,4th year,post graduate,no,yes
5013,21,female,b.com,3rd year,no formal,yes,no
5014,24,other,bba,4th year,post graduate,yes,yes
5015,22,other,b.sc,3rd year,no formal,yes,no
5016,24,female,nursing,3rd year,graduate,yes,no
5017,17,male,nursing,3rd year,no formal,yes,yes
5018,21,other,diploma,1st year,no formal,yes,yes
5019,23,male,nursing,3rd year,graduate,yes,yes
5020,22,other,diploma,1st year,graduate,yes,yes
5021,24,other,nursing,3rd year,high school,yes,no
5022,20,male,ba,4th year,high school,yes,no
5023,22,other,b.sc,2nd year,no formal,yes,no
5024,20,male,pharmacy,4th year,graduate,no,no
5025,23,female,b.tech,1st year,graduate,yes,no
5026,17,male,ba,1st year,phd,yes,yes
5027,19,male,diploma,2nd year,graduate,no,no
5028,17,other,nursing,4th year,graduate,no,no
5029,22,female,diploma,3rd year,phd,yes,yes
5030,18,female,bba,2nd year,phd,no,no
5031,19,female,pharmacy,4th year,graduate,yes,no
5032,23,other,b.com,2nd year,high school,yes,no
5033,19,other,b.sc,2nd year,high school,yes,no
5034,18,female,bca,4th year,high school,yes,yes
5035,17,male,b.com,1st year,graduate,no,yes
5036,18,male,bba,4th year,no formal,yes,yes
5037,24,female,bba,1st year,graduate,yes,yes
5038,21,male,b.com,3rd year,no formal,yes,no
5039,24,male,pharmacy,3rd year,phd,yes,yes
5040,18,male,ba,4th year,no formal,yes,yes
5041,19,other,diploma,4th year,phd,yes,yes
5042,18,female,b.sc,4th year,phd,yes,yes
5043,20,other,pharmacy,4th year,phd,yes,no
5044,21,female,pharmacy,4th year,graduate,no,no
5045,23,female,b.tech,3rd year,post graduate,yes,yes
5046,19,other,bca,4th year,phd,yes,yes
5047,23,other,bca,4th year,phd,yes,yes
5048,22,male,b.sc,2nd year,phd,yes,no
5049,19,male,diploma,4th year,graduate,yes,yes
5050,24,female,diploma,1st year,post graduate,no,yes
5051,20,male,nursing,1st year,high school,yes,yes
5052,18,male,bca,1st year,phd,yes,no
5053,24,male,diploma,3rd year,graduate,no,yes
5054,24,other,diploma,1st year,high school,yes,no
5055,17,female,diploma,1st year,high school,yes,yes
5056,24,male,bca,1st year,phd,yes,no
5057,24,other,diploma,1st year,no formal,yes,no
5058,23,female,b.tech,1st year,post graduate,yes,yes
5059,19,other,bca,1st year,high school,yes,no
5060,22,male,b.sc,2nd year,graduate,yes,yes
5061,21,other,ba,4th year,graduate,yes,yes
5062,21,male,diploma,3rd year,post graduate,no,no
5063,21,female,b.sc,2nd year,high school,yes,no
5064,22,female,diploma,1st year,phd,yes,no
5065,21,male,b.com,3rd year,phd,yes,yes
5066,22,female,diploma,2nd year,phd,yes,no
5067,21,male,diploma,3rd year,graduate,yes,yes
5068,17,female,b.tech,1st year,no formal,yes,yes
5069,17,other,b.com,4th year,graduate,yes,yes
5070,24,male,nursing,1st year,no formal,no,no
5071,24,female,ba,4th year,post graduate,yes,yes
5072,21,other,ba,3rd year,high school,yes,yes
5073,18,male,b.tech,3rd year,no formal,yes,yes
5074,23,male,diploma,4th year,phd,no,yes
5075,18,male,b.tech,2nd year,post graduate,yes,yes
5076,20,female,b.com,3rd year,no formal,yes,no
5077,19,male,bba,3rd year,phd,yes,yes
5078,17,other,diploma,3rd year,post graduate,yes,no
5079,23,male,bba,3rd year,high school,yes,yes
5080,21,female,pharmacy,4th year,high school,no,yes
5081,19,male,bba,2nd year,graduate,yes,yes
5082,21,male,b.com,3rd year,phd,yes,yes
5083,17,male,b.sc,1st year,graduate,yes,no
5084,20,female,nursing,1st year,phd,no,yes
5085,21,male,bba,3rd year,no formal,yes,no
5086,19,male,bca,1st year,graduate,yes,yes
5087,23,female,ba,1st year,no formal,yes,yes
5088,18,female,b.com,3rd year,high school,yes,yes
5089,18,male,bca,3rd year,graduate,yes,yes
5090,21,female,b.com,3rd year,phd,yes,no
5091,24,female,pharmacy,2nd year,high school,yes,yes
5092,20,other,diploma,4th year,high school,yes,no
5093,17,female,nursing,1st year,phd,yes,yes
5094,24,other,b.com,1st year,graduate,yes,yes
5095,20,male,b.tech,2nd year,post graduate,yes,no
5096,18,male,b.tech,4th year,phd,no,yes
5097,21,female,nursing,3rd year,no formal,yes,yes
5098,19,male,nursing,3rd year,post graduate,yes,yes
5099,24,other,diploma,4th year,no formal,yes,no
5100,19,female,bca,4th year,phd,yes,yes
5101,21,female,b.sc,1st year,graduate,no,yes
5102,21,female,diploma,3rd year,graduate,yes,no
5103,18,male,bba,4th year,no formal,yes,yes
5104,20,female,bca,1st year,post graduate,yes,yes
5105,17,other,b.tech,1st year,graduate,yes,no
5106,22,female,bba,2nd year,phd,no,no
5107,23,female,diploma,4th year,no formal,yes,yes
5108,24,female,diploma,1st year,post graduate,yes,yes
5109,19,female,b.sc,3rd year,phd,no,yes
5110,19,other,b.tech,2nd year,phd,yes,yes
5111,21,other,nursing,3rd year,post graduate,yes,yes
5112,22,female,b.com,4th year,phd,yes,no
5113,24,other,bba,1st year,no formal,yes,no
5114,17,male,bca,2nd year,no formal,yes,yes
5115,18,male,bba,3rd year,post graduate,yes,no
5116,19,male,pharmacy,1st year,high school,yes,yes
5117,19,other,nursing,3rd year,post graduate,yes,yes
5118,20,female,ba,2nd year,post graduate,yes,no
5119,23,female,b.sc,1st year,post graduate,yes,yes
5120,17,male,pharmacy,3rd year,phd,yes,yes
5121,23,female,diploma,1st year,high school,yes,yes
5122,21,male,diploma,1st year,phd,yes,yes
5123,21,female,bba,1st year,phd,no,no
5124,22,female,bba,1st year,high school,yes,yes
5125,17,other,b.sc,2nd year,high school,no,yes
5126,22,other,ba,4th year,post graduate,no,no
5127,18,male,bba,2nd year,phd,yes,yes
5128,21,other,b.sc,1st year,post graduate,yes,no
5129,22,female,bca,4th year,no formal,yes,yes
5130,21,female,bca,4th year,graduate,yes,yes
5131,19,female,nursing,2nd year,high school,yes,no
5132,20,male,b.tech,1st year,graduate,yes,no
5133,20,male,b.com,4th year,graduate,no,yes
5134,17,female,ba,3rd year,phd,yes,no
5135,22,other,nursing,4th year,phd,no,yes
5136,17,female,b.com,3rd year,graduate,yes,yes
5137,20,female,pharmacy,4th year,no formal,yes,yes
5138,22,other,pharmacy,1st year,no formal,yes,yes
5139,17,other,b.tech,1st year,no formal,yes,yes
5140,24,female,ba,3rd year,graduate,yes,no
5141,20,male,b.com,3rd year,no formal,no,yes
5142,17,other,bba,2nd year,no formal,yes,yes
5143,22,other,pharmacy,2nd year,no formal,yes,no
5144,21,other,ba,2nd year,post graduate,yes,yes
5145,22,other,bca,1st year,high school,yes,yes
5146,23,female,b.sc,4th year,phd,yes,no
5147,20,male,bca,4th year,graduate,yes,yes
5148,23,male,ba,4th year,post graduate,no,yes
5149,19,other,pharmacy,3rd year,graduate,yes,no
5150,21,female,nursing,1st year,phd,yes,no
5151,18,female,b.sc,2nd year,no formal,no,yes
5152,21,female,bca,3rd year,post graduate,no,no
5153,19,other,ba,1st year,graduate,yes,no
5154,22,female,ba,1st year,graduate,yes,yes
5155,23,male,bba,4th year,post graduate,no,no
5156,23,other,nursing,1st year,graduate,yes,yes
5157,24,female,b.com,3rd year,post graduate,yes,no
5158,17,male,b.tech,1st year,graduate,yes,yes
5159,18,male,b.sc,1st year,no formal,yes,yes
5160,24,female,nursing,3rd year,high school,yes,yes
5161,20,other,b.com,1st year,phd,yes,yes
5162,17,male,b.tech,3rd year,no formal,yes,yes
5163,19,male,ba,4th year,high school,yes,no
5164,23,male,nursing,3rd year,post graduate,yes,yes
5165,19,male,nursing,1st year,no formal,yes,yes
5166,17,female,pharmacy,4th year,no formal,yes,no
5167,22,male,diploma,2nd year,post graduate,yes,no
5168,18,other,nursing,4th year,high school,yes,yes
5169,19,female,diploma,1st year,high school,yes,yes
5170,17,female,b.tech,1st year,graduate,yes,no
5171,21,male,ba,3rd year,phd,yes,yes
5172,20,male,bba,1st year,phd,yes,yes
5173,23,female,bba,3rd year,high school,yes,no
5174,19,male,nursing,3rd year,high school,yes,yes
5175,18,female,pharmacy,1st year,graduate,yes,no
5176,18,female,bba,2nd year,post graduate,yes,yes
5177,18,female,b.tech,1st year,no formal,yes,no
5178,20,female,ba,1st year,graduate,no,yes
5179,17,other,b.sc,4th year,no formal,yes,no
5180,20,other,bba,1st year,high school,yes,no
5181,23,male,b.com,4th year,post graduate,yes,yes
5182,23,female,b.tech,2nd year,no formal,no,yes
5183,22,other,b.sc,2nd year,phd,yes,yes
5184,24,other,bba,3rd year,no formal,no,no
5185,23,male,b.sc,4th year,phd,yes,yes
5186,22,other,b.tech,3rd year,graduate,no,no
5187,23,other,b.com,1st year,graduate,yes,yes
5188,17,female,bca,4th year,graduate,yes,yes
5189,23,other,bca,4th year,high school,yes,yes
5190,19,female,ba,4th year,post graduate,yes,yes
5191,22,other,bca,1st year,high school,yes,yes
5192,24,other,b.sc,4th year,no formal,yes,yes
5193,20,other,diploma,2nd year,no formal,yes,yes
5194,17,other,b.tech,2nd year,high school,yes,yes
5195,19,other,b.sc,3rd year,high school,yes,yes
5196,20,female,pharmacy,3rd year,no formal,yes,no
5197,24,female,bba,1st year,no formal,yes,no
5198,24,female,bca,1st year,phd,yes,yes
5199,21,other,ba,3rd year,graduate,yes,no
5200,24,female,bca,4th year,high school,yes,yes
5201,20,male,diploma,1st year,phd,yes,no
5202,20,other,nursing,3rd year,graduate,yes,no
5203,23,other,b.com,2nd year,no formal,yes,yes
5204,22,other,bca,1st year,post graduate,yes,yes
5205,21,male,nursing,4th year,post graduate,yes,no
5206,20,other,ba,3rd year,high school,no,no
5207,22,other,ba,2nd year,post graduate,yes,yes
5208,23,male,bca,2nd year,no formal,no,no
5209,20,male,bca,2nd year,phd,yes,yes
5210,17,male,b.com,4th year,graduate,yes,no
5211,17,other,pharmacy,4th year,high school,yes,no
5212,18,other,bca,1st year,phd,yes,no
5213,20,female,bca,4th year,graduate,yes,no
5214,21,female,b.sc,2nd year,phd,yes,no
5215,23,female,diploma,3rd year,no formal,yes,yes
5216,18,other,pharmacy,4th year,high school,yes,yes
5217,23,male,diploma,2nd year,graduate,yes,yes
5218,22,male,bba,2nd year,high school,yes,yes
5219,17,male,bca,3rd year,graduate,yes,yes
5220,19,other,b.com,2nd year,high school,yes,no
5221,19,female,b.tech,2nd year,phd,yes,yes
5222,24,other,bca,3rd year,high school,no,no
5223,24,other,b.sc,1st year,no formal,yes,no
5224,23,male,b.tech,3rd year,phd,yes,no
5225,21,other,diploma,1st year,post graduate,yes,yes
5226,20,male,ba,1st year,no formal,yes,no
5227,19,other,nursing,1st year,phd,yes,yes
5228,23,other,nursing,2nd year,no formal,yes,yes
5229,17,other,b.sc,1st year,post graduate,yes,no
5230,19,male,diploma,2nd year,no formal,yes,yes
5231,18,other,ba,2nd year,high school,yes,no
5232,20,other,diploma,1st year,phd,yes,no
5233,19,male,b.tech,3rd year,no formal,yes,yes
5234,18,female,bba,2nd year,graduate,yes,yes
5235,20,other,bca,1st year,high school,yes,no
5236,23,female,bba,2nd year,high school,yes,no
5237,21,female,bba,1st year,no formal,no,yes
5238,23,male,b.tech,3rd year,high school,yes,yes
5239,24,female,b.tech,2nd year,high school,yes,yes
5240,24,other,bca,3rd year,no formal,yes,no
5241,19,female,ba,1st year,post graduate,yes,no
5242,24,other,bca,2nd year,no formal,yes,yes
5243,24,other,ba,4th year,high school,yes,yes
5244,24,other,b.tech,1st year,phd,yes,no
5245,19,female,diploma,4th year,high school,yes,yes
5246,18,other,b.sc,2nd year,post graduate,yes,yes
5247,21,male,nursing,1st year,graduate,yes,no
5248,24,female,b.tech,1st year,post graduate,yes,no
5249,24,male,pharmacy,2nd year,post graduate,yes,yes
5250,21,other,b.com,4th year,graduate,no,no
5251,18,other,pharmacy,2nd year,post graduate,yes,yes
5252,20,female,b.tech,1st year,graduate,no,yes
5253,22,female,bba,2nd year,high school,no,no
5254,21,female,ba,4th year,post graduate,yes,yes
5255,19,other,b.sc,4th year,high school,no,no
5256,19,male,bba,3rd year,no formal,yes,yes
5257,17,other,b.sc,4th year,high school,yes,yes
5258,19,male,ba,4th year,post graduate,yes,no
5259,22,male,ba,2nd year,post graduate,yes,yes
5260,18,other,b.sc,4th year,graduate,yes,yes
5261,24,other,nursing,1st year,graduate,no,yes
5262,17,female,bba,4th year,high school,no,yes
5263,21,female,nursing,3rd year,no formal,yes,yes
5264,20,other,nursing,3rd year,high school,yes,yes
5265,23,other,b.com,4th year,phd,yes,yes
5266,24,other,b.com,2nd year,phd,yes,yes
5267,21,other,pharmacy,1st year,no formal,yes,yes
5268,22,female,b.com,3rd year,phd,yes,yes
5269,22,male,b.tech,3rd year,post graduate,yes,yes
5270,21,male,bba,1st year,no formal,yes,no
5271,18,female,pharmacy,2nd year,graduate,yes,no
5272,20,female,b.com,2nd year,no formal,yes,yes
5273,18,other,bca,4th year,post graduate,yes,no
5274,20,male,ba,4th year,post graduate,yes,no
5275,21,other,ba,1st year,high school,no,no
5276,18,other,bba,3rd year,post graduate,yes,no
5277,18,other,b.sc,3rd year,high school,yes,yes
5278,23,female,ba,2nd year,graduate,yes,no
5279,20,male,b.com,4th year,no formal,yes,no
5280,18,female,nursing,4th year,phd,no,yes
5281,22,female,b.com,1st year,no formal,yes,yes
5282,22,female,nursing,1st year,phd,yes,yes
5283,23,female,b.tech,3rd year,phd,yes,yes
5284,23,female,ba,4th year,no formal,yes,yes
5285,24,female,b.com,3rd year,no formal,no,yes
5286,21,male,bba,4th year,no formal,yes,yes
5287,19,female,diploma,3rd year,phd,yes,yes
5288,23,male,pharmacy,1st year,no formal,yes,no
5289,19,female,diploma,1st year,post graduate,yes,yes
5290,19,female,bba,1st year,phd,yes,yes
5291,23,other,bba,4th year,high school,yes,yes
5292,24,other,pharmacy,4th year,graduate,yes,yes
5293,19,female,pharmacy,4th year,no formal,yes,yes
5294,22,male,diploma,1st year,phd,yes,no
5295,24,other,b.sc,4th year,post graduate,no,no
5296,23,male,b.com,4th year,post graduate,yes,yes
5297,17,male,b.com,4th year,high school,yes,no
5298,22,male,b.com,2nd year,post graduate,yes,yes
5299,18,other,pharmacy,1st year,post graduate,yes,yes
5300,23,female,b.sc,2nd year,no formal,yes,yes
5301,17,male,nursing,1st year,graduate,yes,yes
5302,24,male,nursing,3rd year,no formal,no,yes
5303,18,female,bba,4th year,post graduate,yes,yes
5304,20,other,b.com,2nd year,phd,yes,yes
5305,18,female,b.com,1st year,phd,yes,no
5306,23,male,diploma,2nd year,graduate,yes,yes
5307,20,female,diploma,4th year,phd,yes,no
5308,22,female,bba,3rd year,phd,yes,no
5309,17,male,bca,1st year,graduate,yes,yes
5310,20,male,nursing,2nd year,high school,no,yes
5311,24,male,diploma,2nd year,no formal,yes,yes
5312,24,female,diploma,1st year,post graduate,yes,yes
5313,18,male,b.com,2nd year,high school,no,no
5314,20,male,b.tech,4th year,graduate,yes,yes
5315,20,male,bba,1st year,phd,no,yes
5316,21,other,ba,3rd year,no formal,yes,no
5317,21,female,ba,3rd year,high school,yes,no
5318,17,other,bba,3rd year,graduate,yes,yes
5319,23,female,pharmacy,2nd year,post graduate,yes,yes
5320,18,male,nursing,3rd year,phd,yes,yes
5321,19,male,diploma,3rd year,phd,yes,yes
5322,23,other,diploma,3rd year,graduate,yes,yes
5323,22,female,ba,4th year,graduate,yes,yes
5324,20,male,bba,1st year,graduate,yes,yes
5325,24,female,ba,1st year,no formal,no,no
5326,20,female,nursing,4th year,post graduate,yes,yes
5327,21,male,pharmacy,3rd year,phd,yes,no
5328,18,other,ba,2nd year,post graduate,yes,yes
5329,18,male,diploma,3rd year,high school,no,yes
5330,20,male,b.tech,4th year,phd,yes,no
5331,21,other,ba,4th year,high school,yes,yes
5332,23,female,nursing,4th year,graduate,yes,yes
5333,20,male,diploma,3rd year,high school,yes,no
5334,24,male,bba,3rd year,graduate,yes,yes
5335,21,female,b.sc,3rd year,phd,yes,no
5336,17,other,nursing,2nd year,graduate,yes,yes
5337,22,male,pharmacy,3rd year,post graduate,yes,yes
5338,21,female,ba,1st year,phd,yes,no
5339,20,female,nursing,4th year,no formal,no,yes
5340,20,other,bca,2nd year,phd,yes,yes
5341,19,other,ba,3rd year,no formal,yes,no
5342,21,male,b.com,3rd year,post graduate,no,yes
5343,21,female,bba,2nd year,graduate,yes,no
5344,20,other,ba,2nd year,high school,yes,yes
5345,19,female,bca,1st year,post graduate,no,no
5346,20,male,b.sc,1st year,phd,yes,yes
5347,20,male,bba,4th year,no formal,yes,yes
5348,20,female,diploma,3rd year,no formal,yes,no
5349,19,other,nursing,3rd year,graduate,yes,no
5350,21,male,b.com,1st year,no formal,no,yes
5351,18,male,bca,4th year,high school,yes,no
5352,21,male,b.com,2nd year,graduate,yes,yes
5353,17,female,nursing,2nd year,graduate,yes,yes
5354,20,male,ba,3rd year,post graduate,yes,no
5355,23,male,diploma,3rd year,graduate,yes,no
5356,23,female,ba,1st year,no formal,yes,yes
5357,22,other,b.com,4th year,post graduate,yes,no
5358,22,male,bca,1st year,high school,yes,no
5359,17,female,bca,3rd year,no formal,yes,no
5360,19,female,diploma,1st year,post graduate,yes,yes
5361,22,other,nursing,4th year,graduate,yes,yes
5362,23,other,diploma,3rd year,post graduate,no,no
5363,21,other,nursing,4th year,post graduate,no,no
5364,23,male,ba,4th year,no formal,yes,yes
5365,19,other,bba,2nd year,phd,yes,yes
5366,18,male,bba,1st year,high school,yes,no
5367,17,other,bca,1st year,post graduate,yes,no
5368,21,male,b.sc,3rd year,post graduate,no,yes
5369,22,male,nursing,1st year,no formal,no,yes
5370,19,male,bba,1st year,no formal,yes,no
5371,23,male,bba,4th year,phd,yes,yes
5372,22,female,nursing,3rd year,no formal,yes,no
5373,19,female,bba,2nd year,high school,yes,no
5374,18,other,bba,1st year,phd,yes,yes
5375,22,male,bca,4th year,no formal,yes,no
5376,22,male,pharmacy,4th year,post graduate,yes,yes
5377,18,male,b.com,1st year,high school,yes,yes
5378,19,male,b.sc,3rd year,graduate,yes,no
5379,20,other,b.tech,2nd year,no formal,yes,yes
5380,21,female,diploma,3rd year,graduate,yes,yes
5381,18,male,b.tech,2nd year,high school,no,yes
5382,24,male,diploma,1st year,post graduate,yes,no
5383,20,other,nursing,4th year,post graduate,yes,yes
5384,20,female,diploma,4th year,graduate,yes,yes
5385,17,male,b.sc,3rd year,no formal,yes,yes
5386,24,other,bca,1st year,post graduate,no,yes
5387,18,male,ba,2nd year,graduate,yes,yes
5388,24,male,b.tech,3rd year,post graduate,yes,no
5389,20,other,b.sc,4th year,post graduate,yes,yes
5390,23,female,diploma,4th year,no formal,no,yes
5391,18,male,bca,4th year,no formal,yes,yes
5392,18,other,bba,3rd year,graduate,yes,no
5393,23,male,diploma,4th year,phd,yes,yes
5394,23,other,bba,4th year,high school,yes,no
5395,21,female,pharmacy,1st year,graduate,no,yes
5396,17,other,b.tech,3rd year,post graduate,yes,no
5397,24,other,b.com,1st year,phd,yes,yes
5398,20,other,b.sc,4th year,post graduate,yes,no
5399,24,other,ba,1st year,phd,yes,yes
5400,23,female,pharmacy,2nd year,phd,yes,no
5401,23,male,ba,3rd year,no formal,yes,no
5402,22,female,b.com,2nd year,graduate,yes,yes
5403,22,female,b.tech,3rd year,post graduate,yes,yes
5404,21,other,ba,3rd year,graduate,yes,no
5405,17,male,b.com,3rd year,no formal,no,yes
5406,20,other,b.sc,3rd year,post graduate,yes,yes
5407,22,female,b.sc,1st year,no formal,yes,yes
5408,23,other,bca,3rd year,high school,yes,yes
5409,21,female,diploma,4th year,phd,no,no
5410,22,female,diploma,3rd year,phd,yes,no
5411,17,male,b.tech,3rd year,no formal,no,yes
5412,20,other,pharmacy,3rd year,high school,yes,no
5413,21,male,bba,1st year,high school,yes,yes
5414,24,male,bca,1st year,graduate,yes,no
5415,19,female,nursing,3rd year,phd,no,yes
5416,18,male,b.com,2nd year,phd,yes,no
5417,19,other,bba,3rd year,no formal,yes,no
5418,18,female,b.tech,4th year,post graduate,no,yes
5419,21,male,bba,4th year,no formal,yes,yes
5420,22,male,b.com,1st year,graduate,no,yes
5421,23,male,b.sc,2nd year,graduate,no,yes
5422,24,female,bca,1st year,graduate,yes,no
5423,17,female,b.sc,1st year,phd,yes,no
5424,18,male,pharmacy,3rd year,post graduate,no,no
5425,19,other,b.com,3rd year,phd,yes,no
5426,18,female,b.tech,1st year,graduate,yes,yes
5427,23,female,bba,3rd year,graduate,yes,no
5428,18,female,ba,2nd year,graduate,yes,yes
5429,17,female,bca,4th year,high school,yes,no
5430,23,male,diploma,3rd year,post graduate,yes,no
5431,24,other,bca,2nd year,high school,yes,no
5432,18,male,bca,2nd year,no formal,yes,yes
5433,19,male,diploma,1st year,graduate,yes,yes
5434,21,female,bca,4th year,post graduate,no,yes
5435,21,other,b.sc,3rd year,graduate,yes,yes
5436,24,other,bba,4th year,no formal,yes,no
5437,20,male,diploma,3rd year,no formal,yes,yes
5438,17,female,b.com,3rd year,post graduate,no,yes
5439,20,female,nursing,1st year,phd,yes,no
5440,21,male,bba,4th year,high school,yes,yes
5441,21,other,b.com,3rd year,phd,no,yes
5442,21,male,ba,2nd year,graduate,yes,yes
5443,24,male,bca,4th year,no formal,yes,yes
5444,23,male,diploma,1st year,high school,no,yes
5445,19,other,b.com,1st year,phd,yes,yes
5446,19,male,b.sc,3rd year,high school,yes,yes
5447,22,other,b.tech,3rd year,phd,yes,yes
5448,20,other,bba,3rd year,post graduate,yes,yes
5449,20,male,pharmacy,3rd year,phd,yes,no
5450,18,male,pharmacy,2nd year,graduate,no,yes
5451,19,other,bca,2nd year,no formal,yes,yes
5452,22,male,bba,2nd year,graduate,yes,yes
5453,23,female,bba,1st year,phd,no,yes
5454,23,other,b.com,1st year,phd,yes,yes
5455,19,male,ba,1st year,graduate,yes,yes
5456,18,female,pharmacy,1st year,no formal,yes,no
5457,18,female,bca,3rd year,high school,yes,yes
5458,20,female,b.com,2nd year,high school,yes,yes
5459,21,other,b.tech,2nd year,phd,no,yes
5460,24,female,diploma,4th year,graduate,yes,yes
5461,24,male,pharmacy,1st year,graduate,yes,yes
5462,17,other,b.tech,4th year,phd,yes,no
5463,22,female,ba,1st year,no formal,no,no
5464,19,male,nursing,3rd year,high school,yes,yes
5465,18,female,b.com,1st year,post graduate,yes,yes
5466,21,male,b.sc,2nd year,high school,no,yes
5467,17,female,ba,4th year,graduate,no,yes
5468,19,other,ba,1st year,phd,yes,no
5469,21,male,bba,3rd year,post graduate,yes,yes
5470,19,other,pharmacy,2nd year,graduate,yes,no
5471,21,other,pharmacy,2nd year,no formal,no,no
5472,20,other,bca,3rd year,phd,yes,yes
5473,23,female,b.tech,2nd year,no formal,yes,no
5474,18,male,b.com,4th year,no formal,no,no
5475,17,male,b.sc,1st year,high school,no,no
5476,21,other,b.tech,2nd year,high school,yes,no
5477,19,female,ba,2nd year,post graduate,yes,yes
5478,22,female,b.tech,4th year,graduate,yes,no
5479,17,other,bca,3rd year,phd,no,yes
5480,21,other,b.com,4th year,no formal,yes,no
5481,24,other,diploma,1st year,phd,yes,yes
5482,17,other,bba,1st year,graduate,yes,yes
5483,19,other,pharmacy,3rd year,graduate,yes,no
5484,23,male,bba,4th year,no formal,yes,no
5485,21,male,b.sc,1st year,post graduate,no,no
5486,18,male,pharmacy,1st year,graduate,yes,yes
5487,18,female,b.com,1st year,post graduate,no,no
5488,23,female,diploma,4th year,phd,yes,yes
5489,23,other,nursing,1st year,high school,yes,no
5490,19,other,pharmacy,3rd year,phd,yes,yes
5491,20,other,bca,2nd year,graduate,yes,yes
5492,23,male,bba,2nd year,high school,yes,yes
5493,18,other,ba,3rd year,post graduate,yes,yes
5494,18,other,bba,2nd year,no formal,yes,no
5495,23,other,nursing,1st year,post graduate,yes,yes
5496,18,female,bca,3rd year,phd,no,no
5497,23,other,b.tech,1st year,high school,yes,yes
5498,20,female,ba,4th year,graduate,yes,yes
5499,24,male,pharmacy,4th year,post graduate,no,no
5500,17,female,b.sc,4th year,graduate,no,yes
5501,24,male,bba,2nd year,phd,yes,yes
5502,18,other,nursing,2nd year,phd,yes,yes
5503,17,male,b.com,3rd year,high school,yes,yes
5504,22,male,diploma,4th year,high school,yes,yes
5505,21,female,nursing,4th year,post graduate,no,no
5506,23,female,b.com,2nd year,graduate,yes,yes
5507,17,female,pharmacy,4th year,high school,yes,yes
5508,17,male,bba,2nd year,phd,no,yes
5509,21,female,b.com,4th year,no formal,yes,no
5510,24,other,b.com,1st year,graduate,yes,no
5511,20,male,b.com,2nd year,high school,yes,yes
5512,23,other,bca,4th year,post graduate,yes,no
5513,24,male,b.com,1st year,phd,yes,yes
5514,23,male,ba,3rd year,phd,yes,yes
5515,21,other,diploma,2nd year,high school,yes,yes
5516,22,male,nursing,2nd year,high school,no,no
5517,21,female,diploma,2nd year,no formal,yes,yes
5518,22,female,bba,3rd year,phd,yes,no
5519,21,female,diploma,4th year,high school,yes,yes
5520,21,female,ba,4th year,high school,no,yes
5521,20,female,b.com,2nd year,high school,yes,no
5522,22,other,diploma,1st year,phd,no,yes
5523,23,female,b.sc,4th year,phd,yes,no
5524,24,female,pharmacy,2nd year,high school,yes,yes
5525,21,other,ba,3rd year,post graduate,yes,yes
5526,17,female,nursing,2nd year,high school,yes,yes
5527,21,other,b.tech,4th year,graduate,no,no
5528,19,other,bba,1st year,post graduate,yes,yes
5529,17,other,ba,1st year,graduate,yes,no
5530,17,female,ba,2nd year,phd,yes,yes
5531,21,female,bba,2nd year,graduate,yes,yes
5532,24,male,bca,4th year,post graduate,yes,no
5533,21,male,pharmacy,2nd year,graduate,yes,yes
5534,20,male,nursing,2nd year,post graduate,yes,no
5535,17,female,b.com,1st year,phd,no,no
5536,22,male,pharmacy,4th year,phd,yes,yes
5537,17,male,bba,3rd year,high school,yes,yes
5538,23,female,bba,4th year,graduate,yes,no
5539,23,female,b.tech,2nd year,post graduate,no,yes
5540,24,male,diploma,1st year,phd,yes,yes
5541,19,female,nursing,2nd year,no formal,yes,yes
5542,18,female,b.com,2nd year,no formal,yes,no
5543,19,male,nursing,1st year,no formal,yes,yes
5544,23,male,b.tech,1st year,no formal,yes,no
5545,18,male,pharmacy,4th year,high school,no,yes
5546,24,other,b.com,3rd year,high school,yes,no
5547,18,male,bba,3rd year,no formal,yes,yes
5548,17,male,b.tech,2nd year,phd,yes,no
5549,18,male,pharmacy,2nd year,phd,yes,yes
5550,23,female,bba,3rd year,no formal,yes,yes
5551,21,other,pharmacy,2nd year,high school,yes,yes
5552,19,male,ba,4th year,high school,no,no
5553,22,other,b.tech,1st year,phd,yes,no
5554,22,male,diploma,4th year,no formal,no,yes
5555,21,female,b.sc,4th year,phd,yes,no
5556,21,male,bca,3rd year,no formal,yes,no
5557,17,male,b.tech,2nd year,graduate,no,yes
5558,19,female,b.sc,4th year,graduate,yes,yes
5559,21,female,bca,4th year,high school,no,yes
5560,18,other,diploma,4th year,no formal,yes,yes
5561,20,female,b.sc,1st year,graduate,yes,yes
5562,17,male,b.sc,3rd year,phd,yes,no
5563,23,female,nursing,1st year,graduate,yes,no
5564,17,other,b.tech,1st year,phd,yes,no
5565,17,female,b.com,1st year,high school,yes,no
5566,22,female,pharmacy,4th year,post graduate,no,yes
5567,18,female,bba,3rd year,phd,yes,no
5568,19,female,b.tech,4th year,high school,no,no
5569,19,other,pharmacy,3rd year,phd,yes,yes
5570,18,female,ba,3rd year,phd,no,yes
5571,23,female,diploma,1st year,graduate,yes,yes
5572,22,female,bca,3rd year,graduate,yes,no
5573,18,female,ba,4th year,no formal,yes,no
5574,22,other,ba,2nd year,no formal,yes,yes
5575,22,other,bba,3rd year,phd,yes,yes
5576,21,other,ba,3rd year,high school,yes,no
5577,21,female,b.sc,3rd year,phd,yes,yes
5578,24,other,diploma,4th year,high school,no,no
5579,20,male,diploma,2nd year,high school,no,no
5580,20,male,bca,4th year,graduate,yes,no
5581,21,male,diploma,4th year,high school,yes,yes
5582,23,female,bba,1st year,graduate,yes,no
5583,22,other,pharmacy,3rd year,graduate,yes,no
5584,17,male,nursing,1st year,phd,yes,yes
5585,20,male,pharmacy,2nd year,phd,yes,no
5586,22,female,b.tech,2nd year,post graduate,no,yes
5587,18,other,b.tech,3rd year,phd,yes,no
5588,24,male,bba,2nd year,high school,yes,no
5589,23,other,diploma,2nd year,post graduate,no,no
5590,23,male,b.com,4th year,graduate,yes,no
5591,17,male,b.sc,4th year,graduate,no,no
5592,21,female,b.tech,1st year,post graduate,yes,no
5593,21,other,bba,2nd year,high school,yes,yes
5594,22,other,pharmacy,4th year,high school,no,no
5595,23,male,bba,1st year,graduate,yes,no
5596,19,male,diploma,3rd year,no formal,yes,no
5597,21,female,b.tech,2nd year,graduate,yes,yes
5598,22,female,b.sc,3rd year,post graduate,no,no
5599,23,male,diploma,3rd year,no formal,yes,yes
5600,23,female,ba,3rd year,graduate,yes,yes
5601,19,male,b.tech,2nd year,high school,yes,no
5602,24,other,b.com,4th year,no formal,yes,yes
5603,17,male,nursing,2nd year,no formal,yes,yes
5604,20,female,diploma,2nd year,graduate,yes,yes
5605,21,female,nursing,2nd year,graduate,yes,yes
5606,17,male,ba,2nd year,graduate,yes,yes
5607,20,female,pharmacy,3rd year,no formal,yes,yes
5608,21,male,pharmacy,3rd year,no formal,yes,no
5609,21,female,ba,4th year,no formal,yes,yes
5610,17,female,b.sc,2nd year,post graduate,no,no
5611,19,male,pharmacy,4th year,post graduate,yes,yes
5612,18,male,ba,2nd year,graduate,yes,yes
5613,22,male,bba,4th year,no formal,yes,yes
5614,19,other,pharmacy,4th year,no formal,no,yes
5615,21,male,b.com,3rd year,high school,no,no
5616,22,other,nursing,3rd year,phd,yes,no
5617,23,female,b.sc,3rd year,no formal,yes,no
5618,18,other,b.com,1st year,graduate,yes,no
5619,24,other,ba,4th year,graduate,no,yes
5620,18,male,bba,3rd year,phd,yes,yes
5621,17,female,b.com,2nd year,high school,yes,no
5622,17,other,nursing,2nd year,high school,yes,yes
5623,18,male,bca,3rd year,post graduate,yes,no
5624,23,female,diploma,2nd year,graduate,yes,yes
5625,18,female,diploma,4th year,no formal,yes,yes
5626,22,male,bca,1st year,post graduate,yes,yes
5627,20,other,bca,3rd year,phd,yes,yes
5628,17,male,bca,1st year,phd,yes,yes
5629,20,other,diploma,3rd year,no formal,yes,yes
5630,17,male,pharmacy,2nd year,post graduate,yes,no
5631,20,female,b.sc,1st year,post graduate,no,yes
5632,21,female,bba,3rd year,post graduate,yes,yes
5633,21,other,b.sc,3rd year,graduate,yes,no
5634,19,other,b.sc,2nd year,post graduate,yes,no
5635,23,other,pharmacy,4th year,graduate,yes,yes
5636,21,other,bba,1st year,no formal,no,yes
5637,19,other,diploma,2nd year,no formal,yes,yes
5638,20,male,diploma,1st year,post graduate,yes,no
5639,17,other,b.tech,4th year,graduate,yes,yes
5640,24,female,bba,1st year,graduate,yes,no
5641,23,female,b.sc,1st year,phd,yes,yes
5642,19,male,b.com,3rd year,high school,yes,no
5643,22,other,b.sc,2nd year,phd,yes,yes
5644,22,male,bca,2nd year,high school,yes,no
5645,21,female,b.sc,1st year,graduate,yes,yes
5646,17,male,bba,3rd year,high school,yes,no
5647,24,female,b.com,3rd year,post graduate,yes,yes
5648,24,female,pharmacy,2nd year,no formal,yes,yes
5649,24,female,nursing,4th year,high school,no,yes
5650,24,female,ba,2nd year,high school,yes,yes
5651,24,other,b.com,4th year,post graduate,yes,yes
5652,22,other,diploma,3rd year,no formal,no,yes
5653,17,female,bca,1st year,post graduate,no,yes
5654,20,other,bba,3rd year,post graduate,yes,no
5655,18,other,b.tech,4th year,post graduate,no,yes
5656,18,male,b.tech,3rd year,graduate,yes,no
5657,23,female,bca,2nd year,post graduate,yes,yes
5658,23,other,bba,2nd year,no formal,yes,no
5659,21,female,nursing,4th year,graduate,no,yes
5660,22,male,b.tech,2nd year,post graduate,yes,no
5661,18,female,b.sc,2nd year,high school,yes,no
5662,18,female,nursing,3rd year,no formal,yes,yes
5663,23,other,pharmacy,4th year,high school,yes,yes
5664,20,female,diploma,4th year,graduate,yes,yes
5665,21,male,b.tech,3rd year,no formal,yes,no
5666,20,male,b.tech,2nd year,phd,yes,no
5667,18,male,nursing,2nd year,post graduate,yes,yes
5668,23,male,bba,3rd year,post graduate,yes,yes
5669,23,other,bba,1st year,phd,yes,yes
5670,22,male,pharmacy,2nd year,graduate,yes,yes
5671,19,female,b.com,2nd year,post graduate,yes,yes
5672,22,male,b.com,4th year,graduate,yes,no
5673,24,female,diploma,4th year,post graduate,yes,no
5674,22,other,pharmacy,2nd year,no formal,yes,yes
5675,20,female,ba,3rd year,phd,yes,yes
5676,19,male,b.sc,2nd year,graduate,yes,yes
5677,21,other,b.tech,4th year,graduate,yes,no
5678,19,female,b.tech,2nd year,high school,no,yes
5679,21,male,ba,3rd year,graduate,no,yes
5680,17,other,bba,3rd year,graduate,yes,yes
5681,18,other,bba,4th year,high school,yes,yes
5682,23,female,b.com,3rd year,phd,yes,no
5683,20,male,diploma,2nd year,graduate,yes,yes
5684,20,female,nursing,3rd year,post graduate,no,yes
5685,21,female,b.com,2nd year,phd,yes,no
5686,20,other,diploma,3rd year,post graduate,yes,yes
5687,23,other,bba,4th year,high school,no,yes
5688,18,male,diploma,2nd year,post graduate,yes,no
5689,23,female,b.tech,4th year,no formal,yes,yes
5690,18,male,diploma,1st year,post graduate,no,no
5691,19,female,diploma,2nd year,no formal,yes,no
5692,21,female,diploma,4th year,graduate,no,no
5693,24,female,nursing,3rd year,high school,yes,yes
5694,18,female,diploma,2nd year,phd,yes,no
5695,21,female,pharmacy,3rd year,post graduate,yes,yes
5696,17,other,diploma,1st year,post graduate,yes,yes
5697,17,female,bba,4th year,post graduate,yes,yes
5698,23,male,nursing,1st year,post graduate,yes,yes
5699,22,other,diploma,3rd year,no formal,yes,yes
5700,20,female,bca,2nd year,no formal,yes,yes
5701,21,other,bca,3rd year,phd,no,no
5702,20,other,ba,2nd year,graduate,no,no
5703,19,male,bca,1st year,post graduate,yes,yes
5704,20,other,bba,3rd year,high school,yes,no
5705,19,other,b.sc,4th year,phd,yes,no
5706,23,male,ba,3rd year,no formal,yes,yes
5707,20,male,pharmacy,1st year,graduate,yes,no
5708,19,male,b.com,1st year,post graduate,yes,no
5709,21,other,diploma,2nd year,graduate,yes,yes
5710,23,other,ba,2nd year,phd,yes,yes
5711,19,male,b.com,1st year,no formal,yes,no
5712,24,female,ba,4th year,post graduate,yes,no
5713,20,male,pharmacy,3rd year,phd,yes,yes
5714,22,male,b.sc,4th year,no formal,yes,no
5715,24,male,diploma,4th year,post graduate,yes,yes
5716,20,male,nursing,4th year,no formal,yes,yes
5717,18,other,b.sc,1st year,post graduate,no,yes
5718,22,other,diploma,1st year,high school,yes,yes
5719,17,male,bca,3rd year,phd,yes,yes
5720,20,female,ba,4th year,high school,yes,yes
5721,24,male,b.sc,3rd year,high school,yes,yes
5722,20,female,pharmacy,4th year,no formal,yes,yes
5723,22,other,b.sc,3rd year,post graduate,yes,no
5724,21,other,pharmacy,2nd year,no formal,yes,yes
5725,18,other,bca,1st year,post graduate,yes,yes
5726,19,male,nursing,3rd year,high school,yes,yes
5727,21,male,b.com,2nd year,phd,yes,no
5728,17,male,b.tech,2nd year,no formal,yes,no
5729,20,male,bca,4th year,post graduate,yes,no
5730,20,female,ba,3rd year,no formal,no,yes
5731,23,female,bba,2nd year,no formal,yes,yes
5732,17,other,bba,4th year,phd,yes,no
5733,23,male,b.com,3rd year,phd,yes,yes
5734,20,male,diploma,2nd year,phd,no,yes
5735,22,other,bba,4th year,no formal,yes,no
5736,21,other,bca,1st year,phd,yes,yes
5737,19,female,diploma,2nd year,graduate,yes,yes
5738,24,male,diploma,2nd year,high school,no,no
5739,18,female,b.com,1st year,high school,yes,yes
5740,17,male,diploma,3rd year,no formal,yes,yes
5741,23,female,b.sc,1st year,post graduate,yes,no
5742,21,other,pharmacy,3rd year,graduate,yes,yes
5743,24,male,nursing,4th year,no formal,no,yes
5744,20,male,bba,2nd year,post graduate,no,yes
5745,17,other,b.sc,1st year,graduate,yes,yes
5746,17,male,pharmacy,4th year,post graduate,yes,no
5747,20,other,bba,3rd year,no formal,yes,yes
5748,18,other,nursing,1st year,phd,yes,no
5749,24,female,b.tech,3rd year,high school,yes,no
5750,17,female,ba,1st year,graduate,yes,no
5751,24,female,b.com,3rd year,no formal,yes,yes
5752,18,female,nursing,2nd year,phd,yes,yes
5753,17,other,bba,3rd year,graduate,yes,no
5754,19,other,b.sc,4th year,post graduate,yes,yes
5755,18,male,bca,4th year,post graduate,no,yes
5756,20,male,b.sc,4th year,no formal,yes,no
5757,19,female,bba,3rd year,post graduate,yes,yes
5758,21,female,pharmacy,4th year,high school,yes,no
5759,21,other,ba,4th year,graduate,no,yes
5760,17,male,ba,4th year,graduate,no,yes
5761,17,female,b.tech,4th year,post graduate,yes,yes
5762,18,male,bba,2nd year,high school,yes,no
5763,18,female,pharmacy,2nd year,phd,yes,yes
5764,17,other,pharmacy,2nd year,graduate,yes,no
5765,19,male,pharmacy,3rd year,post graduate,yes,no
5766,21,male,ba,3rd year,post graduate,yes,yes
5767,19,female,b.tech,2nd year,graduate,no,yes
5768,19,other,b.com,2nd year,graduate,yes,yes
5769,20,female,b.sc,3rd year,post graduate,yes,no
5770,21,other,b.tech,3rd year,phd,yes,no
5771,19,male,diploma,1st year,high school,yes,yes
5772,18,other,bba,1st year,high school,no,no
5773,20,male,diploma,2nd year,phd,yes,no
5774,17,male,b.sc,2nd year,phd,yes,yes
5775,20,female,diploma,3rd year,high school,yes,yes
5776,24,male,b.tech,2nd year,high school,yes,yes
5777,20,other,diploma,2nd year,post graduate,yes,yes
5778,17,other,nursing,1st year,phd,yes,yes
5779,22,female,b.com,1st year,phd,yes,no
5780,18,female,b.com,4th year,high school,no,yes
5781,18,other,ba,4th year,high school,yes,no
5782,18,other,bca,1st year,graduate,yes,no
5783,24,female,bba,2nd year,no formal,no,yes
5784,24,other,b.tech,4th year,phd,no,no
5785,21,male,ba,3rd year,high school,yes,no
5786,21,male,bba,1st year,high school,yes,yes
5787,22,male,bca,2nd year,phd,yes,yes
5788,21,male,bca,4th year,phd,no,yes
5789,21,male,bca,2nd year,phd,no,no
5790,24,female,bba,3rd year,graduate,yes,no
5791,22,other,bba,2nd year,post graduate,no,yes
5792,17,female,ba,1st year,graduate,yes,yes
5793,20,female,b.com,4th year,no formal,yes,yes
5794,24,male,b.com,1st year,post graduate,no,no
5795,20,male,ba,3rd year,no formal,yes,yes
5796,18,female,b.tech,2nd year,no formal,yes,yes
5797,23,male,b.sc,3rd year,high school,yes,no
5798,21,other,b.sc,4th year,post graduate,no,yes
5799,21,female,ba,3rd year,post graduate,yes,yes
5800,20,female,bba,1st year,no formal,yes,yes
5801,17,male,b.sc,2nd year,post graduate,yes,yes
5802,20,male,b.sc,1st year,post graduate,yes,no
5803,20,male,bba,3rd year,graduate,yes,no
5804,24,other,b.com,3rd year,post graduate,yes,yes
5805,19,female,nursing,1st year,graduate,yes,yes
5806,18,other,b.sc,3rd year,no formal,yes,no
5807,20,female,bba,2nd year,no formal,no,yes
5808,24,other,nursing,2nd year,no formal,yes,no
5809,20,other,b.tech,4th year,graduate,yes,no
5810,20,male,bba,1st year,post graduate,yes,no
5811,22,male,bba,3rd year,no formal,no,no
5812,22,other,bba,3rd year,no formal,yes,no
5813,19,male,nursing,2nd year,post graduate,yes,no
5814,24,other,bca,1st year,post graduate,yes,no
5815,21,female,ba,1st year,phd,yes,yes
5816,17,other,ba,3rd year,phd,yes,yes
5817,20,male,bca,3rd year,phd,yes,no
5818,24,male,b.com,2nd year,no formal,yes,yes
5819,20,female,diploma,2nd year,high school,no,yes
5820,21,male,ba,4th year,graduate,no,no
5821,21,male,b.tech,3rd year,post graduate,yes,yes
5822,22,female,bba,3rd year,phd,yes,yes
5823,23,male,b.com,1st year,phd,yes,yes
5824,18,male,ba,3rd year,phd,no,yes
5825,21,other,b.com,2nd year,no formal,yes,no
5826,21,male,b.sc,4th year,no formal,yes,yes
5827,18,other,b.com,1st year,graduate,yes,yes
5828,22,other,pharmacy,4th year,phd,yes,yes
5829,17,other,b.com,4th year,high school,yes,yes
5830,20,male,diploma,4th year,high school,no,yes
5831,19,male,ba,3rd year,high school,yes,yes
5832,18,other,b.tech,3rd year,post graduate,yes,yes
5833,23,male,nursing,4th year,post graduate,yes,no
5834,18,female,pharmacy,4th year,high school,yes,yes
5835,19,female,b.com,4th year,no formal,yes,yes
5836,23,other,b.sc,1st year,high school,yes,no
5837,24,other,pharmacy,2nd year,high school,yes,yes
5838,17,male,b.tech,4th year,graduate,yes,yes
5839,19,female,pharmacy,1st year,high school,yes,yes
5840,22,female,b.sc,3rd year,no formal,yes,no
5841,23,other,nursing,2nd year,phd,yes,yes
5842,24,female,pharmacy,3rd year,graduate,yes,yes
5843,21,male,b.com,4th year,high school,no,yes
5844,17,other,b.sc,4th year,high school,yes,yes
5845,23,female,b.tech,2nd year,post graduate,yes,yes
5846,18,male,nursing,3rd year,phd,no,yes
5847,17,male,ba,1st year,graduate,yes,no
5848,22,male,bca,3rd year,graduate,no,no
5849,21,other,bca,1st year,high school,no,yes
5850,17,other,bba,4th year,post graduate,yes,no
5851,18,female,b.com,2nd year,post graduate,yes,yes
5852,21,male,ba,3rd year,no formal,no,yes
5853,19,other,bba,3rd year,graduate,yes,yes
5854,22,female,b.tech,2nd year,phd,yes,yes
5855,20,female,ba,4th year,high school,yes,yes
5856,21,male,diploma,1st year,graduate,yes,no
5857,20,other,ba,4th year,post graduate,yes,yes
5858,19,male,ba,3rd year,no formal,no,yes
5859,19,female,nursing,2nd year,graduate,yes,yes
5860,22,female,bba,1st year,post graduate,yes,no
5861,21,female,diploma,1st year,graduate,yes,yes
5862,21,female,b.tech,3rd year,high school,yes,no
5863,21,female,pharmacy,3rd year,phd,no,yes
5864,18,female,diploma,4th year,high school,yes,yes
5865,24,female,nursing,4th year,graduate,yes,yes
5866,21,female,diploma,2nd year,high school,yes,yes
5867,22,other,bba,3rd year,phd,yes,no
5868,24,other,bba,4th year,graduate,yes,no
5869,24,male,bca,3rd year,high school,no,yes
5870,22,other,bba,3rd year,high school,yes,yes
5871,23,male,diploma,3rd year,graduate,no,yes
5872,20,male,ba,4th year,post graduate,yes,yes
5873,22,female,diploma,2nd year,post graduate,no,yes
5874,19,male,ba,1st year,no formal,no,yes
5875,22,female,bba,4th year,no formal,yes,yes
5876,17,male,b.tech,2nd year,no formal,yes,yes
5877,24,female,pharmacy,1st year,phd,no,yes
5878,18,other,diploma,3rd year,no formal,yes,yes
5879,22,other,b.com,4th year,no formal,yes,yes
5880,17,female,b.tech,4th year,graduate,yes,no
5881,18,male,nursing,2nd year,no formal,yes,yes
5882,24,other,b.tech,4th year,no formal,yes,no
5883,23,male,bba,1st year,no formal,yes,no
5884,18,female,b.tech,4th year,no formal,yes,yes
5885,18,male,diploma,1st year,graduate,no,yes
5886,23,female,b.sc,1st year,high school,yes,no
5887,24,male,ba,2nd year,high school,yes,yes
5888,18,other,bca,2nd year,phd,yes,yes
5889,22,male,ba,1st year,phd,yes,yes
5890,19,female,diploma,3rd year,no formal,yes,yes
5891,22,female,bba,1st year,phd,yes,yes
5892,20,female,ba,1st year,no formal,yes,yes
5893,18,female,b.com,1st year,graduate,yes,yes
5894,19,male,ba,4th year,graduate,yes,no
5895,21,other,b.com,1st year,post graduate,yes,no
5896,23,female,bca,3rd year,graduate,no,no
5897,17,male,diploma,3rd year,post graduate,yes,no
5898,24,male,bca,4th year,no formal,no,yes
5899,22,female,b.tech,2nd year,graduate,yes,yes
5900,24,other,nursing,4th year,phd,no,no
5901,24,other,nursing,2nd year,graduate,yes,no
5902,18,female,nursing,1st year,post graduate,yes,no
5903,17,female,b.tech,4th year,no formal,yes,no
5904,23,male,nursing,2nd year,graduate,yes,yes
5905,18,female,bba,1st year,no formal,yes,yes
5906,18,male,nursing,3rd year,graduate,no,yes
5907,20,other,nursing,2nd year,high school,yes,yes
5908,24,female,nursing,4th year,post graduate,yes,yes
5909,23,male,b.sc,1st year,post graduate,yes,yes
5910,21,other,bba,3rd year,no formal,yes,no
5911,18,other,diploma,4th year,high school,yes,yes
5912,19,male,bca,1st year,phd,yes,yes
5913,22,male,nursing,3rd year,no formal,yes,yes
5914,18,male,diploma,3rd year,no formal,yes,no
5915,21,female,b.tech,4th year,phd,yes,no
5916,17,female,b.sc,2nd year,graduate,yes,no
5917,19,other,bca,2nd year,post graduate,yes,yes
5918,18,other,ba,2nd year,high school,yes,yes
5919,22,other,ba,2nd year,graduate,yes,yes
5920,24,other,pharmacy,4th year,post graduate,yes,yes
5921,18,male,b.tech,3rd year,high school,no,no
5922,23,male,bba,1st year,phd,yes,no
5923,22,other,b.com,4th year,phd,yes,no
5924,24,female,b.tech,1st year,post graduate,yes,no
5925,24,male,ba,4th year,high school,yes,yes
5926,17,other,ba,2nd year,high school,yes,yes
5927,22,male,bba,3rd year,no formal,yes,yes
5928,21,other,b.sc,4th year,post graduate,yes,no
5929,17,other,diploma,4th year,phd,yes,no
5930,19,female,ba,1st year,phd,yes,no
5931,24,female,bca,2nd year,phd,yes,no
5932,21,other,bba,1st year,no formal,yes,no
5933,19,other,bca,3rd year,post graduate,yes,yes
5934,19,female,bba,2nd year,high school,yes,yes
5935,23,male,b.com,4th year,no formal,yes,no
5936,19,male,bba,3rd year,graduate,yes,yes
5937,18,female,bba,2nd year,post graduate,yes,no
5938,21,male,b.tech,1st year,post graduate,yes,yes
5939,24,other,diploma,2nd year,graduate,no,no
5940,18,female,bba,4th year,no formal,yes,no
5941,19,other,b.com,1st year,no formal,yes,no
5942,20,male,b.tech,4th year,no formal,no,yes
5943,18,male,b.com,3rd year,post graduate,no,yes
5944,22,female,ba,3rd year,graduate,no,no
5945,19,male,nursing,2nd year,high school,yes,no
5946,18,other,bca,1st year,post graduate,yes,yes
5947,19,female,ba,1st year,high school,no,yes
5948,24,other,b.sc,3rd year,high school,yes,yes
5949,24,other,b.com,2nd year,phd,yes,no
5950,21,male,pharmacy,1st year,graduate,yes,yes
5951,20,other,b.sc,4th year,post graduate,yes,yes
5952,23,male,bca,2nd year,phd,yes,yes
5953,18,other,bba,2nd year,high school,yes,yes
5954,22,other,b.sc,4th year,no formal,yes,no
5955,22,other,nursing,1st year,post graduate,yes,no
5956,22,female,ba,1st year,high school,no,yes
5957,18,male,bca,2nd year,phd,yes,yes
5958,22,male,b.tech,1st year,high school,no,no
5959,21,male,pharmacy,2nd year,post graduate,yes,no
5960,24,other,b.tech,1st year,post graduate,no,yes
5961,18,female,b.com,3rd year,post graduate,no,no
5962,21,male,pharmacy,1st year,post graduate,yes,no
5963,23,male,bca,1st year,no formal,yes,yes
5964,19,male,diploma,2nd year,phd,yes,no
5965,22,male,b.com,3rd year,high school,yes,yes
5966,17,other,nursing,2nd year,graduate,yes,yes
5967,22,other,pharmacy,4th year,high school,yes,no
5968,21,female,bca,4th year,high school,no,no
5969,18,other,b.sc,2nd year,high school,yes,yes
5970,17,female,pharmacy,1st year,graduate,yes,no
5971,22,male,b.tech,4th year,phd,no,no
5972,18,other,pharmacy,2nd year,high school,yes,no
5973,20,male,b.tech,3rd year,phd,no,no
5974,17,other,b.tech,4th year,post graduate,yes,no
5975,24,other,b.tech,3rd year,post graduate,yes,no
5976,21,male,b.sc,3rd year,phd,yes,yes
5977,24,male,diploma,2nd year,phd,yes,yes
5978,18,female,ba,4th year,graduate,yes,no
5979,18,other,b.tech,1st year,high school,yes,no
5980,21,male,ba,2nd year,post graduate,yes,yes
5981,21,other,pharmacy,2nd year,high school,no,no
5982,23,female,bba,1st year,no formal,yes,yes
5983,24,other,diploma,2nd year,high school,yes,no
5984,23,female,b.com,1st year,graduate,yes,yes
5985,18,female,bba,1st year,phd,yes,no
5986,19,female,nursing,4th year,post graduate,yes,no
5987,24,male,diploma,3rd year,high school,yes,no
5988,21,male,b.tech,4th year,post graduate,no,yes
5989,23,male,bca,1st year,graduate,yes,yes
5990,21,other,nursing,2nd year,phd,yes,yes
5991,17,female,b.sc,3rd year,post graduate,yes,yes
5992,20,female,ba,2nd year,phd,yes,yes
5993,23,other,bca,1st year,post graduate,no,no
5994,22,other,b.tech,2nd year,graduate,yes,yes
5995,18,male,diploma,1st year,post graduate,yes,yes
5996,18,female,nursing,1st year,phd,yes,no
5997,23,female,bba,3rd year,high school,yes,no
5998,24,other,bba,1st year,post graduate,yes,yes
5999,23,other,b.tech,2nd year,phd,yes,no
6000,17,female,diploma,4th year,graduate,yes,yes
6001,21,male,pharmacy,4th year,graduate,yes,yes
6002,23,female,nursing,1st year,no formal,no,yes
6003,22,male,bba,2nd year,post graduate,yes,yes
6004,21,other,b.tech,2nd year,phd,yes,no
6005,20,other,b.com,3rd year,post graduate,yes,no
6006,18,other,b.com,3rd year,phd,yes,yes
6007,19,male,b.tech,1st year,no formal,yes,no
6008,22,female,b.sc,2nd year,graduate,no,no
6009,17,other,bca,2nd year,post graduate,yes,yes
6010,17,female,b.tech,4th year,high school,yes,yes
6011,20,other,b.tech,2nd year,phd,yes,yes
6012,23,female,pharmacy,1st year,no formal,yes,yes
6013,22,female,bca,3rd year,phd,yes,yes
6014,21,female,nursing,4th year,no formal,yes,yes
6015,21,male,b.com,4th year,no formal,yes,yes
6016,17,female,ba,1st year,phd,yes,yes
6017,19,male,bca,3rd year,phd,yes,yes
6018,17,other,diploma,1st year,graduate,yes,yes
6019,23,female,ba,1st year,high school,yes,yes
6020,23,female,pharmacy,3rd year,graduate,yes,yes
6021,19,other,diploma,4th year,high school,no,yes
6022,19,female,b.sc,4th year,high school,yes,yes
6023,19,other,b.tech,3rd year,no formal,yes,yes
6024,24,female,b.tech,2nd year,post graduate,yes,yes
6025,20,other,nursing,3rd year,no formal,yes,yes
6026,23,other,nursing,2nd year,post graduate,yes,no
6027,20,male,bba,1st year,high school,yes,no
6028,22,male,diploma,2nd year,phd,no,no
6029,21,other,nursing,1st year,post graduate,yes,no
6030,19,male,b.sc,1st year,graduate,yes,no
6031,24,other,pharmacy,3rd year,graduate,yes,yes
6032,22,male,bba,4th year,high school,yes,no
6033,23,other,ba,3rd year,no formal,yes,yes
6034,24,other,b.sc,4th year,no formal,no,yes
6035,18,female,diploma,2nd year,graduate,yes,yes
6036,17,female,bca,3rd year,phd,yes,yes
6037,21,female,b.tech,1st year,post graduate,yes,no
6038,19,female,bca,2nd year,phd,no,yes
6039,20,female,b.sc,1st year,post graduate,yes,yes
6040,18,male,b.com,3rd year,high school,yes,no
6041,20,male,bca,2nd year,phd,no,no
6042,20,other,nursing,3rd year,high school,yes,yes
6043,19,other,b.sc,4th year,high school,yes,yes
6044,22,female,bba,1st year,post graduate,yes,no
6045,21,other,b.com,2nd year,no formal,no,yes
6046,20,female,diploma,2nd year,post graduate,yes,yes
6047,17,female,nursing,3rd year,high school,yes,yes
6048,21,male,bca,3rd year,post graduate,yes,yes
6049,18,female,nursing,3rd year,post graduate,yes,yes
6050,19,male,bba,4th year,no formal,yes,no
6051,20,other,bca,2nd year,high school,yes,yes
6052,18,male,b.com,2nd year,phd,no,yes
6053,20,female,pharmacy,2nd year,phd,yes,yes
6054,19,female,b.sc,4th year,graduate,yes,yes
6055,23,male,pharmacy,2nd year,graduate,yes,no
6056,23,female,diploma,4th year,post graduate,yes,no
6057,17,male,pharmacy,1st year,post graduate,yes,yes
6058,21,male,bca,4th year,no formal,no,no
6059,22,other,ba,2nd year,high school,yes,yes
6060,20,female,b.com,4th year,no formal,yes,yes
6061,20,female,b.sc,2nd year,graduate,no,yes
6062,23,male,pharmacy,1st year,no formal,yes,yes
6063,20,male,b.tech,2nd year,phd,yes,no
6064,17,female,nursing,2nd year,high school,yes,no
6065,19,other,diploma,1st year,phd,yes,no
6066,19,male,b.sc,4th year,phd,yes,yes
6067,20,other,pharmacy,2nd year,high school,yes,no
6068,18,male,b.sc,4th year,post graduate,yes,yes
6069,18,female,b.sc,4th year,no formal,yes,yes
6070,24,male,bba,1st year,phd,yes,yes
6071,18,other,b.tech,2nd year,post graduate,yes,no
6072,22,other,b.tech,3rd year,post graduate,no,no
6073,22,other,bca,4th year,graduate,no,no
6074,21,other,pharmacy,4th year,no formal,yes,no
6075,24,other,b.tech,1st year,high school,yes,no
6076,17,female,bca,1st year,post graduate,yes,no
6077,19,other,bca,1st year,high school,yes,yes
6078,18,male,b.tech,2nd year,post graduate,yes,no
6079,21,female,b.sc,3rd year,phd,yes,yes
6080,22,other,ba,2nd year,phd,yes,yes
6081,24,female,diploma,3rd year,no formal,yes,no
6082,20,other,b.sc,2nd year,graduate,no,yes
6083,18,female,ba,3rd year,no formal,yes,no
6084,24,female,bba,3rd year,high school,yes,no
6085,22,male,diploma,2nd year,phd,yes,no
6086,23,male,b.com,1st year,post graduate,yes,yes
6087,20,other,diploma,1st year,post graduate,yes,no
6088,20,other,nursing,4th year,post graduate,yes,no
6089,20,female,bca,3rd year,no formal,yes,no
6090,22,other,diploma,1st year,graduate,yes,yes
6091,18,male,b.sc,2nd year,high school,yes,no
6092,24,other,pharmacy,4th year,no formal,yes,yes
6093,18,female,b.com,4th year,phd,yes,yes
6094,20,female,b.sc,1st year,graduate,yes,no
6095,19,male,bba,4th year,high school,yes,yes
6096,22,female,ba,4th year,phd,no,yes
6097,22,other,bba,1st year,post graduate,no,no
6098,24,other,nursing,2nd year,high school,yes,no
6099,23,female,bba,1st year,phd,yes,no
6100,18,male,ba,3rd year,post graduate,yes,yes
6101,18,male,nursing,4th year,high school,yes,no
6102,24,male,ba,1st year,high school,yes,yes
6103,20,male,pharmacy,2nd year,no formal,no,yes
6104,17,other,pharmacy,3rd year,high school,yes,yes
6105,23,male,bba,1st year,high school,no,yes
6106,22,male,diploma,2nd year,high school,yes,no
6107,17,male,diploma,1st year,high school,yes,yes
6108,23,female,nursing,1st year,no formal,yes,no
6109,21,female,bba,3rd year,post graduate,yes,yes
6110,21,male,ba,3rd year,high school,yes,yes
6111,23,female,b.com,1st year,no formal,yes,no
6112,20,male,bca,1st year,post graduate,no,yes
6113,20,other,bca,1st year,high school,yes,yes
6114,21,male,bba,4th year,graduate,yes,yes
6115,18,male,b.com,3rd year,phd,yes,yes
6116,18,female,bba,3rd year,high school,no,no
6117,23,other,bba,1st year,no formal,yes,yes
6118,18,female,b.sc,1st year,post graduate,yes,yes
6119,21,male,bca,4th year,no formal,yes,yes
6120,19,female,nursing,4th year,graduate,no,no
6121,18,male,b.com,3rd year,phd,no,no
6122,21,male,ba,1st year,graduate,no,yes
6123,23,other,b.tech,1st year,no formal,yes,yes
6124,20,other,bca,4th year,post graduate,no,yes
6125,18,male,ba,3rd year,post graduate,yes,no
6126,18,female,nursing,2nd year,high school,yes,yes
6127,18,female,pharmacy,1st year,no formal,no,yes
6128,24,other,diploma,3rd year,graduate,yes,no
6129,19,other,b.sc,4th year,post graduate,no,no
6130,19,female,b.sc,4th year,no formal,yes,yes
6131,17,male,bba,3rd year,graduate,no,yes
6132,20,male,bca,1st year,high school,yes,yes
6133,24,male,b.tech,4th year,high school,yes,yes
6134,20,other,bba,3rd year,high school,yes,no
6135,22,other,b.tech,4th year,post graduate,yes,no
6136,18,other,b.com,1st year,phd,yes,no
6137,18,male,ba,4th year,no formal,yes,yes
6138,22,male,b.tech,3rd year,no formal,no,no
6139,17,male,b.com,4th year,high school,no,yes
6140,20,female,bca,1st year,post graduate,yes,yes
6141,19,male,pharmacy,4th year,no formal,yes,yes
6142,17,female,nursing,1st year,post graduate,yes,yes
6143,21,other,b.com,1st year,post graduate,yes,yes
6144,24,male,pharmacy,1st year,high school,yes,yes
6145,17,other,ba,1st year,high school,no,yes
6146,23,female,ba,3rd year,high school,yes,yes
6147,21,other,nursing,4th year,post graduate,yes,yes
6148,22,male,ba,4th year,no formal,yes,no
6149,17,male,diploma,1st year,high school,no,yes
6150,23,male,b.sc,4th year,high school,yes,yes
6151,17,other,b.com,1st year,high school,yes,no
6152,24,other,pharmacy,3rd year,phd,yes,yes
6153,22,male,b.com,1st year,no formal,yes,yes
6154,19,female,nursing,4th year,no formal,yes,yes
6155,17,other,bba,2nd year,graduate,yes,no
6156,21,other,pharmacy,4th year,graduate,yes,yes
6157,17,other,ba,3rd year,phd,yes,no
6158,21,other,bba,3rd year,high school,no,yes
6159,23,other,ba,2nd year,graduate,yes,no
6160,19,other,b.sc,1st year,post graduate,no,no
6161,18,other,nursing,3rd year,post graduate,yes,no
6162,18,female,bca,3rd year,high school,yes,no
6163,18,female,bba,1st year,phd,yes,no
6164,17,female,ba,1st year,high school,yes,yes
6165,18,other,diploma,2nd year,graduate,yes,yes
6166,22,male,ba,4th year,no formal,yes,no
6167,19,other,b.com,2nd year,phd,yes,yes
6168,23,female,b.tech,2nd year,phd,no,yes
6169,23,male,nursing,4th year,high school,no,yes
6170,23,female,b.tech,2nd year,graduate,no,no
6171,21,male,nursing,2nd year,phd,yes,no
6172,19,other,ba,4th year,no formal,yes,no
6173,24,female,b.tech,3rd year,post graduate,yes,yes
6174,18,female,pharmacy,1st year,post graduate,no,no
6175,20,male,diploma,1st year,post graduate,yes,yes
6176,20,male,diploma,4th year,post graduate,yes,no
6177,22,other,bba,4th year,high school,yes,yes
6178,21,other,diploma,4th year,graduate,yes,no
6179,23,male,b.sc,2nd year,post graduate,yes,no
6180,24,other,b.com,3rd year,phd,yes,yes
6181,20,female,bba,1st year,no formal,yes,yes
6182,23,female,diploma,3rd year,high school,no,yes
6183,18,female,bca,3rd year,high school,yes,yes
6184,24,other,ba,1st year,phd,yes,no
6185,18,other,diploma,4th year,post graduate,yes,no
6186,23,female,b.tech,2nd year,phd,yes,no
6187,20,female,bba,4th year,post graduate,yes,no
6188,24,other,ba,4th year,graduate,yes,yes
6189,18,female,bba,2nd year,graduate,yes,yes
6190,20,female,b.sc,1st year,graduate,yes,yes
6191,24,female,pharmacy,1st year,no formal,no,no
6192,17,female,nursing,2nd year,no formal,yes,no
6193,19,male,pharmacy,2nd year,no formal,no,no
6194,17,male,nursing,2nd year,no formal,yes,yes
6195,19,female,bca,4th year,high school,yes,no
6196,20,male,b.com,3rd year,graduate,yes,yes
6197,21,female,b.sc,1st year,phd,yes,yes
6198,19,other,bca,3rd year,phd,yes,no
6199,18,male,pharmacy,1st year,post graduate,yes,no
6200,18,female,ba,1st year,high school,yes,yes
6201,24,other,pharmacy,3rd year,graduate,yes,yes
6202,24,male,b.sc,1st year,graduate,yes,yes
6203,18,other,b.com,2nd year,post graduate,no,no
6204,18,male,bca,4th year,no formal,yes,no
6205,17,other,bba,2nd year,no formal,yes,no
6206,24,female,diploma,1st year,high school,yes,yes
6207,22,male,ba,4th year,no formal,yes,yes
6208,23,other,diploma,2nd year,high school,yes,yes
6209,19,male,b.com,3rd year,high school,no,no
6210,22,female,b.sc,1st year,phd,yes,no
6211,17,female,bca,1st year,post graduate,yes,yes
6212,22,other,bba,4th year,no formal,yes,no
6213,21,female,bca,4th year,graduate,yes,no
6214,19,other,b.tech,1st year,no formal,yes,no
6215,22,female,ba,4th year,phd,yes,no
6216,22,female,b.tech,2nd year,no formal,yes,yes
6217,20,female,nursing,4th year,high school,no,yes
6218,18,other,b.tech,3rd year,graduate,no,yes
6219,17,female,pharmacy,4th year,post graduate,yes,yes
6220,24,male,b.tech,1st year,graduate,yes,no
6221,19,other,bca,1st year,phd,yes,yes
6222,19,female,ba,4th year,no formal,no,yes
6223,22,female,b.tech,1st year,phd,yes,no
6224,19,male,ba,4th year,high school,yes,no
6225,20,other,b.tech,1st year,post graduate,no,yes
6226,22,male,diploma,3rd year,high school,yes,yes
6227,21,other,nursing,2nd year,post graduate,no,yes
6228,22,male,b.com,2nd year,no formal,no,yes
6229,17,female,ba,3rd year,post graduate,yes,yes
6230,20,male,b.sc,1st year,phd,yes,yes
6231,20,female,bba,2nd year,high school,yes,no
6232,22,other,pharmacy,3rd year,post graduate,yes,no
6233,18,female,bba,2nd year,graduate,yes,no
6234,18,female,nursing,1st year,high school,yes,yes
6235,23,male,nursing,1st year,graduate,no,yes
6236,22,other,b.sc,3rd year,graduate,yes,yes
6237,23,female,b.tech,1st year,high school,no,no
6238,19,female,ba,1st year,high school,yes,no
6239,24,other,pharmacy,1st year,graduate,no,no
6240,19,female,b.sc,3rd year,no formal,yes,yes
6241,22,other,b.tech,1st year,graduate,yes,yes
6242,18,male,pharmacy,2nd year,graduate,yes,yes
6243,24,female,b.sc,1st year,graduate,yes,no
6244,19,female,ba,3rd year,post graduate,no,no
6245,23,male,nursing,1st year,graduate,yes,yes
6246,19,female,b.tech,1st year,high school,yes,no
6247,23,other,b.sc,2nd year,phd,yes,yes
6248,20,other,diploma,2nd year,high school,no,yes
6249,17,other,b.tech,1st year,no formal,yes,yes
6250,18,other,diploma,2nd year,high school,no,no
6251,22,other,bba,3rd year,post graduate,yes,no
6252,18,male,b.com,2nd year,high school,yes,yes
6253,19,other,bca,2nd year,no formal,yes,no
6254,21,female,b.com,4th year,graduate,no,yes
6255,19,other,pharmacy,2nd year,no formal,yes,no
6256,18,female,ba,2nd year,post graduate,yes,yes
6257,21,male,diploma,3rd year,no formal,yes,yes
6258,22,female,b.com,1st year,no formal,yes,no
6259,22,other,nursing,4th year,post graduate,yes,yes
6260,24,male,b.com,3rd year,post graduate,yes,no
6261,17,female,bba,3rd year,high school,yes,no
6262,20,female,nursing,2nd year,phd,yes,no
6263,18,female,pharmacy,3rd year,no formal,yes,yes
6264,24,other,diploma,4th year,no formal,yes,no
6265,21,male,diploma,3rd year,high school,no,yes
6266,17,female,diploma,1st year,graduate,yes,yes
6267,22,other,ba,3rd year,graduate,no,yes
6268,17,female,diploma,4th year,high school,yes,no
6269,19,male,bca,3rd year,high school,yes,yes
6270,22,male,bba,3rd year,post graduate,yes,yes
6271,21,female,b.com,2nd year,graduate,yes,no
6272,23,other,ba,1st year,phd,yes,no
6273,21,male,b.sc,3rd year,no formal,yes,yes
6274,23,male,diploma,2nd year,phd,yes,yes
6275,21,female,b.tech,1st year,phd,yes,no
6276,17,male,b.sc,2nd year,graduate,yes,no
6277,17,male,b.com,1st year,post graduate,yes,no
6278,23,male,b.sc,3rd year,post graduate,yes,yes
6279,17,female,diploma,3rd year,phd,yes,yes
6280,20,other,b.sc,2nd year,graduate,yes,no
6281,17,male,bba,3rd year,no formal,yes,no
6282,19,other,diploma,3rd year,post graduate,yes,no
6283,21,other,bca,2nd year,no formal,yes,yes
6284,18,male,bca,3rd year,phd,yes,yes
6285,20,other,ba,1st year,phd,yes,yes
6286,24,male,bba,3rd year,post graduate,yes,yes
6287,17,other,diploma,1st year,high school,yes,no
6288,17,other,bba,3rd year,no formal,yes,no
6289,19,other,diploma,1st year,graduate,no,yes
6290,23,female,nursing,4th year,high school,yes,no
6291,20,female,b.com,1st year,phd,yes,yes
6292,22,male,b.sc,2nd year,post graduate,yes,yes
6293,17,female,bba,3rd year,no formal,yes,yes
6294,22,other,ba,2nd year,no formal,yes,no
6295,17,male,b.sc,1st year,phd,no,no
6296,22,male,diploma,1st year,graduate,no,yes
6297,18,other,bca,4th year,post graduate,yes,yes
6298,23,female,bca,1st year,post graduate,yes,yes
6299,19,female,diploma,3rd year,high school,yes,yes
6300,18,male,ba,2nd year,phd,yes,yes
6301,19,male,bba,1st year,high school,yes,no
6302,17,other,b.com,2nd year,phd,yes,no
6303,18,female,diploma,1st year,phd,yes,yes
6304,21,other,pharmacy,4th year,no formal,yes,no
6305,19,female,nursing,4th year,post graduate,yes,yes
6306,19,female,ba,1st year,post graduate,yes,yes
6307,23,male,b.tech,4th year,post graduate,no,no
6308,17,female,nursing,3rd year,post graduate,yes,yes
6309,20,male,bca,3rd year,phd,no,yes
6310,18,other,nursing,1st year,no formal,yes,yes
6311,20,female,b.com,1st year,high school,yes,no
6312,19,other,nursing,1st year,graduate,no,yes
6313,17,female,nursing,4th year,phd,yes,yes
6314,17,female,b.tech,2nd year,post graduate,yes,no
6315,23,female,bca,3rd year,post graduate,yes,yes
6316,17,female,bba,2nd year,high school,yes,no
6317,23,female,bca,4th year,no formal,no,yes
6318,24,other,b.com,1st year,high school,yes,yes
6319,20,other,b.tech,4th year,graduate,yes,no
6320,19,male,b.com,1st year,no formal,yes,yes
6321,23,male,bba,4th year,no formal,yes,yes
6322,24,male,b.com,3rd year,post graduate,yes,yes
6323,17,other,bba,2nd year,high school,yes,yes
6324,24,male,ba,2nd year,high school,yes,no
6325,24,female,diploma,3rd year,no formal,yes,yes
6326,18,other,ba,2nd year,graduate,yes,no
6327,17,male,b.sc,1st year,no formal,yes,yes
6328,22,male,bca,2nd year,graduate,yes,no
6329,17,male,b.sc,4th year,no formal,no,no
6330,21,male,b.com,2nd year,no formal,yes,yes
6331,17,male,diploma,2nd year,phd,yes,no
6332,22,female,b.com,1st year,graduate,yes,no
6333,18,other,b.tech,1st year,high school,yes,no
6334,17,male,ba,2nd year,no formal,yes,yes
6335,17,female,ba,4th year,graduate,yes,yes
6336,18,male,diploma,3rd year,high school,yes,yes
6337,21,male,diploma,2nd year,high school,yes,yes
6338,17,female,b.tech,3rd year,high school,yes,yes
6339,23,other,diploma,4th year,no formal,yes,no
6340,21,male,diploma,4th year,graduate,yes,yes
6341,19,other,b.sc,2nd year,graduate,yes,yes
6342,24,other,ba,4th year,graduate,yes,no
6343,22,male,diploma,4th year,post graduate,yes,yes
6344,22,male,bca,1st year,no formal,yes,no
6345,18,male,ba,4th year,high school,yes,no
6346,22,other,diploma,1st year,high school,yes,no
6347,21,male,bca,4th year,high school,yes,yes
6348,24,female,bba,4th year,no formal,yes,yes
6349,20,female,b.tech,3rd year,high school,yes,yes
6350,22,male,bca,2nd year,high school,yes,no
6351,19,male,b.sc,4th year,phd,yes,yes
6352,17,male,pharmacy,2nd year,no formal,yes,yes
6353,18,male,b.sc,4th year,graduate,yes,yes
6354,23,female,b.tech,3rd year,no formal,yes,yes
6355,22,other,ba,2nd year,phd,no,no
6356,19,female,ba,3rd year,graduate,yes,yes
6357,22,male,ba,1st year,high school,yes,yes
6358,17,male,pharmacy,1st year,phd,yes,yes
6359,17,other,b.com,3rd year,post graduate,yes,no
6360,21,other,nursing,1st year,no formal,yes,no
6361,21,female,b.sc,3rd year,post graduate,yes,yes
6362,24,female,bca,1st year,post graduate,yes,no
6363,23,male,b.sc,3rd year,graduate,no,yes
6364,19,other,b.com,1st year,no formal,yes,no
6365,23,male,b.sc,1st year,post graduate,yes,yes
6366,20,male,b.com,1st year,high school,yes,yes
6367,23,other,bba,4th year,no formal,yes,yes
6368,18,male,nursing,3rd year,graduate,yes,yes
6369,17,male,diploma,3rd year,graduate,yes,no
6370,17,female,diploma,2nd year,no formal,yes,no
6371,24,male,bba,4th year,high school,yes,yes
6372,17,male,b.com,1st year,post graduate,yes,yes
6373,24,female,b.com,2nd year,post graduate,yes,no
6374,22,male,b.sc,1st year,no formal,no,yes
6375,18,other,bca,3rd year,high school,yes,no
6376,23,male,nursing,4th year,phd,yes,no
6377,18,female,bba,4th year,no formal,no,yes
6378,18,male,bca,1st year,graduate,yes,no
6379,21,other,ba,4th year,graduate,yes,no
6380,19,other,pharmacy,2nd year,post graduate,yes,no
6381,19,other,nursing,2nd year,no formal,no,yes
6382,18,male,ba,3rd year,no formal,yes,yes
6383,21,male,diploma,2nd year,phd,no,yes
6384,17,other,ba,1st year,high school,yes,yes
6385,18,other,b.sc,3rd year,high school,yes,yes
6386,21,male,b.com,1st year,post graduate,yes,yes
6387,20,male,nursing,3rd year,graduate,yes,yes
6388,22,female,bba,1st year,graduate,yes,no
6389,18,female,nursing,4th year,no formal,yes,no
6390,22,female,b.com,4th year,post graduate,yes,yes
6391,23,other,bba,3rd year,no formal,yes,yes
6392,20,female,b.tech,3rd year,graduate,yes,yes
6393,19,other,nursing,2nd year,high school,yes,no
6394,21,other,b.com,3rd year,post graduate,no,yes
6395,21,female,b.tech,3rd year,post graduate,yes,yes
6396,17,other,b.sc,4th year,post graduate,yes,yes
6397,21,female,bca,1st year,post graduate,no,no
6398,18,male,nursing,3rd year,high school,yes,no
6399,21,male,pharmacy,3rd year,high school,no,yes
6400,24,female,b.com,2nd year,phd,yes,yes
6401,21,other,bca,2nd year,post graduate,yes,no
6402,23,other,bba,2nd year,post graduate,yes,no
6403,19,male,diploma,1st year,phd,yes,yes
6404,24,male,diploma,2nd year,no formal,no,yes
6405,23,female,b.tech,1st year,no formal,yes,yes
6406,24,female,b.sc,2nd year,no formal,yes,yes
6407,22,other,bca,2nd year,graduate,yes,no
6408,22,male,bba,4th year,post graduate,yes,yes
6409,21,other,nursing,4th year,phd,yes,yes
6410,24,female,nursing,1st year,post graduate,yes,yes
6411,23,female,b.tech,2nd year,post graduate,yes,yes
6412,20,female,bca,1st year,phd,yes,yes
6413,17,other,ba,2nd year,no formal,yes,yes
6414,17,female,bba,2nd year,post graduate,yes,yes
6415,18,female,b.tech,2nd year,post graduate,yes,yes
6416,17,other,nursing,1st year,high school,yes,no
6417,18,male,b.sc,4th year,graduate,yes,no
6418,17,female,pharmacy,4th year,no formal,yes,no
6419,24,other,pharmacy,4th year,graduate,no,yes
6420,17,other,nursing,2nd year,graduate,yes,yes
6421,22,male,b.sc,3rd year,high school,yes,no
6422,19,other,ba,1st year,graduate,yes,no
6423,18,other,b.tech,3rd year,post graduate,yes,yes
6424,22,female,bca,3rd year,phd,yes,no
6425,24,other,nursing,3rd year,high school,yes,no
6426,23,female,bba,4th year,post graduate,yes,yes
6427,24,female,b.tech,1st year,graduate,yes,no
6428,21,female,b.com,2nd year,phd,yes,no
6429,22,male,b.sc,2nd year,graduate,yes,no
6430,18,other,ba,2nd year,post graduate,no,no
6431,23,male,ba,3rd year,high school,yes,yes
6432,22,male,nursing,3rd year,post graduate,no,yes
6433,19,other,b.sc,3rd year,high school,yes,yes
6434,19,other,b.com,1st year,graduate,yes,yes
6435,21,female,b.com,3rd year,no formal,yes,yes
6436,17,female,pharmacy,3rd year,graduate,no,yes
6437,23,female,b.com,1st year,no formal,yes,no
6438,19,female,pharmacy,3rd year,graduate,yes,yes
6439,17,female,bca,3rd year,graduate,yes,yes
6440,19,female,b.com,4th year,phd,yes,no
6441,23,female,bca,2nd year,no formal,yes,yes
6442,19,female,b.sc,4th year,high school,yes,yes
6443,21,other,pharmacy,3rd year,post graduate,no,yes
6444,23,other,pharmacy,4th year,phd,yes,yes
6445,17,female,b.com,1st year,phd,yes,yes
6446,23,female,b.sc,1st year,graduate,no,yes
6447,19,male,ba,1st year,high school,yes,yes
6448,22,male,diploma,4th year,graduate,yes,yes
6449,18,other,bca,3rd year,phd,yes,yes
6450,18,female,b.tech,3rd year,high school,yes,no
6451,23,male,b.tech,1st year,phd,yes,yes
6452,23,female,b.com,2nd year,high school,yes,no
6453,24,other,diploma,2nd year,graduate,yes,no
6454,22,female,b.com,4th year,graduate,yes,yes
6455,20,other,pharmacy,1st year,high school,yes,no
6456,18,female,b.com,4th year,no formal,no,yes
6457,19,male,pharmacy,2nd year,high school,no,yes
6458,22,male,pharmacy,4th year,no formal,yes,yes
6459,19,male,diploma,2nd year,post graduate,yes,no
6460,20,other,b.sc,1st year,high school,no,no
6461,18,other,b.tech,3rd year,graduate,no,no
6462,20,female,b.sc,1st year,high school,yes,yes
6463,18,other,bca,1st year,high school,yes,yes
6464,17,female,diploma,4th year,phd,yes,yes
6465,18,other,pharmacy,1st year,high school,no,no
6466,21,other,pharmacy,4th year,graduate,yes,yes
6467,19,female,b.com,2nd year,high school,yes,no
6468,17,female,ba,2nd year,graduate,yes,no
6469,21,male,diploma,2nd year,high school,yes,no
6470,18,other,diploma,2nd year,phd,no,yes
6471,17,other,b.com,4th year,post graduate,yes,yes
6472,18,male,b.tech,3rd year,high school,yes,yes
6473,20,other,b.tech,3rd year,graduate,yes,yes
6474,24,male,nursing,1st year,phd,yes,yes
6475,18,female,ba,1st year,post graduate,yes,yes
6476,19,other,diploma,3rd year,phd,no,yes
6477,18,male,nursing,2nd year,post graduate,yes,yes
6478,19,male,pharmacy,4th year,post graduate,yes,yes
6479,22,female,bba,3rd year,high school,yes,no
6480,19,male,bca,2nd year,graduate,yes,no
6481,22,female,b.sc,2nd year,post graduate,yes,no
6482,24,male,pharmacy,3rd year,phd,yes,no
6483,24,male,nursing,2nd year,post graduate,no,no
6484,21,male,ba,3rd year,high school,yes,yes
6485,22,other,ba,4th year,graduate,yes,no
6486,24,other,diploma,2nd year,high school,no,yes
6487,23,male,ba,1st year,phd,yes,no
6488,19,male,diploma,2nd year,high school,yes,no
6489,18,other,b.tech,1st year,graduate,yes,yes
6490,17,male,b.com,3rd year,high school,yes,no
6491,24,female,nursing,4th year,no formal,yes,no
6492,21,other,pharmacy,4th year,no formal,yes,yes
6493,19,male,b.tech,3rd year,no formal,yes,yes
6494,19,other,nursing,3rd year,phd,yes,yes
6495,19,male,b.tech,4th year,phd,yes,no
6496,23,male,nursing,4th year,no formal,no,no
6497,21,female,b.com,4th year,high school,yes,no
6498,24,other,ba,1st year,graduate,yes,no
6499,19,female,diploma,2nd year,no formal,yes,no
6500,20,male,nursing,4th year,high school,yes,no
6501,17,male,ba,1st year,phd,yes,yes
6502,24,other,b.com,3rd year,high school,yes,yes
6503,21,female,pharmacy,3rd year,graduate,yes,no
6504,21,male,pharmacy,2nd year,phd,yes,no
6505,20,female,bba,3rd year,no formal,yes,yes
6506,19,female,b.tech,1st year,phd,yes,yes
6507,24,male,pharmacy,1st year,graduate,yes,no
6508,20,male,bca,2nd year,post graduate,yes,yes
6509,22,other,bba,1st year,phd,no,no
6510,17,other,b.sc,2nd year,post graduate,yes,yes
6511,19,male,pharmacy,2nd year,high school,yes,yes
6512,23,male,diploma,4th year,phd,yes,yes
6513,17,female,b.sc,2nd year,high school,yes,yes
6514,17,female,ba,4th year,high school,no,yes
6515,23,female,ba,1st year,post graduate,yes,no
6516,19,other,nursing,1st year,graduate,yes,yes
6517,19,male,bba,2nd year,phd,no,no
6518,21,male,nursing,2nd year,high school,yes,yes
6519,18,other,diploma,4th year,post graduate,yes,yes
6520,17,other,ba,2nd year,high school,no,no
6521,17,male,ba,2nd year,graduate,yes,no
6522,17,female,nursing,4th year,phd,yes,no
6523,18,female,bba,4th year,phd,yes,yes
6524,22,male,diploma,4th year,post graduate,yes,no
6525,19,other,b.sc,2nd year,post graduate,yes,no
6526,17,male,ba,1st year,graduate,no,no
6527,17,female,bca,1st year,high school,yes,yes
6528,20,female,ba,1st year,no formal,yes,no
6529,23,other,nursing,4th year,graduate,yes,yes
6530,19,male,b.sc,1st year,post graduate,yes,no
6531,17,male,nursing,2nd year,phd,yes,yes
6532,18,female,b.tech,3rd year,phd,yes,yes
6533,20,other,ba,3rd year,no formal,yes,yes
6534,18,female,bba,1st year,phd,yes,yes
6535,24,other,b.com,3rd year,high school,no,yes
6536,23,female,bba,1st year,post graduate,yes,yes
6537,19,male,pharmacy,2nd year,post graduate,yes,yes
6538,24,female,ba,4th year,post graduate,no,no
6539,19,other,bba,2nd year,graduate,yes,yes
6540,18,other,pharmacy,2nd year,no formal,yes,yes
6541,24,other,pharmacy,1st year,graduate,yes,yes
6542,24,male,b.tech,4th year,no formal,yes,yes
6543,19,female,diploma,3rd year,post graduate,yes,yes
6544,21,female,nursing,4th year,high school,yes,yes
6545,18,female,pharmacy,2nd year,no formal,yes,no
6546,22,other,nursing,2nd year,graduate,yes,yes
6547,22,other,b.tech,2nd year,high school,yes,yes
6548,22,male,diploma,1st year,phd,yes,yes
6549,21,male,nursing,4th year,no formal,no,no
6550,22,female,bba,3rd year,phd,no,yes
6551,21,other,b.tech,2nd year,post graduate,yes,no
6552,23,other,b.sc,3rd year,high school,yes,yes
6553,18,female,b.com,1st year,graduate,yes,no
6554,20,female,nursing,2nd year,high school,yes,yes
6555,20,other,b.sc,2nd year,high school,yes,yes
6556,21,other,diploma,4th year,high school,yes,no
6557,18,male,b.sc,4th year,high school,no,no
6558,19,male,nursing,4th year,graduate,yes,yes
6559,24,female,b.tech,2nd year,graduate,yes,yes
6560,17,female,b.com,3rd year,phd,yes,yes
6561,22,male,b.tech,4th year,graduate,yes,yes
6562,22,male,bba,1st year,post graduate,no,yes
6563,20,male,nursing,3rd year,phd,yes,no
6564,17,male,ba,2nd year,phd,yes,yes
6565,17,female,bba,3rd year,graduate,yes,yes
6566,19,other,bca,2nd year,graduate,yes,yes
6567,17,male,bba,3rd year,phd,yes,no
6568,17,male,diploma,2nd year,post graduate,no,yes
6569,18,male,b.com,4th year,no formal,no,yes
6570,18,other,b.sc,4th year,phd,yes,yes
6571,23,female,b.sc,3rd year,post graduate,yes,no
6572,22,female,b.sc,2nd year,post graduate,yes,no
6573,17,male,b.tech,1st year,phd,yes,yes
6574,22,other,b.tech,1st year,no formal,yes,yes
6575,18,male,b.tech,2nd year,phd,yes,yes
6576,20,other,b.sc,4th year,high school,yes,yes
6577,17,other,bca,4th year,phd,yes,yes
6578,17,female,b.com,3rd year,no formal,yes,no
6579,18,other,bca,4th year,graduate,no,yes
6580,20,other,b.tech,1st year,no formal,yes,yes
6581,20,female,nursing,3rd year,phd,yes,yes
6582,19,other,ba,3rd year,graduate,no,yes
6583,21,female,ba,1st year,phd,yes,no
6584,22,female,diploma,3rd year,post graduate,yes,no
6585,22,female,pharmacy,4th year,graduate,yes,yes
6586,21,female,nursing,2nd year,no formal,yes,no
6587,21,male,ba,2nd year,graduate,no,no
6588,20,male,ba,2nd year,high school,yes,no
6589,18,male,ba,3rd year,high school,yes,yes
6590,20,male,b.tech,3rd year,high school,yes,yes
6591,17,other,ba,1st year,high school,yes,no
6592,24,male,diploma,3rd year,phd,no,yes
6593,19,other,b.com,3rd year,phd,yes,yes
6594,23,female,ba,1st year,no formal,yes,yes
6595,24,female,b.tech,2nd year,high school,yes,no
6596,20,male,b.com,1st year,no formal,no,no
6597,23,other,b.tech,4th year,graduate,no,no
6598,20,female,bba,3rd year,post graduate,no,yes
6599,18,female,b.com,3rd year,high school,no,no
6600,17,female,pharmacy,1st year,graduate,yes,no
6601,18,other,bca,2nd year,high school,yes,no
6602,24,female,ba,4th year,no formal,yes,no
6603,20,female,bba,4th year,high school,yes,yes
6604,19,other,pharmacy,1st year,post graduate,yes,no
6605,20,other,b.sc,2nd year,phd,yes,yes
6606,19,other,b.com,3rd year,graduate,yes,yes
6607,23,male,bba,2nd year,graduate,yes,yes
6608,24,other,b.tech,4th year,graduate,yes,no
6609,17,male,bba,2nd year,high school,yes,yes
6610,22,female,b.sc,2nd year,post graduate,no,yes
6611,19,female,nursing,4th year,graduate,yes,no
6612,17,male,diploma,3rd year,no formal,yes,yes
6613,24,male,b.tech,1st year,high school,yes,yes
6614,17,other,bba,1st year,no formal,no,no
6615,18,other,b.sc,4th year,graduate,yes,no
6616,17,male,bca,3rd year,graduate,no,yes
6617,20,female,bba,4th year,graduate,yes,yes
6618,21,male,pharmacy,4th year,no formal,no,no
6619,19,female,b.sc,3rd year,phd,yes,yes
6620,17,male,bba,4th year,no formal,yes,no
6621,17,other,pharmacy,4th year,high school,yes,no
6622,24,female,b.sc,2nd year,high school,yes,yes
6623,23,female,b.com,3rd year,graduate,no,yes
6624,24,other,diploma,4th year,graduate,yes,yes
6625,21,female,b.tech,4th year,phd,yes,yes
6626,21,male,b.sc,4th year,phd,yes,no
6627,23,female,pharmacy,4th year,no formal,yes,no
6628,21,other,bca,2nd year,graduate,yes,no
6629,20,female,b.tech,2nd year,graduate,yes,no
6630,19,male,nursing,4th year,phd,yes,yes
6631,20,male,bba,1st year,high school,yes,no
6632,17,male,bba,1st year,graduate,yes,yes
6633,18,other,pharmacy,4th year,phd,yes,yes
6634,22,male,b.com,4th year,graduate,yes,yes
6635,23,other,ba,2nd year,post graduate,yes,yes
6636,17,male,bca,4th year,high school,yes,no
6637,17,female,b.com,2nd year,post graduate,yes,no
6638,17,other,b.sc,3rd year,no formal,no,no
6639,23,female,b.sc,4th year,phd,yes,yes
6640,19,male,b.com,2nd year,no formal,yes,yes
6641,19,male,b.tech,4th year,graduate,yes,yes
6642,17,male,bba,4th year,no formal,no,no
6643,24,other,pharmacy,3rd year,no formal,yes,yes
6644,20,male,b.com,1st year,post graduate,no,no
6645,23,male,b.tech,4th year,post graduate,yes,yes
6646,22,other,b.tech,2nd year,high school,yes,yes
6647,18,female,b.sc,2nd year,no formal,yes,yes
6648,23,other,bca,2nd year,no formal,yes,no
6649,21,male,bba,2nd year,phd,yes,no
6650,21,female,ba,2nd year,post graduate,yes,yes
6651,18,male,diploma,3rd year,high school,yes,yes
6652,23,female,ba,1st year,high school,yes,no
6653,24,male,bca,3rd year,post graduate,yes,no
6654,20,other,pharmacy,2nd year,phd,yes,yes
6655,17,female,b.sc,4th year,post graduate,yes,no
6656,23,male,b.sc,4th year,phd,yes,yes
6657,24,other,b.sc,2nd year,phd,yes,yes
6658,21,male,b.sc,4th year,high school,yes,no
6659,21,other,nursing,2nd year,post graduate,yes,no
6660,18,female,nursing,4th year,high school,yes,yes
6661,17,other,bca,3rd year,high school,yes,no
6662,24,male,b.sc,3rd year,phd,yes,yes
6663,20,other,nursing,1st year,high school,yes,yes
6664,19,female,pharmacy,3rd year,phd,yes,no
6665,22,female,ba,4th year,high school,yes,no
6666,17,female,diploma,3rd year,phd,yes,yes
6667,17,male,bca,1st year,high school,yes,no
6668,18,male,bba,3rd year,no formal,yes,yes
6669,20,male,ba,3rd year,graduate,yes,yes
6670,19,female,b.com,4th year,graduate,no,no
6671,18,female,b.com,4th year,high school,yes,yes
6672,19,female,ba,1st year,high school,yes,yes
6673,19,other,diploma,2nd year,phd,yes,no
6674,21,male,nursing,4th year,high school,yes,yes
6675,21,other,b.sc,1st year,post graduate,yes,yes
6676,24,other,b.tech,4th year,no formal,yes,yes
6677,23,male,bba,1st year,phd,yes,yes
6678,19,other,diploma,2nd year,post graduate,yes,no
6679,24,male,bca,1st year,no formal,yes,yes
6680,21,male,nursing,4th year,graduate,no,yes
6681,18,other,diploma,3rd year,post graduate,no,no
6682,19,male,diploma,4th year,post graduate,yes,yes
6683,22,male,bba,1st year,graduate,no,yes
6684,23,male,b.tech,1st year,no formal,yes,no
6685,19,male,b.sc,3rd year,no formal,yes,no
6686,18,male,diploma,1st year,phd,yes,no
6687,18,other,b.com,3rd year,no formal,no,no
6688,17,male,diploma,3rd year,high school,yes,yes
6689,22,other,ba,2nd year,phd,no,no
6690,21,male,b.tech,4th year,phd,yes,yes
6691,20,other,diploma,1st year,graduate,yes,no
6692,22,other,pharmacy,1st year,post graduate,no,no
6693,23,female,bba,1st year,graduate,yes,no
6694,23,other,b.sc,2nd year,no formal,no,yes
6695,18,male,ba,2nd year,graduate,yes,no
6696,21,other,pharmacy,3rd year,post graduate,yes,yes
6697,24,male,b.com,1st year,post graduate,no,yes
6698,23,female,b.tech,2nd year,graduate,yes,no
6699,19,other,diploma,4th year,phd,no,no
6700,20,other,b.com,1st year,no formal,yes,yes
6701,24,male,b.tech,4th year,graduate,yes,yes
6702,17,other,diploma,1st year,no formal,yes,no
6703,21,other,ba,4th year,no formal,yes,no
6704,17,other,b.sc,4th year,phd,no,yes
6705,24,other,b.tech,2nd year,post graduate,yes,no
6706,17,other,b.sc,1st year,phd,no,yes
6707,17,other,b.sc,2nd year,graduate,no,yes
6708,19,other,b.tech,3rd year,graduate,yes,yes
6709,18,male,ba,2nd year,no formal,no,yes
6710,20,other,nursing,3rd year,no formal,yes,no
6711,19,male,ba,4th year,no formal,no,yes
6712,19,female,b.tech,4th year,high school,yes,yes
6713,21,female,nursing,2nd year,graduate,yes,no
6714,21,male,bca,4th year,high school,no,no
6715,24,male,pharmacy,1st year,post graduate,yes,yes
6716,20,male,bca,4th year,post graduate,yes,no
6717,21,female,bba,1st year,graduate,no,no
6718,22,female,bba,3rd year,graduate,yes,no
6719,18,female,b.tech,3rd year,graduate,yes,yes
6720,22,male,ba,1st year,high school,yes,no
6721,23,female,ba,2nd year,post graduate,yes,no
6722,19,male,b.com,2nd year,phd,yes,yes
6723,18,other,nursing,4th year,no formal,yes,no
6724,19,male,pharmacy,2nd year,phd,yes,yes
6725,19,male,bba,1st year,graduate,yes,no
6726,21,male,nursing,1st year,no formal,no,yes
6727,23,female,b.com,1st year,phd,yes,yes
6728,21,other,pharmacy,1st year,graduate,no,no
6729,18,female,diploma,2nd year,no formal,yes,yes
6730,19,female,diploma,2nd year,graduate,no,no
6731,22,other,bca,1st year,graduate,yes,yes
6732,19,male,nursing,2nd year,high school,yes,yes
6733,21,other,bba,2nd year,post graduate,yes,yes
6734,22,female,pharmacy,3rd year,graduate,no,yes
6735,19,male,bca,2nd year,graduate,yes,yes
6736,22,male,bba,4th year,no formal,yes,no
6737,20,male,b.sc,2nd year,high school,no,yes
6738,18,other,pharmacy,2nd year,no formal,yes,yes
6739,19,female,b.tech,2nd year,high school,yes,no
6740,20,female,b.tech,1st year,post graduate,yes,no
6741,17,female,b.tech,3rd year,phd,no,yes
6742,24,male,b.tech,3rd year,high school,yes,no
6743,21,other,b.com,2nd year,post graduate,no,yes
6744,17,female,bba,2nd year,post graduate,yes,yes
6745,23,other,b.com,3rd year,post graduate,yes,yes
6746,23,male,bba,4th year,no formal,yes,yes
6747,17,other,bba,2nd year,high school,no,no
6748,18,other,ba,2nd year,post graduate,yes,no
6749,19,female,b.tech,1st year,high school,no,yes
6750,21,other,bba,2nd year,post graduate,yes,yes
6751,22,female,b.com,3rd year,phd,no,yes
6752,20,other,bba,3rd year,phd,yes,no
6753,21,other,b.tech,4th year,graduate,yes,no
6754,17,male,nursing,2nd year,high school,yes,yes
6755,22,other,diploma,4th year,high school,yes,yes
6756,24,other,ba,3rd year,graduate,no,no
6757,21,male,ba,1st year,post graduate,yes,no
6758,20,other,b.com,1st year,phd,no,yes
6759,19,female,pharmacy,2nd year,phd,yes,yes
6760,24,other,diploma,2nd year,high school,yes,no
6761,17,male,bba,1st year,no formal,yes,no
6762,19,male,bca,1st year,no formal,no,yes
6763,18,female,b.tech,3rd year,high school,no,yes
6764,23,female,nursing,4th year,high school,no,yes
6765,20,female,bca,1st year,no formal,yes,yes
6766,24,male,b.com,1st year,phd,yes,yes
6767,22,other,diploma,3rd year,high school,no,yes
6768,21,male,b.tech,1st year,no formal,yes,yes
6769,21,male,bba,4th year,graduate,yes,no
6770,18,female,pharmacy,3rd year,no formal,yes,yes
6771,21,male,diploma,2nd year,phd,yes,yes
6772,22,female,b.tech,3rd year,phd,yes,yes
6773,24,female,bca,1st year,phd,yes,yes
6774,21,male,diploma,2nd year,high school,yes,yes
6775,24,other,bba,3rd year,post graduate,yes,yes
6776,24,other,b.com,4th year,no formal,yes,yes
6777,21,other,diploma,4th year,no formal,yes,yes
6778,20,female,ba,3rd year,graduate,yes,yes
6779,18,female,pharmacy,2nd year,post graduate,yes,no
6780,19,other,nursing,4th year,no formal,no,yes
6781,24,other,pharmacy,1st year,phd,yes,no
6782,18,other,ba,2nd year,graduate,no,yes
6783,20,male,diploma,2nd year,post graduate,yes,yes
6784,22,other,b.sc,3rd year,no formal,no,yes
6785,18,female,diploma,3rd year,phd,yes,yes
6786,24,other,diploma,2nd year,graduate,yes,no
6787,22,other,diploma,4th year,graduate,yes,no
6788,17,male,b.tech,2nd year,post graduate,no,yes
6789,18,male,bba,3rd year,phd,yes,no
6790,22,male,b.com,1st year,no formal,yes,no
6791,23,female,pharmacy,1st year,no formal,no,yes
6792,24,other,bba,1st year,graduate,yes,yes
6793,23,male,bca,1st year,post graduate,no,no
6794,17,male,ba,4th year,phd,yes,no
6795,22,female,b.sc,3rd year,no formal,yes,yes
6796,17,female,bca,4th year,high school,yes,no
6797,17,male,bca,2nd year,post graduate,yes,no
6798,22,female,ba,1st year,phd,yes,no
6799,20,other,bca,2nd year,high school,no,no
6800,22,male,ba,1st year,phd,yes,yes
6801,23,male,bca,2nd year,phd,yes,yes
6802,17,male,ba,1st year,high school,yes,no
6803,21,male,diploma,1st year,phd,yes,yes
6804,23,female,nursing,3rd year,graduate,yes,no
6805,20,male,bba,4th year,phd,no,yes
6806,21,female,b.tech,1st year,phd,no,yes
6807,20,male,diploma,4th year,high school,yes,no
6808,24,other,pharmacy,4th year,post graduate,yes,no
6809,17,female,diploma,1st year,graduate,yes,yes
6810,24,male,ba,1st year,post graduate,yes,no
6811,23,male,bca,1st year,no formal,yes,yes
6812,23,female,ba,3rd year,high school,no,yes
6813,20,female,diploma,3rd year,high school,yes,no
6814,21,male,diploma,4th year,phd,yes,no
6815,19,male,bca,3rd year,high school,yes,no
6816,19,female,ba,1st year,high school,yes,yes
6817,24,female,b.sc,4th year,post graduate,no,no
6818,21,male,bca,4th year,post graduate,yes,yes
6819,22,female,ba,3rd year,post graduate,yes,yes
6820,17,male,pharmacy,4th year,phd,no,no
6821,23,other,b.tech,2nd year,phd,yes,yes
6822,22,other,nursing,3rd year,high school,yes,yes
6823,24,male,nursing,3rd year,phd,yes,yes
6824,18,male,bba,2nd year,graduate,no,yes
6825,21,male,pharmacy,4th year,phd,no,no
6826,21,other,diploma,3rd year,post graduate,no,no
6827,21,other,b.tech,4th year,no formal,yes,yes
6828,17,male,ba,2nd year,phd,no,no
6829,20,female,nursing,2nd year,graduate,yes,yes
6830,19,male,diploma,4th year,graduate,yes,yes
6831,21,other,b.sc,1st year,high school,yes,no
6832,18,male,b.sc,3rd year,post graduate,yes,no
6833,20,male,pharmacy,4th year,phd,yes,yes
6834,21,other,b.tech,4th year,no formal,no,yes
6835,17,other,pharmacy,4th year,high school,no,no
6836,23,female,bba,3rd year,no formal,yes,no
6837,22,other,nursing,1st year,no formal,yes,yes
6838,17,male,b.sc,2nd year,no formal,yes,yes
6839,17,male,ba,4th year,high school,yes,no
6840,23,female,diploma,3rd year,graduate,no,no
6841,19,female,b.sc,2nd year,phd,yes,yes
6842,23,female,b.tech,4th year,graduate,yes,no
6843,20,other,bca,2nd year,high school,no,yes
6844,19,other,b.tech,2nd year,no formal,yes,yes
6845,19,male,pharmacy,2nd year,phd,yes,yes
6846,22,other,diploma,2nd year,no formal,yes,no
6847,17,male,diploma,3rd year,post graduate,yes,yes
6848,20,female,bba,4th year,high school,yes,yes
6849,19,female,bca,4th year,post graduate,yes,no
6850,18,female,pharmacy,2nd year,phd,yes,yes
6851,19,male,b.tech,2nd year,phd,yes,no
6852,21,female,b.com,4th year,no formal,yes,yes
6853,22,male,diploma,3rd year,graduate,yes,yes
6854,17,other,b.sc,1st year,graduate,yes,yes
6855,23,male,b.com,3rd year,phd,yes,no
6856,24,female,b.tech,4th year,post graduate,no,yes
6857,22,male,b.tech,2nd year,no formal,yes,yes
6858,24,male,ba,3rd year,phd,yes,no
6859,20,female,bca,4th year,high school,yes,no
6860,23,other,b.tech,1st year,post graduate,yes,yes
6861,22,female,pharmacy,4th year,no formal,yes,yes
6862,21,other,diploma,1st year,high school,yes,yes
6863,18,other,bca,1st year,no formal,yes,yes
6864,21,female,b.tech,2nd year,no formal,yes,yes
6865,24,other,bba,1st year,phd,yes,yes
6866,24,female,pharmacy,3rd year,no formal,no,no
6867,20,female,b.com,3rd year,post graduate,no,yes
6868,18,other,bba,2nd year,post graduate,yes,no
6869,22,female,bca,4th year,no formal,yes,no
6870,17,other,diploma,2nd year,high school,no,yes
6871,18,male,pharmacy,4th year,graduate,no,yes
6872,21,female,b.sc,3rd year,high school,yes,yes
6873,24,female,b.tech,3rd year,phd,yes,yes
6874,19,male,b.tech,4th year,no formal,yes,no
6875,20,other,b.com,2nd year,post graduate,yes,no
6876,19,male,ba,1st year,graduate,no,no
6877,20,male,nursing,4th year,high school,yes,yes
6878,17,male,bba,3rd year,high school,yes,no
6879,21,other,diploma,1st year,post graduate,yes,yes
6880,21,male,bca,4th year,high school,no,no
6881,19,male,pharmacy,3rd year,post graduate,no,no
6882,19,other,b.com,3rd year,no formal,yes,yes
6883,23,male,diploma,1st year,high school,no,no
6884,18,male,b.com,4th year,graduate,yes,yes
6885,17,male,b.com,3rd year,high school,no,no
6886,17,female,pharmacy,3rd year,no formal,yes,no
6887,24,male,b.tech,1st year,high school,yes,yes
6888,19,other,b.com,3rd year,graduate,yes,yes
6889,17,male,ba,4th year,phd,yes,yes
6890,24,female,b.sc,4th year,post graduate,yes,no
6891,18,male,diploma,2nd year,phd,yes,yes
6892,19,male,ba,1st year,graduate,no,no
6893,17,male,bba,2nd year,no formal,yes,yes
6894,22,other,b.com,3rd year,no formal,no,yes
6895,22,other,pharmacy,2nd year,post graduate,yes,no
6896,23,male,ba,3rd year,post graduate,yes,no
6897,19,male,nursing,4th year,phd,yes,yes
6898,19,other,bca,1st year,graduate,yes,no
6899,24,female,pharmacy,1st year,phd,yes,no
6900,23,male,bca,2nd year,high school,yes,no
6901,17,male,pharmacy,1st year,phd,yes,yes
6902,22,female,diploma,4th year,no formal,yes,yes
6903,23,female,b.tech,1st year,graduate,yes,yes
6904,21,female,b.sc,1st year,phd,yes,yes
6905,22,male,nursing,2nd year,post graduate,yes,yes
6906,17,female,b.tech,2nd year,high school,yes,yes
6907,17,male,b.sc,3rd year,phd,yes,yes
6908,17,female,nursing,1st year,graduate,no,no
6909,18,male,ba,4th year,phd,yes,yes
6910,24,male,b.sc,1st year,no formal,yes,yes
6911,22,other,b.sc,4th year,phd,yes,yes
6912,23,female,b.com,3rd year,post graduate,no,no
6913,19,female,nursing,4th year,no formal,no,no
6914,24,male,bba,1st year,high school,yes,yes
6915,18,male,pharmacy,3rd year,phd,yes,no
6916,24,other,diploma,2nd year,post graduate,yes,no
6917,17,other,b.com,3rd year,no formal,yes,no
6918,17,female,b.sc,1st year,no formal,yes,yes
6919,17,male,pharmacy,3rd year,high school,yes,no
6920,23,female,pharmacy,4th year,high school,yes,no
6921,19,male,b.sc,4th year,post graduate,yes,no
6922,20,male,b.com,4th year,post graduate,yes,no
6923,20,male,diploma,3rd year,high school,yes,yes
6924,23,female,pharmacy,1st year,high school,yes,yes
6925,19,female,pharmacy,2nd year,no formal,no,yes
6926,17,female,b.com,1st year,no formal,no,yes
6927,20,other,pharmacy,1st year,phd,no,no
6928,19,male,diploma,2nd year,post graduate,yes,no
6929,22,male,bba,3rd year,post graduate,yes,yes
6930,23,other,ba,1st year,phd,yes,yes
6931,17,male,nursing,4th year,no formal,yes,yes
6932,23,male,nursing,3rd year,high school,yes,yes
6933,17,other,pharmacy,3rd year,post graduate,yes,no
6934,21,male,bba,3rd year,post graduate,yes,no
6935,20,male,b.com,2nd year,post graduate,yes,yes
6936,19,other,nursing,3rd year,high school,yes,no
6937,20,female,b.com,3rd year,no formal,yes,yes
6938,19,male,diploma,4th year,graduate,yes,no
6939,23,other,bba,3rd year,post graduate,no,yes
6940,24,male,bca,4th year,post graduate,no,yes
6941,23,other,b.sc,2nd year,no formal,yes,yes
6942,20,female,b.com,2nd year,post graduate,yes,yes
6943,21,other,bca,4th year,post graduate,yes,yes
6944,20,other,b.com,3rd year,high school,no,yes
6945,23,other,diploma,2nd year,high school,yes,yes
6946,21,male,pharmacy,2nd year,no formal,no,yes
6947,20,other,b.tech,3rd year,no formal,yes,yes
6948,20,male,pharmacy,3rd year,graduate,no,yes
6949,20,male,b.sc,2nd year,high school,yes,yes
6950,21,female,b.sc,1st year,post graduate,yes,yes
6951,22,male,nursing,4th year,graduate,yes,yes
6952,20,female,b.sc,2nd year,graduate,no,no
6953,23,male,bca,1st year,phd,yes,yes
6954,23,female,b.tech,2nd year,no formal,yes,yes
6955,20,female,b.tech,4th year,no formal,yes,yes
6956,24,female,b.sc,1st year,high school,yes,yes
6957,18,female,bba,3rd year,no formal,yes,yes
6958,24,other,b.com,2nd year,post graduate,yes,no
6959,19,male,b.com,3rd year,high school,yes,yes
6960,21,other,nursing,3rd year,no formal,yes,no
6961,19,female,b.sc,1st year,no formal,no,yes
6962,20,female,b.tech,2nd year,phd,yes,yes
6963,19,female,b.tech,4th year,high school,no,yes
6964,22,male,nursing,4th year,graduate,yes,yes
6965,17,other,bba,4th year,no formal,yes,yes
6966,23,male,pharmacy,2nd year,post graduate,yes,yes
6967,24,other,nursing,1st year,post graduate,no,yes
6968,21,male,b.com,4th year,high school,yes,yes
6969,21,other,nursing,3rd year,phd,yes,yes
6970,22,female,bba,1st year,high school,yes,yes
6971,18,female,bca,3rd year,phd,no,yes
6972,22,other,bba,2nd year,phd,no,no
6973,18,male,diploma,1st year,graduate,yes,no
6974,22,female,b.sc,1st year,graduate,no,yes
6975,19,other,b.tech,2nd year,phd,no,yes
6976,22,male,diploma,1st year,no formal,yes,yes
6977,23,male,pharmacy,4th year,graduate,yes,no
6978,18,female,bca,1st year,phd,yes,yes
6979,21,male,b.sc,1st year,high school,yes,yes
6980,20,other,b.sc,3rd year,high school,yes,yes
6981,19,other,bba,2nd year,phd,yes,yes
6982,21,male,pharmacy,1st year,post graduate,yes,no
6983,24,male,bca,1st year,graduate,no,yes
6984,17,other,b.com,1st year,no formal,yes,yes
6985,24,female,bca,2nd year,no formal,yes,no
6986,23,other,b.sc,2nd year,phd,yes,yes
6987,21,other,bba,3rd year,graduate,yes,no
6988,21,female,pharmacy,3rd year,phd,yes,yes
6989,19,male,bca,1st year,no formal,yes,no
6990,18,female,b.tech,2nd year,high school,yes,yes
6991,21,female,b.sc,2nd year,no formal,yes,yes
6992,23,female,b.tech,1st year,no formal,yes,no
6993,18,male,ba,2nd year,no formal,no,yes
6994,22,male,b.com,1st year,graduate,yes,yes
6995,22,female,pharmacy,2nd year,high school,no,no
6996,23,female,b.com,3rd year,no formal,yes,no
6997,19,female,b.tech,1st year,phd,yes,yes
6998,20,male,ba,3rd year,graduate,yes,yes
6999,20,other,diploma,1st year,graduate,no,yes
7000,23,other,diploma,2nd year,post graduate,yes,yes
7001,24,other,pharmacy,4th year,graduate,yes,yes
7002,20,other,ba,3rd year,no formal,no,yes
7003,24,female,bba,4th year,graduate,yes,yes
7004,21,male,bca,1st year,phd,yes,yes
7005,20,female,b.tech,1st year,post graduate,yes,no
7006,17,female,b.tech,2nd year,post graduate,yes,yes
7007,21,other,nursing,1st year,graduate,yes,no
7008,22,male,ba,3rd year,high school,yes,no
7009,24,male,diploma,2nd year,graduate,yes,no
7010,22,male,pharmacy,4th year,graduate,yes,yes
7011,17,male,b.com,1st year,graduate,yes,no
7012,21,female,diploma,2nd year,phd,yes,no
7013,22,male,b.sc,1st year,no formal,yes,yes
7014,20,male,diploma,3rd year,graduate,yes,no
7015,20,female,b.sc,1st year,high school,no,no
7016,23,other,b.com,2nd year,phd,yes,no
7017,21,female,bba,2nd year,no formal,yes,yes
7018,22,male,bba,3rd year,no formal,yes,yes
7019,20,male,b.tech,2nd year,post graduate,yes,yes
7020,19,other,nursing,3rd year,high school,no,no
7021,21,female,b.tech,1st year,high school,yes,no
7022,24,female,nursing,4th year,graduate,yes,yes
7023,21,other,b.sc,3rd year,phd,no,no
7024,22,female,diploma,1st year,no formal,yes,no
7025,17,female,diploma,1st year,graduate,yes,yes
7026,24,other,bba,2nd year,high school,yes,no
7027,18,male,bba,4th year,no formal,yes,yes
7028,24,female,b.tech,2nd year,graduate,yes,yes
7029,20,female,pharmacy,2nd year,phd,yes,yes
7030,24,male,b.sc,2nd year,high school,no,yes
7031,24,male,bca,2nd year,high school,yes,yes
7032,23,other,b.tech,2nd year,no formal,yes,yes
7033,24,male,diploma,1st year,post graduate,yes,no
7034,21,female,ba,3rd year,high school,yes,no
7035,23,female,bba,1st year,graduate,yes,no
7036,18,male,b.tech,3rd year,no formal,yes,yes
7037,17,male,b.sc,2nd year,post graduate,yes,no
7038,21,female,ba,3rd year,no formal,yes,no
7039,23,other,diploma,3rd year,no formal,yes,yes
7040,23,female,bca,3rd year,no formal,yes,yes
7041,21,female,b.com,3rd year,post graduate,no,yes
7042,21,female,bca,2nd year,phd,yes,yes
7043,21,other,b.com,3rd year,graduate,no,no
7044,23,other,bba,1st year,no formal,no,no
7045,23,male,bba,2nd year,phd,yes,yes
7046,17,female,b.com,1st year,no formal,yes,yes
7047,21,female,b.sc,3rd year,high school,yes,no
7048,20,male,bba,4th year,phd,yes,no
7049,23,other,bca,3rd year,high school,yes,yes
7050,21,male,pharmacy,1st year,post graduate,yes,yes
7051,24,other,bba,1st year,high school,yes,yes
7052,20,male,bba,2nd year,high school,yes,no
7053,22,female,bba,3rd year,high school,yes,yes
7054,17,other,nursing,2nd year,phd,yes,yes
7055,24,female,b.com,4th year,graduate,no,yes
7056,18,male,ba,3rd year,phd,yes,yes
7057,20,male,ba,4th year,phd,yes,yes
7058,23,female,bca,4th year,post graduate,yes,yes
7059,24,other,diploma,1st year,high school,no,no
7060,20,female,bba,4th year,graduate,yes,yes
7061,20,male,b.com,1st year,high school,no,no
7062,17,other,diploma,1st year,graduate,yes,no
7063,24,female,b.com,3rd year,post graduate,yes,yes
7064,17,male,pharmacy,3rd year,phd,no,yes
7065,17,female,bca,3rd year,post graduate,no,yes
7066,20,male,ba,1st year,graduate,yes,yes
7067,17,other,b.com,1st year,phd,yes,no
7068,18,other,diploma,4th year,phd,yes,no
7069,22,male,bca,3rd year,high school,yes,yes
7070,22,female,nursing,2nd year,no formal,yes,no
7071,19,male,diploma,1st year,graduate,yes,no
7072,23,female,nursing,1st year,post graduate,yes,yes
7073,21,male,b.tech,2nd year,high school,yes,yes
7074,18,other,b.tech,2nd year,phd,yes,no
7075,22,male,bca,4th year,phd,yes,yes
7076,21,other,b.tech,2nd year,no formal,yes,no
7077,23,male,pharmacy,2nd year,high school,yes,yes
7078,18,male,nursing,4th year,high school,yes,yes
7079,18,other,bca,1st year,phd,no,yes
7080,19,other,diploma,1st year,post graduate,yes,yes
7081,19,male,ba,4th year,post graduate,yes,yes
7082,24,male,pharmacy,4th year,post graduate,yes,yes
7083,22,other,b.tech,2nd year,post graduate,yes,no
7084,21,other,b.com,1st year,post graduate,no,yes
7085,21,female,diploma,1st year,post graduate,yes,yes
7086,24,male,nursing,1st year,phd,yes,no
7087,20,male,b.com,4th year,graduate,yes,no
7088,18,male,nursing,3rd year,no formal,yes,no
7089,18,other,bba,4th year,graduate,yes,yes
7090,19,male,nursing,3rd year,post graduate,yes,yes
7091,22,female,b.com,3rd year,phd,no,yes
7092,20,other,diploma,4th year,post graduate,no,yes
7093,20,male,b.sc,2nd year,high school,no,yes
7094,20,other,b.sc,3rd year,high school,yes,no
7095,24,other,diploma,2nd year,phd,yes,no
7096,24,male,diploma,3rd year,high school,yes,no
7097,18,male,b.com,1st year,no formal,no,yes
7098,17,male,bca,1st year,post graduate,yes,no
7099,18,male,pharmacy,2nd year,graduate,yes,no
7100,23,male,ba,4th year,post graduate,yes,yes
7101,20,other,bba,2nd year,graduate,no,yes
7102,23,male,b.sc,3rd year,post graduate,yes,no
7103,22,male,bba,3rd year,high school,yes,yes
7104,21,other,nursing,3rd year,graduate,no,yes
7105,19,male,bca,1st year,no formal,yes,no
7106,19,male,b.sc,4th year,post graduate,yes,yes
7107,18,male,diploma,4th year,graduate,yes,yes
7108,21,other,ba,1st year,high school,yes,yes
7109,19,other,b.tech,2nd year,graduate,yes,no
7110,19,other,bca,4th year,high school,yes,no
7111,17,other,b.com,1st year,post graduate,no,no
7112,23,male,pharmacy,3rd year,graduate,yes,no
7113,24,female,pharmacy,4th year,post graduate,yes,no
7114,20,female,diploma,4th year,post graduate,yes,yes
7115,21,male,bca,2nd year,phd,yes,yes
7116,24,other,b.com,3rd year,phd,yes,no
7117,21,female,b.tech,4th year,high school,yes,yes
7118,21,other,b.tech,2nd year,graduate,no,no
7119,20,male,bba,4th year,graduate,yes,yes
7120,21,other,b.com,4th year,post graduate,yes,yes
7121,21,male,pharmacy,3rd year,no formal,yes,yes
7122,22,male,b.com,3rd year,phd,yes,no
7123,21,female,b.sc,1st year,high school,yes,no
7124,21,male,nursing,1st year,graduate,yes,yes
7125,17,male,nursing,4th year,high school,no,yes
7126,24,other,ba,3rd year,graduate,no,no
7127,24,female,b.tech,4th year,high school,yes,yes
7128,18,female,b.tech,3rd year,phd,yes,yes
7129,19,male,bba,2nd year,high school,yes,yes
7130,24,other,nursing,4th year,high school,yes,yes
7131,19,other,ba,4th year,no formal,yes,yes
7132,23,other,b.tech,4th year,post graduate,yes,yes
7133,23,female,ba,4th year,phd,yes,yes
7134,23,female,b.tech,1st year,graduate,yes,yes
7135,17,male,ba,4th year,phd,yes,yes
7136,20,male,bba,1st year,graduate,yes,yes
7137,21,male,diploma,4th year,post graduate,yes,yes
7138,23,female,b.tech,1st year,phd,yes,no
7139,18,other,bba,1st year,post graduate,no,no
7140,19,other,b.sc,3rd year,no formal,yes,no
7141,18,male,bba,2nd year,phd,yes,yes
7142,23,male,pharmacy,4th year,no formal,yes,yes
7143,24,male,diploma,2nd year,no formal,yes,no
7144,18,male,nursing,3rd year,high school,yes,yes
7145,18,female,b.tech,3rd year,post graduate,yes,yes
7146,19,other,diploma,4th year,phd,no,yes
7147,24,male,nursing,4th year,graduate,no,no
7148,20,other,diploma,3rd year,high school,yes,yes
7149,19,female,nursing,2nd year,graduate,yes,yes
7150,19,female,b.tech,3rd year,post graduate,yes,yes
7151,21,other,diploma,3rd year,high school,yes,yes
7152,20,other,nursing,4th year,high school,yes,no
7153,18,other,b.com,1st year,high school,no,yes
7154,23,female,bba,1st year,graduate,yes,no
7155,20,male,ba,2nd year,post graduate,no,no
7156,19,other,b.tech,2nd year,graduate,no,yes
7157,22,other,b.sc,4th year,no formal,no,yes
7158,22,other,b.com,2nd year,high school,yes,yes
7159,18,female,b.tech,1st year,no formal,yes,no
7160,17,male,bba,1st year,high school,yes,yes
7161,17,male,b.tech,4th year,graduate,yes,yes
7162,23,female,b.tech,3rd year,high school,yes,yes
7163,22,female,bca,4th year,no formal,yes,yes
7164,23,male,b.com,2nd year,no formal,yes,yes
7165,22,other,ba,1st year,post graduate,yes,yes
7166,20,female,ba,2nd year,graduate,no,yes
7167,21,male,bba,1st year,phd,no,no
7168,22,female,bba,1st year,graduate,yes,yes
7169,20,other,b.sc,4th year,high school,yes,no
7170,24,female,b.tech,2nd year,no formal,yes,yes
7171,24,other,ba,1st year,post graduate,yes,yes
7172,23,other,bca,1st year,high school,yes,yes
7173,24,female,diploma,2nd year,graduate,yes,yes
7174,20,female,b.sc,4th year,graduate,yes,yes
7175,17,male,b.tech,3rd year,no formal,yes,no
7176,20,other,bca,3rd year,phd,yes,yes
7177,22,other,pharmacy,3rd year,no formal,no,no
7178,23,female,b.com,4th year,post graduate,no,yes
7179,20,male,b.tech,1st year,no formal,yes,no
7180,19,female,ba,2nd year,phd,yes,yes
7181,20,other,bca,2nd year,high school,no,no
7182,23,male,bca,1st year,graduate,yes,no
7183,17,female,b.sc,3rd year,no formal,yes,no
7184,19,female,bca,3rd year,phd,yes,no
7185,18,female,ba,3rd year,high school,yes,yes
7186,23,female,b.tech,1st year,no formal,yes,yes
7187,20,other,pharmacy,2nd year,high school,yes,yes
7188,17,male,bba,2nd year,graduate,yes,no
7189,19,female,b.com,1st year,high school,yes,yes
7190,17,other,nursing,3rd year,high school,yes,yes
7191,20,other,nursing,3rd year,no formal,yes,yes
7192,24,female,b.sc,4th year,post graduate,yes,yes
7193,21,other,pharmacy,4th year,high school,yes,yes
7194,23,male,bba,4th year,phd,no,no
7195,22,female,b.com,2nd year,graduate,yes,yes
7196,24,other,bba,1st year,post graduate,yes,yes
7197,19,female,b.sc,3rd year,high school,no,no
7198,24,female,nursing,3rd year,no formal,yes,yes
7199,18,female,b.com,2nd year,post graduate,yes,no
7200,20,female,ba,2nd year,post graduate,yes,yes
7201,22,other,b.tech,4th year,phd,no,yes
7202,19,female,pharmacy,4th year,post graduate,yes,no
7203,19,male,b.com,3rd year,post graduate,yes,yes
7204,18,male,bca,4th year,no formal,yes,no
7205,17,other,ba,1st year,phd,yes,yes
7206,21,female,bca,3rd year,no formal,yes,no
7207,24,male,bca,2nd year,post graduate,yes,yes
7208,18,male,b.com,2nd year,post graduate,yes,yes
7209,20,male,ba,4th year,phd,yes,yes
7210,24,male,bca,4th year,high school,yes,no
7211,23,other,b.sc,2nd year,graduate,yes,yes
7212,17,female,b.sc,3rd year,no formal,no,no
7213,21,female,b.sc,3rd year,high school,yes,no
7214,18,male,ba,4th year,phd,yes,no
7215,18,other,b.sc,1st year,high school,yes,no
7216,18,other,b.com,3rd year,phd,yes,yes
7217,21,other,diploma,1st year,no formal,yes,yes
7218,18,female,diploma,4th year,high school,yes,yes
7219,19,female,pharmacy,1st year,high school,yes,no
7220,18,male,diploma,1st year,phd,yes,yes
7221,19,other,ba,4th year,graduate,yes,no
7222,22,other,pharmacy,3rd year,phd,yes,yes
7223,20,male,pharmacy,4th year,phd,yes,yes
7224,19,female,b.sc,2nd year,graduate,yes,no
7225,21,male,b.sc,2nd year,post graduate,yes,yes
7226,21,female,nursing,3rd year,post graduate,yes,yes
7227,17,male,pharmacy,4th year,graduate,yes,yes
7228,24,other,nursing,4th year,phd,yes,yes
7229,24,other,bba,2nd year,graduate,yes,yes
7230,21,other,nursing,3rd year,post graduate,yes,yes
7231,21,male,diploma,4th year,high school,yes,no
7232,22,male,diploma,3rd year,high school,yes,yes
7233,20,other,bca,3rd year,high school,no,yes
7234,19,male,b.com,1st year,no formal,yes,no
7235,19,female,diploma,3rd year,phd,yes,no
7236,18,other,nursing,1st year,graduate,yes,yes
7237,23,female,nursing,2nd year,post graduate,yes,no
7238,19,male,bca,3rd year,no formal,yes,yes
7239,19,other,b.tech,1st year,post graduate,yes,yes
7240,24,other,diploma,2nd year,no formal,yes,yes
7241,21,male,b.com,2nd year,post graduate,yes,yes
7242,21,female,b.sc,1st year,graduate,yes,no
7243,18,female,b.tech,3rd year,no formal,yes,no
7244,19,female,b.sc,3rd year,high school,yes,no
7245,22,other,bba,4th year,no formal,yes,no
7246,20,other,b.com,3rd year,no formal,no,yes
7247,18,male,ba,1st year,phd,yes,yes
7248,23,other,bba,1st year,phd,yes,yes
7249,20,other,bba,4th year,phd,yes,yes
7250,22,male,ba,1st year,no formal,no,yes
7251,19,male,bba,2nd year,graduate,yes,yes
7252,21,female,nursing,2nd year,post graduate,yes,no
7253,23,other,b.com,1st year,high school,yes,yes
7254,24,other,b.tech,3rd year,graduate,yes,no
7255,18,female,nursing,4th year,high school,no,yes
7256,22,male,b.tech,4th year,phd,yes,no
7257,24,male,diploma,2nd year,high school,yes,yes
7258,22,other,b.com,2nd year,high school,yes,no
7259,18,female,nursing,1st year,post graduate,yes,yes
7260,18,female,b.sc,1st year,high school,yes,yes
7261,18,other,b.sc,4th year,phd,yes,no
7262,17,male,ba,4th year,post graduate,yes,yes
7263,23,male,ba,4th year,phd,yes,yes
7264,24,other,diploma,1st year,graduate,yes,yes
7265,21,male,bca,2nd year,phd,yes,yes
7266,21,other,pharmacy,3rd year,phd,no,yes
7267,23,other,diploma,4th year,phd,yes,yes
7268,20,male,b.sc,2nd year,no formal,yes,yes
7269,20,female,b.tech,1st year,phd,yes,yes
7270,21,other,b.com,4th year,high school,yes,yes
7271,19,female,pharmacy,1st year,phd,yes,no
7272,17,male,diploma,3rd year,no formal,yes,no
7273,21,male,diploma,2nd year,no formal,yes,yes
7274,23,male,b.com,1st year,post graduate,yes,no
7275,17,male,bba,3rd year,no formal,no,no
7276,18,male,diploma,2nd year,high school,yes,no
7277,19,male,pharmacy,2nd year,graduate,yes,no
7278,23,other,bca,1st year,high school,no,yes
7279,21,female,b.tech,3rd year,post graduate,yes,no
7280,21,male,nursing,2nd year,post graduate,yes,yes
7281,22,male,pharmacy,1st year,post graduate,yes,yes
7282,19,male,b.tech,2nd year,high school,yes,yes
7283,22,male,ba,1st year,no formal,no,yes
7284,17,other,pharmacy,3rd year,no formal,no,no
7285,17,male,pharmacy,3rd year,high school,yes,no
7286,23,female,pharmacy,4th year,high school,yes,no
7287,22,female,pharmacy,4th year,post graduate,yes,no
7288,18,male,b.tech,1st year,phd,yes,yes
7289,20,male,b.sc,1st year,high school,yes,no
7290,17,male,bba,2nd year,graduate,no,yes
7291,22,male,bca,1st year,phd,yes,yes
7292,23,other,ba,4th year,graduate,yes,yes
7293,19,other,b.com,4th year,high school,yes,no
7294,19,female,b.com,2nd year,graduate,yes,yes
7295,18,other,bca,4th year,no formal,yes,no
7296,20,other,pharmacy,3rd year,phd,yes,yes
7297,19,other,nursing,3rd year,phd,yes,yes
7298,18,male,b.sc,4th year,no formal,yes,no
7299,20,other,b.sc,3rd year,high school,yes,no
7300,23,female,b.com,3rd year,no formal,yes,no
7301,23,female,diploma,1st year,phd,yes,yes
7302,19,other,b.tech,3rd year,phd,yes,yes
7303,24,female,diploma,4th year,high school,yes,yes
7304,18,male,bca,4th year,graduate,yes,yes
7305,24,male,bca,1st year,post graduate,no,yes
7306,19,male,nursing,1st year,phd,yes,yes
7307,21,male,bca,3rd year,phd,yes,yes
7308,18,female,bca,1st year,post graduate,yes,no
7309,23,other,bba,3rd year,graduate,yes,yes
7310,19,female,bca,2nd year,post graduate,yes,yes
7311,23,female,ba,4th year,post graduate,yes,yes
7312,17,male,b.tech,1st year,graduate,yes,yes
7313,21,female,b.tech,1st year,high school,no,yes
7314,18,other,diploma,1st year,no formal,yes,no
7315,24,male,bca,1st year,graduate,yes,yes
7316,20,female,ba,1st year,phd,no,no
7317,22,other,diploma,4th year,phd,yes,yes
7318,24,female,bba,3rd year,graduate,yes,no
7319,21,female,b.com,3rd year,phd,no,yes
7320,17,male,bca,2nd year,no formal,yes,yes
7321,18,other,ba,1st year,phd,yes,yes
7322,18,female,pharmacy,4th year,high school,yes,yes
7323,24,male,diploma,4th year,high school,yes,yes
7324,24,female,diploma,2nd year,high school,yes,yes
7325,20,other,diploma,4th year,high school,yes,yes
7326,24,other,diploma,3rd year,high school,yes,yes
7327,18,male,diploma,2nd year,graduate,yes,yes
7328,22,female,ba,1st year,no formal,no,no
7329,20,other,nursing,3rd year,high school,yes,no
7330,18,other,b.tech,1st year,high school,yes,no
7331,19,female,bca,2nd year,no formal,yes,no
7332,20,male,bba,3rd year,phd,yes,yes
7333,19,other,b.tech,2nd year,graduate,no,yes
7334,18,female,bca,1st year,graduate,yes,yes
7335,19,female,b.tech,1st year,graduate,yes,no
7336,18,other,diploma,3rd year,high school,yes,no
7337,24,female,bba,4th year,high school,yes,no
7338,20,female,bca,3rd year,no formal,yes,yes
7339,17,male,bca,1st year,phd,yes,yes
7340,21,other,b.com,3rd year,post graduate,yes,yes
7341,24,female,bca,2nd year,post graduate,yes,yes
7342,19,other,b.sc,3rd year,post graduate,no,yes
7343,23,male,diploma,3rd year,phd,no,no
7344,21,other,b.tech,4th year,no formal,yes,no
7345,22,female,b.sc,4th year,post graduate,no,yes
7346,19,male,diploma,1st year,phd,yes,no
7347,17,male,b.tech,1st year,phd,no,yes
7348,19,male,pharmacy,4th year,high school,yes,yes
7349,24,male,b.tech,2nd year,graduate,yes,no
7350,23,female,bba,1st year,high school,no,no
7351,23,other,pharmacy,1st year,no formal,no,no
7352,24,other,diploma,2nd year,high school,yes,yes
7353,19,other,bca,4th year,high school,yes,yes
7354,19,female,diploma,4th year,phd,yes,no
7355,24,female,diploma,3rd year,graduate,yes,yes
7356,21,male,b.sc,2nd year,phd,no,no
7357,19,male,b.com,3rd year,phd,no,yes
7358,19,female,b.sc,4th year,post graduate,yes,yes
7359,24,other,b.sc,2nd year,graduate,yes,no
7360,17,male,b.sc,3rd year,graduate,yes,yes
7361,17,male,bca,2nd year,post graduate,no,no
7362,22,male,pharmacy,4th year,high school,yes,yes
7363,17,male,bca,3rd year,graduate,yes,no
7364,18,male,b.tech,1st year,high school,no,no
7365,24,male,diploma,4th year,high school,no,no
7366,20,male,bba,3rd year,high school,no,yes
7367,22,female,diploma,2nd year,no formal,yes,yes
7368,20,other,ba,1st year,phd,no,no
7369,17,male,ba,3rd year,phd,yes,no
7370,18,male,bca,1st year,post graduate,yes,no
7371,23,other,diploma,1st year,post graduate,yes,yes
7372,17,male,b.sc,3rd year,graduate,yes,no
7373,21,other,bca,2nd year,graduate,yes,yes
7374,19,female,pharmacy,3rd year,phd,yes,yes
7375,19,other,b.tech,2nd year,no formal,yes,no
7376,24,male,b.com,3rd year,no formal,yes,no
7377,21,male,bba,3rd year,phd,no,yes
7378,21,female,pharmacy,3rd year,no formal,yes,yes
7379,19,male,pharmacy,3rd year,post graduate,yes,yes
7380,20,male,bca,4th year,high school,no,no
7381,22,other,bba,2nd year,post graduate,no,yes
7382,17,male,ba,2nd year,phd,yes,yes
7383,18,female,bba,1st year,graduate,yes,yes
7384,21,other,diploma,2nd year,no formal,no,no
7385,21,male,bba,2nd year,graduate,no,yes
7386,17,male,bba,4th year,no formal,yes,yes
7387,23,female,nursing,4th year,phd,yes,yes
7388,21,male,b.sc,3rd year,high school,yes,no
7389,18,other,pharmacy,1st year,phd,yes,yes
7390,23,male,diploma,1st year,phd,yes,yes
7391,24,male,bca,3rd year,high school,yes,no
7392,20,male,bca,2nd year,high school,yes,yes
7393,19,male,bca,4th year,phd,yes,yes
7394,19,male,bca,1st year,post graduate,yes,no
7395,21,female,ba,3rd year,graduate,yes,yes
7396,17,female,diploma,4th year,phd,no,yes
7397,20,female,b.com,2nd year,high school,yes,yes
7398,17,male,bca,1st year,post graduate,yes,yes
7399,17,male,bba,1st year,high school,yes,yes
7400,20,male,ba,3rd year,no formal,yes,no
7401,22,male,nursing,3rd year,high school,yes,yes
7402,24,other,b.com,3rd year,no formal,no,no
7403,17,male,bca,4th year,phd,yes,yes
7404,18,male,b.com,4th year,high school,yes,yes
7405,20,female,b.sc,1st year,phd,yes,yes
7406,21,male,bca,2nd year,post graduate,yes,no
7407,24,female,pharmacy,2nd year,high school,yes,yes
7408,22,female,b.com,4th year,phd,yes,yes
7409,21,other,b.sc,1st year,no formal,yes,yes
7410,17,male,b.sc,3rd year,no formal,yes,yes
7411,17,male,bba,2nd year,phd,yes,no
7412,18,other,nursing,1st year,high school,yes,yes
7413,22,female,diploma,3rd year,no formal,yes,yes
7414,19,male,b.sc,2nd year,no formal,no,no
7415,18,female,nursing,3rd year,phd,yes,yes
7416,22,female,b.sc,2nd year,graduate,yes,yes
7417,23,other,bca,1st year,graduate,yes,yes
7418,20,other,nursing,1st year,high school,yes,no
7419,24,female,nursing,1st year,no formal,yes,yes
7420,22,male,diploma,2nd year,phd,no,no
7421,22,other,b.com,2nd year,high school,yes,yes
7422,23,male,diploma,1st year,high school,no,yes
7423,18,other,ba,2nd year,phd,yes,no
7424,23,female,ba,4th year,no formal,yes,no
7425,24,female,bba,4th year,graduate,yes,yes
7426,24,other,bca,2nd year,graduate,yes,no
7427,21,female,b.sc,3rd year,post graduate,no,no
7428,23,female,pharmacy,1st year,phd,no,yes
7429,24,male,nursing,2nd year,no formal,no,yes
7430,23,female,b.com,3rd year,high school,yes,yes
7431,24,male,b.com,1st year,high school,yes,yes
7432,23,male,b.tech,4th year,phd,no,yes
7433,20,male,ba,4th year,graduate,no,no
7434,22,female,b.sc,4th year,graduate,yes,yes
7435,20,other,pharmacy,1st year,high school,yes,no
7436,23,male,pharmacy,4th year,graduate,yes,no
7437,23,male,nursing,1st year,post graduate,yes,yes
7438,24,female,b.com,4th year,graduate,yes,no
7439,21,male,diploma,1st year,post graduate,no,yes
7440,20,male,bba,2nd year,phd,yes,yes
7441,18,female,b.com,4th year,phd,yes,yes
7442,22,female,bba,3rd year,graduate,yes,yes
7443,21,male,b.sc,1st year,phd,yes,no
7444,21,male,pharmacy,2nd year,high school,no,yes
7445,22,male,b.sc,2nd year,no formal,yes,yes
7446,23,other,b.com,4th year,post graduate,no,yes
7447,18,female,b.sc,2nd year,post graduate,yes,yes
7448,20,other,bba,1st year,no formal,no,yes
7449,22,male,diploma,1st year,high school,yes,no
7450,23,other,pharmacy,3rd year,high school,yes,no
7451,23,male,ba,1st year,graduate,yes,yes
7452,23,other,b.sc,1st year,high school,yes,no
7453,23,other,b.tech,3rd year,post graduate,yes,yes
7454,24,female,bca,4th year,graduate,yes,no
7455,21,other,pharmacy,1st year,phd,yes,yes
7456,18,other,b.tech,2nd year,phd,yes,yes
7457,21,other,pharmacy,2nd year,high school,yes,no
7458,22,male,b.com,4th year,graduate,yes,no
7459,17,male,pharmacy,4th year,post graduate,yes,yes
7460,23,other,b.tech,4th year,graduate,yes,yes
7461,21,other,pharmacy,3rd year,phd,no,yes
7462,24,female,b.com,1st year,no formal,yes,no
7463,18,male,b.com,4th year,phd,yes,yes
7464,24,female,b.sc,4th year,phd,yes,yes
7465,20,female,b.sc,3rd year,high school,yes,yes
7466,21,female,nursing,2nd year,high school,yes,no
7467,22,female,b.tech,4th year,no formal,yes,yes
7468,21,other,bba,2nd year,no formal,yes,yes
7469,24,female,pharmacy,2nd year,high school,no,yes
7470,18,other,ba,2nd year,phd,no,no
7471,22,male,nursing,3rd year,post graduate,yes,yes
7472,24,other,diploma,3rd year,phd,yes,yes
7473,18,other,nursing,1st year,high school,yes,no
7474,19,female,pharmacy,2nd year,high school,yes,yes
7475,20,female,b.tech,1st year,phd,yes,no
7476,22,female,b.com,3rd year,graduate,no,no
7477,24,female,b.com,2nd year,no formal,yes,no
7478,23,other,b.tech,4th year,post graduate,no,yes
7479,23,male,b.tech,1st year,no formal,yes,yes
7480,20,female,b.tech,2nd year,no formal,yes,yes
7481,22,other,pharmacy,1st year,phd,yes,yes
7482,18,female,nursing,1st year,phd,yes,yes
7483,20,female,bca,1st year,post graduate,yes,no
7484,18,female,nursing,1st year,high school,yes,no
7485,17,female,ba,4th year,no formal,yes,no
7486,23,female,bba,2nd year,graduate,yes,yes
7487,23,other,nursing,3rd year,graduate,no,yes
7488,21,other,b.sc,4th year,no formal,yes,no
7489,17,other,b.sc,2nd year,post graduate,no,yes
7490,17,female,bba,2nd year,no formal,yes,no
7491,17,other,b.com,3rd year,graduate,yes,yes
7492,22,other,diploma,3rd year,no formal,yes,yes
7493,18,male,bca,1st year,no formal,yes,yes
7494,19,other,b.com,4th year,high school,yes,no
7495,23,other,b.sc,1st year,graduate,yes,yes
7496,24,female,b.tech,2nd year,phd,no,yes
7497,23,other,ba,4th year,no formal,yes,no
7498,19,male,b.com,3rd year,graduate,no,yes
7499,21,other,b.tech,3rd year,post graduate,yes,yes
7500,18,female,diploma,4th year,high school,yes,no
7501,23,other,pharmacy,2nd year,phd,no,yes
7502,17,female,pharmacy,3rd year,graduate,yes,yes
7503,22,female,b.sc,3rd year,no formal,yes,yes
7504,21,female,b.sc,1st year,high school,yes,no
7505,23,female,ba,2nd year,graduate,yes,no
7506,20,other,pharmacy,4th year,post graduate,yes,no
7507,18,other,bca,2nd year,no formal,yes,no
7508,23,male,bba,4th year,graduate,no,no
7509,22,female,pharmacy,4th year,post graduate,yes,yes
7510,20,male,bca,4th year,high school,yes,yes
7511,19,male,pharmacy,1st year,no formal,yes,yes
7512,19,other,nursing,4th year,post graduate,no,yes
7513,20,other,pharmacy,4th year,post graduate,no,no
7514,19,other,bca,4th year,high school,yes,yes
7515,19,female,ba,3rd year,phd,yes,yes
7516,19,female,b.tech,3rd year,phd,no,yes
7517,17,other,diploma,2nd year,no formal,yes,yes
7518,24,male,b.com,1st year,graduate,no,no
7519,18,male,b.tech,2nd year,post graduate,no,yes
7520,18,female,nursing,4th year,high school,yes,no
7521,18,female,ba,1st year,no formal,yes,yes
7522,24,female,bba,1st year,no formal,yes,yes
7523,20,male,nursing,4th year,high school,yes,yes
7524,19,female,b.com,4th year,high school,no,yes
7525,20,other,nursing,3rd year,post graduate,yes,no
7526,17,male,bca,2nd year,phd,yes,no
7527,19,female,bca,1st year,graduate,no,yes
7528,18,male,b.com,3rd year,phd,yes,yes
7529,23,male,nursing,3rd year,graduate,yes,no
7530,17,female,b.com,4th year,phd,yes,no
7531,20,female,bca,2nd year,high school,yes,yes
7532,23,female,nursing,4th year,post graduate,yes,yes
7533,23,male,b.sc,4th year,phd,yes,yes
7534,21,female,ba,1st year,phd,yes,yes
7535,18,male,diploma,4th year,high school,yes,yes
7536,19,female,b.com,3rd year,high school,no,no
7537,18,other,b.tech,2nd year,no formal,no,no
7538,22,female,ba,1st year,post graduate,yes,no
7539,19,other,bba,1st year,graduate,yes,no
7540,22,female,pharmacy,1st year,high school,yes,yes
7541,22,other,nursing,2nd year,high school,yes,no
7542,24,other,b.sc,3rd year,phd,no,no
7543,19,other,b.com,3rd year,phd,yes,no
7544,24,female,b.sc,4th year,phd,no,yes
7545,20,male,pharmacy,3rd year,graduate,yes,no
7546,22,female,ba,4th year,post graduate,yes,yes
7547,22,other,pharmacy,4th year,phd,no,yes
7548,23,female,b.tech,3rd year,post graduate,yes,yes
7549,20,other,bca,4th year,high school,yes,yes
7550,23,other,b.tech,4th year,phd,yes,yes
7551,19,other,bba,4th year,post graduate,yes,no
7552,20,female,b.tech,1st year,no formal,yes,yes
7553,20,male,b.sc,3rd year,no formal,yes,yes
7554,22,female,b.sc,1st year,graduate,yes,no
7555,21,female,diploma,2nd year,phd,yes,no
7556,17,other,bca,3rd year,post graduate,yes,no
7557,23,male,bca,3rd year,post graduate,yes,yes
7558,23,male,b.sc,4th year,post graduate,yes,yes
7559,17,male,b.com,3rd year,phd,yes,yes
7560,24,female,ba,3rd year,graduate,yes,no
7561,22,male,pharmacy,1st year,graduate,no,yes
7562,17,female,diploma,1st year,high school,yes,yes
7563,20,male,b.tech,1st year,graduate,yes,yes
7564,23,other,b.tech,2nd year,high school,no,yes
7565,19,female,ba,4th year,phd,yes,yes
7566,24,other,b.sc,1st year,phd,no,yes
7567,20,female,ba,3rd year,high school,yes,yes
7568,18,male,pharmacy,4th year,post graduate,yes,no
7569,19,male,b.sc,2nd year,post graduate,yes,yes
7570,21,other,bca,2nd year,post graduate,yes,yes
7571,22,female,bba,1st year,no formal,yes,no
7572,24,other,bca,2nd year,no formal,yes,no
7573,18,other,bba,3rd year,post graduate,yes,yes
7574,24,female,bba,3rd year,no formal,yes,yes
7575,21,female,b.com,4th year,phd,yes,no
7576,18,male,pharmacy,1st year,graduate,no,no
7577,24,male,b.com,2nd year,phd,yes,yes
7578,19,male,b.sc,2nd year,no formal,no,yes
7579,21,male,b.tech,2nd year,high school,yes,yes
7580,22,female,b.tech,3rd year,no formal,no,no
7581,17,other,ba,1st year,graduate,no,no
7582,18,female,nursing,2nd year,no formal,no,yes
7583,22,female,b.sc,1st year,high school,no,no
7584,19,other,b.tech,3rd year,high school,no,yes
7585,17,other,bba,4th year,graduate,yes,no
7586,17,male,bca,4th year,no formal,no,yes
7587,23,male,bca,1st year,high school,yes,yes
7588,18,female,b.tech,1st year,post graduate,no,yes
7589,17,male,b.sc,3rd year,graduate,yes,no
7590,21,male,ba,2nd year,graduate,yes,yes
7591,17,female,diploma,1st year,phd,yes,yes
7592,22,female,bca,3rd year,graduate,yes,no
7593,21,male,nursing,2nd year,phd,yes,yes
7594,22,male,bba,3rd year,phd,yes,yes
7595,20,other,ba,1st year,graduate,yes,yes
7596,23,female,bca,4th year,graduate,yes,yes
7597,22,female,ba,1st year,high school,yes,yes
7598,20,male,b.sc,1st year,phd,yes,no
7599,17,male,bca,2nd year,post graduate,yes,yes
7600,19,female,b.com,4th year,no formal,yes,no
7601,18,male,b.com,3rd year,post graduate,yes,yes
7602,17,male,diploma,2nd year,high school,yes,no
7603,19,other,b.tech,2nd year,phd,no,yes
7604,18,other,b.tech,1st year,high school,no,no
7605,17,female,ba,3rd year,no formal,yes,no
7606,19,male,bca,3rd year,phd,no,no
7607,21,male,nursing,3rd year,post graduate,yes,yes
7608,18,female,bba,2nd year,phd,yes,yes
7609,19,other,b.com,2nd year,phd,yes,yes
7610,17,female,ba,1st year,graduate,yes,yes
7611,17,female,ba,2nd year,graduate,no,yes
7612,18,male,ba,1st year,phd,no,yes
7613,20,male,diploma,2nd year,high school,yes,yes
7614,22,male,nursing,2nd year,high school,yes,no
7615,23,female,diploma,4th year,graduate,yes,yes
7616,22,male,ba,3rd year,graduate,no,no
7617,21,male,b.com,2nd year,phd,yes,yes
7618,24,female,b.tech,1st year,no formal,yes,yes
7619,19,female,nursing,1st year,graduate,no,yes
7620,23,other,pharmacy,1st year,graduate,yes,yes
7621,24,female,b.tech,2nd year,phd,yes,yes
7622,21,male,b.sc,2nd year,high school,no,yes
7623,23,other,b.sc,1st year,post graduate,yes,yes
7624,18,other,nursing,3rd year,graduate,yes,yes
7625,24,other,b.sc,3rd year,phd,yes,yes
7626,21,other,b.tech,4th year,graduate,yes,yes
7627,18,female,ba,4th year,no formal,no,no
7628,17,other,ba,1st year,graduate,yes,no
7629,22,other,ba,3rd year,phd,yes,yes
7630,20,female,bba,4th year,no formal,yes,yes
7631,19,other,b.com,4th year,post graduate,yes,no
7632,20,other,b.tech,3rd year,graduate,no,no
7633,24,other,b.tech,1st year,post graduate,yes,yes
7634,20,female,diploma,4th year,high school,yes,yes
7635,17,female,bca,4th year,phd,yes,yes
7636,19,other,b.com,3rd year,no formal,yes,yes
7637,18,other,pharmacy,4th year,graduate,no,no
7638,22,male,bba,2nd year,graduate,yes,yes
7639,23,male,nursing,3rd year,high school,yes,no
7640,23,other,nursing,4th year,no formal,no,no
7641,22,male,b.com,3rd year,phd,yes,yes
7642,23,other,bca,3rd year,graduate,yes,yes
7643,20,male,bca,4th year,phd,yes,yes
7644,22,other,bba,4th year,high school,yes,yes
7645,17,other,bca,3rd year,post graduate,yes,yes
7646,21,male,ba,4th year,graduate,no,yes
7647,21,male,b.tech,2nd year,graduate,yes,no
7648,17,other,b.tech,3rd year,graduate,yes,yes
7649,21,male,bba,3rd year,high school,yes,yes
7650,22,male,pharmacy,3rd year,no formal,no,no
7651,19,other,b.sc,1st year,post graduate,yes,no
7652,21,other,bca,2nd year,high school,yes,no
7653,19,male,b.sc,1st year,graduate,yes,no
7654,19,female,bca,3rd year,graduate,yes,yes
7655,18,female,b.sc,4th year,phd,yes,yes
7656,19,female,ba,3rd year,phd,yes,no
7657,23,female,nursing,4th year,no formal,yes,no
7658,24,female,ba,3rd year,no formal,yes,yes
7659,22,male,pharmacy,2nd year,phd,yes,no
7660,21,male,b.tech,1st year,no formal,no,yes
7661,21,other,b.tech,1st year,post graduate,yes,yes
7662,20,male,b.sc,4th year,post graduate,yes,no
7663,20,other,b.com,4th year,phd,yes,yes
7664,21,male,ba,2nd year,high school,yes,yes
7665,23,other,pharmacy,4th year,high school,yes,yes
7666,20,female,b.com,1st year,high school,yes,yes
7667,21,other,ba,4th year,no formal,yes,yes
7668,20,other,b.tech,1st year,high school,yes,yes
7669,19,female,diploma,3rd year,high school,yes,no
7670,19,other,bba,1st year,phd,yes,no
7671,17,female,b.tech,3rd year,graduate,no,no
7672,20,other,bba,2nd year,graduate,yes,no
7673,22,other,b.sc,3rd year,post graduate,yes,no
7674,22,other,ba,1st year,no formal,yes,no
7675,24,other,b.com,2nd year,phd,no,yes
7676,17,female,nursing,1st year,graduate,yes,yes
7677,23,male,b.tech,3rd year,graduate,yes,no
7678,23,female,bca,1st year,high school,yes,yes
7679,20,male,nursing,4th year,high school,yes,yes
7680,19,female,b.tech,1st year,no formal,yes,no
7681,19,other,pharmacy,3rd year,graduate,yes,yes
7682,22,male,diploma,4th year,phd,no,yes
7683,23,other,b.com,2nd year,no formal,yes,no
7684,22,female,bba,3rd year,graduate,yes,no
7685,21,male,diploma,4th year,high school,yes,no
7686,22,other,bba,1st year,post graduate,no,no
7687,17,male,diploma,3rd year,post graduate,yes,no
7688,21,female,pharmacy,3rd year,phd,no,yes
7689,17,female,ba,3rd year,high school,yes,no
7690,24,other,b.tech,3rd year,high school,yes,yes
7691,24,female,ba,2nd year,graduate,yes,no
7692,21,male,bca,3rd year,no formal,yes,yes
7693,19,female,diploma,2nd year,graduate,no,yes
7694,22,other,b.com,2nd year,high school,yes,no
7695,22,other,pharmacy,4th year,high school,yes,yes
7696,22,male,b.tech,3rd year,post graduate,yes,no
7697,21,female,bca,3rd year,no formal,yes,yes
7698,18,other,ba,1st year,high school,yes,yes
7699,17,male,diploma,2nd year,post graduate,yes,yes
7700,19,male,b.com,1st year,graduate,yes,no
7701,21,other,pharmacy,4th year,phd,no,yes
7702,20,female,b.tech,4th year,no formal,yes,yes
7703,21,female,nursing,2nd year,graduate,no,no
7704,19,female,bba,2nd year,no formal,no,yes
7705,24,female,bba,3rd year,no formal,yes,no
7706,19,male,b.com,1st year,graduate,yes,yes
7707,23,other,ba,3rd year,high school,yes,yes
7708,20,female,ba,1st year,no formal,yes,no
7709,20,female,b.com,3rd year,phd,no,no
7710,21,male,b.tech,3rd year,post graduate,yes,no
7711,19,male,ba,3rd year,graduate,yes,yes
7712,18,female,ba,1st year,phd,yes,no
7713,20,male,diploma,2nd year,no formal,yes,yes
7714,23,other,bba,2nd year,phd,yes,yes
7715,18,other,bba,3rd year,phd,yes,no
7716,20,male,bba,2nd year,graduate,yes,yes
7717,22,male,ba,2nd year,post graduate,yes,no
7718,22,female,diploma,1st year,high school,yes,no
7719,20,male,diploma,2nd year,phd,yes,no
7720,17,other,pharmacy,2nd year,graduate,yes,yes
7721,17,male,bba,1st year,high school,yes,no
7722,20,female,b.tech,1st year,no formal,yes,no
7723,23,male,bca,1st year,post graduate,no,yes
7724,17,other,ba,2nd year,phd,yes,yes
7725,24,male,b.tech,1st year,post graduate,yes,no
7726,22,female,nursing,1st year,post graduate,yes,yes
7727,17,other,bca,4th year,post graduate,yes,yes
7728,19,female,bca,4th year,high school,no,yes
7729,18,male,bca,3rd year,high school,yes,no
7730,24,male,pharmacy,3rd year,post graduate,yes,no
7731,21,female,diploma,1st year,post graduate,yes,no
7732,19,male,diploma,1st year,high school,no,no
7733,19,female,diploma,1st year,no formal,yes,yes
7734,21,female,diploma,1st year,post graduate,yes,no
7735,17,female,diploma,1st year,phd,yes,no
7736,19,other,b.tech,3rd year,graduate,no,yes
7737,18,other,ba,4th year,phd,yes,no
7738,21,male,b.com,3rd year,phd,no,no
7739,22,other,pharmacy,2nd year,post graduate,no,no
7740,20,other,bca,2nd year,phd,yes,yes
7741,18,male,bba,2nd year,phd,yes,yes
7742,19,female,bba,1st year,high school,no,yes
7743,23,female,diploma,2nd year,phd,yes,yes
7744,18,female,diploma,3rd year,graduate,yes,no
7745,18,female,b.sc,1st year,high school,yes,yes
7746,17,other,pharmacy,2nd year,high school,yes,yes
7747,23,female,diploma,2nd year,post graduate,no,no
7748,17,other,b.sc,1st year,phd,no,yes
7749,21,female,bca,3rd year,high school,yes,no
7750,24,female,ba,2nd year,graduate,yes,yes
7751,22,male,ba,3rd year,phd,no,yes
7752,20,male,nursing,4th year,phd,yes,no
7753,18,female,b.com,2nd year,graduate,yes,no
7754,17,male,nursing,2nd year,phd,yes,yes
7755,18,other,bca,3rd year,phd,yes,yes
7756,24,male,nursing,1st year,high school,yes,no
7757,18,male,diploma,1st year,graduate,yes,no
7758,17,other,bca,1st year,no formal,no,no
7759,23,male,b.sc,2nd year,no formal,no,yes
7760,20,male,pharmacy,3rd year,post graduate,yes,no
7761,19,male,bca,1st year,no formal,yes,yes
7762,22,other,ba,3rd year,high school,yes,yes
7763,21,other,b.com,3rd year,no formal,yes,no
7764,24,male,b.sc,3rd year,high school,yes,no
7765,20,female,b.com,3rd year,high school,no,yes
7766,22,female,b.sc,3rd year,graduate,yes,yes
7767,24,other,nursing,2nd year,post graduate,yes,no
7768,20,female,ba,2nd year,graduate,yes,yes
7769,19,female,bca,4th year,post graduate,yes,no
7770,24,female,nursing,2nd year,graduate,yes,yes
7771,18,male,pharmacy,2nd year,post graduate,yes,no
7772,17,female,bba,4th year,high school,yes,no
7773,21,female,b.tech,4th year,high school,yes,yes
7774,24,other,bca,4th year,no formal,no,yes
7775,17,female,pharmacy,4th year,graduate,yes,no
7776,23,other,ba,2nd year,no formal,yes,no
7777,23,female,b.tech,4th year,post graduate,yes,no
7778,24,other,diploma,3rd year,post graduate,yes,yes
7779,20,other,bca,4th year,phd,no,yes
7780,19,male,b.sc,1st year,graduate,no,yes
7781,21,female,b.tech,1st year,phd,yes,no
7782,18,other,bba,1st year,graduate,yes,yes
7783,23,female,b.sc,4th year,post graduate,yes,yes
7784,22,other,b.sc,2nd year,phd,yes,yes
7785,20,female,b.com,1st year,graduate,yes,yes
7786,21,other,bba,4th year,phd,yes,yes
7787,22,female,nursing,4th year,graduate,yes,no
7788,21,female,ba,4th year,no formal,yes,yes
7789,23,male,nursing,3rd year,graduate,yes,yes
7790,24,male,bca,3rd year,post graduate,no,no
7791,24,male,ba,3rd year,post graduate,no,no
7792,21,other,bba,3rd year,high school,yes,no
7793,22,female,b.sc,3rd year,high school,yes,no
7794,19,female,pharmacy,1st year,post graduate,yes,no
7795,17,female,b.com,1st year,post graduate,yes,no
7796,20,female,pharmacy,4th year,no formal,yes,no
7797,23,other,bca,1st year,graduate,no,yes
7798,18,female,b.com,1st year,no formal,yes,yes
7799,21,female,bba,4th year,high school,yes,no
7800,18,female,b.sc,4th year,phd,yes,no
7801,20,female,bca,2nd year,no formal,yes,no
7802,18,female,b.tech,1st year,graduate,no,no
7803,22,male,bca,3rd year,graduate,yes,yes
7804,23,other,b.sc,1st year,high school,no,no
7805,23,female,b.sc,2nd year,phd,yes,yes
7806,22,female,b.sc,3rd year,phd,yes,yes
7807,18,female,b.tech,4th year,no formal,yes,yes
7808,21,female,nursing,1st year,high school,yes,no
7809,17,other,pharmacy,3rd year,high school,yes,no
7810,19,male,pharmacy,1st year,no formal,yes,yes
7811,21,male,diploma,2nd year,graduate,yes,yes
7812,22,other,b.com,3rd year,high school,yes,yes
7813,17,other,diploma,1st year,high school,yes,no
7814,23,female,diploma,3rd year,post graduate,yes,no
7815,20,female,b.com,4th year,phd,yes,yes
7816,24,female,nursing,2nd year,post graduate,no,yes
7817,21,other,pharmacy,4th year,post graduate,no,yes
7818,21,female,ba,3rd year,graduate,yes,no
7819,22,other,bca,4th year,graduate,yes,no
7820,23,female,nursing,3rd year,graduate,yes,yes
7821,18,female,b.com,4th year,high school,yes,no
7822,21,other,pharmacy,1st year,graduate,no,yes
7823,17,female,b.com,2nd year,high school,yes,yes
7824,20,male,pharmacy,2nd year,high school,yes,yes
7825,23,male,b.com,4th year,phd,no,no
7826,23,other,diploma,3rd year,no formal,yes,yes
7827,19,female,bba,1st year,phd,yes,no
7828,20,male,ba,4th year,no formal,no,no
7829,21,other,ba,3rd year,high school,yes,yes
7830,20,other,b.com,2nd year,post graduate,yes,no
7831,18,female,diploma,2nd year,phd,yes,yes
7832,19,female,pharmacy,3rd year,phd,yes,yes
7833,20,other,bca,4th year,post graduate,yes,yes
7834,21,male,b.com,3rd year,high school,yes,yes
7835,24,male,diploma,4th year,high school,yes,no
7836,21,female,ba,3rd year,high school,no,yes
7837,20,female,pharmacy,1st year,phd,yes,yes
7838,22,male,b.com,4th year,post graduate,yes,no
7839,23,male,bba,3rd year,no formal,yes,yes
7840,20,other,bba,3rd year,no formal,yes,no
7841,20,female,nursing,3rd year,no formal,yes,no
7842,18,other,b.tech,1st year,graduate,no,no
7843,23,female,bca,4th year,phd,yes,yes
7844,23,female,nursing,4th year,graduate,yes,yes
7845,18,female,ba,4th year,high school,yes,no
7846,19,female,bba,3rd year,graduate,yes,yes
7847,19,other,b.com,1st year,post graduate,yes,no
7848,24,other,ba,3rd year,no formal,yes,yes
7849,17,other,pharmacy,2nd year,post graduate,no,no
7850,18,other,ba,3rd year,phd,yes,yes
7851,19,male,b.sc,4th year,phd,yes,yes
7852,21,female,bca,1st year,no formal,no,no
7853,18,other,bba,2nd year,phd,yes,no
7854,21,female,nursing,2nd year,no formal,yes,yes
7855,22,female,b.tech,4th year,graduate,yes,no
7856,23,male,pharmacy,3rd year,high school,yes,yes
7857,17,male,diploma,2nd year,post graduate,no,no
7858,18,other,nursing,2nd year,post graduate,yes,no
7859,17,male,ba,2nd year,post graduate,yes,yes
7860,24,female,bba,1st year,post graduate,yes,no
7861,22,female,ba,3rd year,phd,yes,no
7862,21,other,nursing,4th year,graduate,yes,yes
7863,23,other,b.tech,1st year,graduate,yes,no
7864,21,female,bba,2nd year,graduate,no,no
7865,18,male,b.com,4th year,high school,yes,no
7866,21,female,bca,3rd year,graduate,yes,yes
7867,22,other,pharmacy,1st year,graduate,yes,yes
7868,17,female,diploma,1st year,no formal,yes,yes
7869,21,female,b.tech,1st year,high school,yes,no
7870,20,other,ba,3rd year,high school,no,no
7871,17,female,b.tech,4th year,post graduate,yes,yes
7872,19,female,bba,1st year,high school,no,no
7873,20,female,b.sc,3rd year,no formal,yes,no
7874,19,other,diploma,3rd year,graduate,yes,yes
7875,19,female,bba,4th year,graduate,yes,yes
7876,22,male,b.com,3rd year,post graduate,no,no
7877,20,female,nursing,4th year,post graduate,yes,yes
7878,20,other,diploma,2nd year,phd,yes,yes
7879,23,other,bca,2nd year,post graduate,yes,no
7880,17,other,ba,4th year,graduate,yes,no
7881,19,other,b.com,3rd year,high school,yes,no
7882,17,other,bca,2nd year,post graduate,no,yes
7883,24,female,nursing,3rd year,graduate,no,yes
7884,18,female,nursing,2nd year,phd,yes,yes
7885,23,female,diploma,3rd year,post graduate,no,yes
7886,18,other,b.tech,3rd year,high school,yes,yes
7887,19,female,pharmacy,1st year,phd,no,no
7888,21,male,b.com,3rd year,graduate,yes,yes
7889,23,male,b.tech,4th year,post graduate,yes,yes
7890,18,male,bca,3rd year,post graduate,yes,no
7891,18,female,bba,3rd year,post graduate,no,no
7892,24,other,b.tech,4th year,graduate,yes,no
7893,19,other,b.sc,2nd year,post graduate,yes,yes
7894,18,other,b.sc,3rd year,phd,yes,no
7895,22,other,ba,1st year,no formal,yes,no
7896,17,male,diploma,1st year,graduate,yes,yes
7897,23,other,diploma,3rd year,post graduate,yes,yes
7898,24,other,b.tech,1st year,phd,no,yes
7899,23,other,b.sc,4th year,graduate,yes,no
7900,19,female,bca,4th year,no formal,yes,yes
7901,17,male,nursing,4th year,post graduate,yes,no
7902,20,other,b.tech,1st year,phd,no,no
7903,19,male,ba,2nd year,phd,yes,yes
7904,24,other,b.sc,3rd year,high school,yes,no
7905,22,other,bba,1st year,no formal,yes,yes
7906,24,other,ba,4th year,no formal,yes,no
7907,23,female,b.sc,4th year,graduate,no,no
7908,22,other,pharmacy,4th year,no formal,yes,yes
7909,17,other,diploma,2nd year,post graduate,yes,yes
7910,17,other,bba,1st year,graduate,yes,yes
7911,17,female,diploma,4th year,high school,yes,no
7912,21,female,b.com,3rd year,high school,yes,yes
7913,18,other,pharmacy,4th year,graduate,no,yes
7914,24,male,ba,2nd year,no formal,yes,yes
7915,18,male,ba,1st year,graduate,yes,yes
7916,24,female,bca,4th year,post graduate,yes,yes
7917,22,female,bca,1st year,graduate,yes,yes
7918,17,other,bca,3rd year,graduate,yes,yes
7919,17,other,nursing,2nd year,phd,no,no
7920,20,male,b.com,3rd year,high school,yes,yes
7921,19,male,diploma,2nd year,no formal,no,yes
7922,19,other,b.sc,1st year,graduate,yes,yes
7923,21,female,b.com,3rd year,no formal,yes,yes
7924,18,male,bba,1st year,phd,yes,yes
7925,18,female,bba,1st year,no formal,yes,no
7926,22,other,bca,2nd year,post graduate,yes,yes
7927,24,female,b.sc,2nd year,graduate,no,yes
7928,19,female,nursing,3rd year,graduate,yes,yes
7929,24,female,bca,2nd year,phd,yes,no
7930,19,other,bca,3rd year,phd,yes,yes
7931,19,female,diploma,2nd year,no formal,yes,no
7932,17,other,diploma,4th year,phd,yes,yes
7933,20,other,ba,1st year,high school,yes,no
7934,20,female,bba,1st year,high school,yes,yes
7935,22,female,b.com,4th year,phd,yes,yes
7936,18,other,bca,2nd year,no formal,yes,yes
7937,18,male,b.sc,3rd year,graduate,yes,yes
7938,20,male,bca,3rd year,no formal,yes,no
7939,17,male,ba,4th year,graduate,yes,yes
7940,18,other,b.com,3rd year,post graduate,yes,no
7941,22,other,bba,1st year,graduate,yes,yes
7942,24,other,pharmacy,3rd year,phd,yes,yes
7943,21,male,bca,2nd year,post graduate,yes,yes
7944,18,male,ba,2nd year,no formal,yes,no
7945,24,male,bba,3rd year,high school,no,no
7946,21,male,bca,1st year,graduate,yes,no
7947,22,male,b.sc,1st year,graduate,yes,no
7948,18,female,bca,3rd year,no formal,yes,yes
7949,21,other,b.tech,1st year,graduate,yes,yes
7950,17,male,nursing,4th year,graduate,yes,no
7951,22,other,bca,3rd year,graduate,yes,yes
7952,18,other,b.sc,4th year,phd,yes,no
7953,24,male,bba,2nd year,high school,no,no
7954,17,male,nursing,3rd year,post graduate,yes,yes
7955,22,female,pharmacy,1st year,post graduate,yes,yes
7956,18,other,b.sc,3rd year,phd,yes,yes
7957,22,other,b.com,2nd year,post graduate,yes,yes
7958,20,other,b.sc,4th year,graduate,no,yes
7959,24,male,ba,2nd year,no formal,yes,yes
7960,22,other,nursing,4th year,post graduate,no,no
7961,19,other,diploma,4th year,graduate,yes,yes
7962,17,female,b.com,1st year,phd,no,no
7963,21,male,b.com,1st year,graduate,yes,no
7964,20,male,bca,2nd year,post graduate,no,no
7965,17,male,bca,3rd year,phd,yes,yes
7966,21,other,bba,4th year,phd,yes,yes
7967,18,male,ba,2nd year,high school,yes,yes
7968,18,other,pharmacy,4th year,high school,yes,no
7969,17,male,bba,3rd year,post graduate,yes,no
7970,19,other,nursing,3rd year,no formal,yes,yes
7971,18,other,pharmacy,4th year,phd,yes,yes
7972,17,female,ba,2nd year,no formal,yes,yes
7973,20,female,nursing,3rd year,high school,yes,yes
7974,18,male,nursing,4th year,phd,no,no
7975,18,male,b.sc,4th year,no formal,yes,no
7976,20,other,b.com,1st year,no formal,yes,yes
7977,17,other,b.sc,4th year,post graduate,yes,yes
7978,24,other,bca,1st year,phd,yes,yes
7979,20,female,diploma,4th year,post graduate,yes,yes
7980,24,male,diploma,3rd year,graduate,no,no
7981,24,male,ba,4th year,post graduate,yes,no
7982,24,other,diploma,3rd year,post graduate,yes,no
7983,21,male,b.tech,1st year,high school,yes,no
7984,20,male,bca,2nd year,post graduate,yes,no
7985,22,male,bba,3rd year,no formal,yes,no
7986,17,female,nursing,3rd year,graduate,yes,no
7987,23,other,pharmacy,3rd year,phd,yes,yes
7988,19,female,bca,3rd year,no formal,yes,yes
7989,17,other,bca,3rd year,graduate,yes,no
7990,18,female,pharmacy,1st year,post graduate,no,yes
7991,18,other,ba,1st year,graduate,no,yes
7992,17,male,b.sc,2nd year,phd,yes,yes
7993,22,female,bba,1st year,post graduate,yes,yes
7994,17,male,ba,3rd year,no formal,no,yes
7995,23,other,bca,4th year,phd,yes,no
7996,20,female,nursing,4th year,high school,yes,yes
7997,22,male,bba,3rd year,graduate,yes,yes
7998,19,male,b.com,4th year,phd,yes,no
7999,18,female,bca,3rd year,post graduate,yes,yes
8000,18,female,ba,1st year,no formal,yes,yes
8001,22,male,b.sc,3rd year,high school,yes,yes
8002,22,female,diploma,3rd year,no formal,no,no
8003,19,other,b.com,3rd year,graduate,yes,yes
8004,19,other,bba,4th year,phd,yes,yes
8005,24,male,pharmacy,4th year,high school,no,yes
8006,23,other,b.sc,1st year,post graduate,no,yes
8007,20,other,ba,1st year,no formal,yes,yes
8008,18,male,b.sc,3rd year,high school,yes,yes
8009,19,male,ba,1st year,graduate,yes,yes
8010,21,male,b.com,2nd year,phd,yes,no
8011,21,other,pharmacy,4th year,post graduate,no,yes
8012,18,other,b.com,3rd year,post graduate,yes,no
8013,17,female,bca,4th year,post graduate,yes,no
8014,20,other,b.sc,1st year,no formal,yes,no
8015,23,female,bba,3rd year,phd,yes,no
8016,18,other,nursing,2nd year,graduate,no,no
8017,20,other,diploma,1st year,high school,yes,yes
8018,18,other,b.com,2nd year,phd,yes,yes
8019,18,female,pharmacy,4th year,graduate,yes,yes
8020,21,female,nursing,2nd year,post graduate,yes,no
8021,19,male,ba,4th year,high school,yes,yes
8022,19,other,pharmacy,1st year,graduate,yes,yes
8023,24,male,b.sc,3rd year,no formal,yes,no
8024,18,female,b.com,2nd year,graduate,yes,yes
8025,18,female,pharmacy,2nd year,graduate,yes,no
8026,24,other,pharmacy,3rd year,high school,yes,yes
8027,21,other,nursing,3rd year,phd,yes,yes
8028,17,other,b.sc,1st year,post graduate,yes,yes
8029,20,other,b.sc,3rd year,phd,yes,yes
8030,21,other,bca,2nd year,no formal,yes,yes
8031,19,female,b.tech,4th year,graduate,yes,no
8032,21,female,pharmacy,1st year,phd,no,no
8033,22,other,pharmacy,2nd year,no formal,yes,no
8034,19,female,nursing,4th year,high school,no,yes
8035,23,female,pharmacy,1st year,phd,no,no
8036,20,male,b.com,1st year,no formal,yes,yes
8037,24,female,nursing,3rd year,graduate,no,yes
8038,17,female,b.com,3rd year,no formal,yes,yes
8039,19,male,b.sc,3rd year,high school,yes,yes
8040,22,other,b.com,2nd year,phd,no,no
8041,24,other,diploma,1st year,high school,yes,no
8042,18,other,pharmacy,2nd year,graduate,yes,no
8043,24,male,bca,1st year,phd,yes,yes
8044,18,male,b.com,4th year,high school,no,no
8045,20,male,bca,2nd year,post graduate,no,no
8046,19,other,bba,3rd year,graduate,yes,no
8047,20,other,bba,2nd year,post graduate,yes,yes
8048,24,female,ba,3rd year,graduate,yes,yes
8049,22,male,b.sc,1st year,phd,no,yes
8050,23,female,ba,1st year,phd,yes,no
8051,19,other,pharmacy,2nd year,phd,yes,no
8052,24,female,ba,2nd year,high school,yes,no
8053,20,male,b.tech,2nd year,no formal,yes,yes
8054,22,female,ba,2nd year,no formal,yes,yes
8055,22,other,bba,3rd year,post graduate,yes,no
8056,22,other,bca,2nd year,phd,yes,yes
8057,21,female,bca,1st year,high school,yes,no
8058,20,other,ba,4th year,graduate,yes,yes
8059,22,male,b.sc,3rd year,no formal,yes,no
8060,24,other,ba,2nd year,graduate,yes,no
8061,20,male,b.tech,3rd year,post graduate,yes,no
8062,21,female,bba,2nd year,no formal,yes,yes
8063,18,female,bba,2nd year,phd,yes,no
8064,19,other,ba,1st year,phd,yes,yes
8065,23,male,bca,4th year,phd,yes,yes
8066,22,male,diploma,2nd year,phd,yes,yes
8067,18,other,b.com,3rd year,no formal,yes,no
8068,21,female,bba,1st year,graduate,no,yes
8069,23,other,bba,1st year,graduate,no,yes
8070,17,female,bba,2nd year,no formal,yes,no
8071,17,female,ba,1st year,phd,yes,no
8072,20,other,b.sc,4th year,no formal,yes,yes
8073,22,other,b.sc,1st year,post graduate,yes,yes
8074,19,other,b.tech,3rd year,high school,no,yes
8075,23,other,b.tech,2nd year,graduate,yes,no
8076,23,male,nursing,1st year,graduate,yes,no
8077,21,male,b.tech,1st year,high school,yes,yes
8078,20,other,nursing,2nd year,graduate,yes,yes
8079,17,female,pharmacy,1st year,post graduate,yes,yes
8080,23,male,b.com,3rd year,graduate,yes,yes
8081,24,male,ba,1st year,high school,yes,yes
8082,20,female,ba,1st year,high school,yes,yes
8083,21,female,ba,1st year,post graduate,yes,no
8084,23,other,ba,4th year,high school,yes,yes
8085,22,other,ba,1st year,graduate,yes,yes
8086,18,other,diploma,3rd year,phd,yes,no
8087,22,female,ba,2nd year,graduate,no,yes
8088,24,other,b.sc,2nd year,high school,yes,yes
8089,23,other,ba,4th year,post graduate,yes,yes
8090,20,other,pharmacy,3rd year,phd,no,yes
8091,21,female,pharmacy,3rd year,post graduate,yes,no
8092,19,male,b.tech,1st year,graduate,no,no
8093,22,male,bca,4th year,post graduate,yes,yes
8094,18,other,pharmacy,1st year,no formal,yes,yes
8095,19,other,b.sc,3rd year,no formal,yes,yes
8096,19,other,b.tech,3rd year,graduate,yes,yes
8097,19,other,b.sc,4th year,graduate,yes,yes
8098,19,female,b.com,1st year,phd,no,yes
8099,17,male,pharmacy,2nd year,graduate,no,no
8100,22,male,b.com,1st year,phd,yes,yes
8101,20,other,b.com,1st year,post graduate,yes,no
8102,24,male,b.com,4th year,high school,yes,no
8103,18,female,ba,1st year,phd,yes,no
8104,22,other,pharmacy,4th year,no formal,yes,yes
8105,18,female,b.tech,4th year,post graduate,yes,yes
8106,21,other,bba,1st year,graduate,yes,no
8107,20,female,bca,2nd year,post graduate,no,no
8108,20,other,b.sc,4th year,no formal,yes,no
8109,22,male,b.tech,3rd year,high school,yes,yes
8110,23,female,pharmacy,1st year,high school,yes,yes
8111,19,male,b.com,4th year,graduate,yes,yes
8112,23,male,b.com,4th year,phd,yes,yes
8113,18,other,ba,2nd year,phd,yes,yes
8114,19,female,b.tech,2nd year,post graduate,no,no
8115,19,female,b.sc,2nd year,no formal,yes,no
8116,24,female,b.tech,3rd year,post graduate,yes,yes
8117,17,male,bba,4th year,phd,yes,no
8118,20,male,bba,3rd year,graduate,yes,no
8119,20,other,b.com,4th year,no formal,yes,yes
8120,23,male,pharmacy,1st year,no formal,yes,no
8121,20,female,b.com,4th year,phd,yes,yes
8122,24,male,b.tech,4th year,no formal,yes,yes
8123,22,other,b.tech,2nd year,high school,yes,yes
8124,22,male,diploma,1st year,post graduate,yes,no
8125,23,female,bba,1st year,no formal,yes,yes
8126,18,other,b.com,4th year,graduate,yes,yes
8127,20,female,b.com,1st year,post graduate,yes,no
8128,21,female,b.sc,1st year,graduate,yes,no
8129,18,female,ba,1st year,phd,yes,no
8130,17,female,diploma,1st year,no formal,yes,yes
8131,18,male,bca,4th year,graduate,yes,no
8132,23,female,diploma,1st year,high school,yes,yes
8133,22,female,b.tech,4th year,graduate,yes,yes
8134,19,other,bca,2nd year,no formal,no,yes
8135,22,female,diploma,3rd year,post graduate,yes,yes
8136,22,other,b.sc,3rd year,high school,yes,yes
8137,23,male,bca,4th year,phd,no,no
8138,24,female,b.tech,3rd year,phd,yes,no
8139,24,female,pharmacy,1st year,high school,no,yes
8140,18,other,diploma,4th year,post graduate,yes,no
8141,23,female,bca,1st year,graduate,no,no
8142,20,other,bca,3rd year,phd,yes,yes
8143,20,male,diploma,4th year,phd,yes,yes
8144,22,other,ba,3rd year,phd,yes,no
8145,21,other,pharmacy,2nd year,high school,yes,yes
8146,20,female,b.sc,2nd year,graduate,yes,yes
8147,24,male,nursing,4th year,no formal,yes,yes
8148,18,female,diploma,3rd year,high school,yes,no
8149,17,other,nursing,4th year,high school,yes,yes
8150,17,female,b.tech,4th year,graduate,yes,yes
8151,23,male,bba,3rd year,phd,yes,yes
8152,20,female,bca,2nd year,no formal,yes,yes
8153,20,other,bca,3rd year,graduate,yes,no
8154,22,male,diploma,2nd year,phd,yes,yes
8155,20,female,bca,1st year,high school,no,no
8156,21,female,b.com,2nd year,phd,yes,yes
8157,17,other,nursing,2nd year,no formal,yes,yes
8158,18,female,bba,1st year,graduate,yes,yes
8159,24,female,pharmacy,2nd year,phd,yes,yes
8160,20,female,bba,3rd year,high school,yes,yes
8161,18,female,bba,1st year,post graduate,yes,yes
8162,19,female,bca,1st year,no formal,yes,yes
8163,19,male,nursing,4th year,graduate,yes,no
8164,19,male,pharmacy,4th year,no formal,no,no
8165,19,other,bca,2nd year,no formal,yes,yes
8166,22,female,bba,1st year,high school,yes,yes
8167,17,female,b.tech,2nd year,phd,yes,yes
8168,19,female,b.tech,1st year,phd,yes,yes
8169,20,other,diploma,4th year,no formal,yes,yes
8170,21,other,ba,1st year,no formal,yes,no
8171,24,female,ba,3rd year,post graduate,yes,no
8172,24,male,bca,2nd year,phd,yes,no
8173,19,other,b.sc,2nd year,graduate,no,no
8174,21,male,b.com,4th year,graduate,yes,no
8175,17,male,b.tech,2nd year,post graduate,no,no
8176,21,male,diploma,4th year,graduate,yes,yes
8177,18,female,bba,4th year,post graduate,yes,no
8178,17,female,b.sc,2nd year,no formal,yes,yes
8179,22,male,bca,2nd year,no formal,yes,yes
8180,18,male,b.sc,1st year,no formal,yes,yes
8181,20,male,nursing,4th year,high school,no,yes
8182,17,female,b.com,3rd year,graduate,yes,no
8183,22,male,b.com,2nd year,high school,no,yes
8184,23,female,nursing,3rd year,graduate,yes,yes
8185,21,female,diploma,2nd year,no formal,yes,no
8186,23,other,diploma,3rd year,graduate,yes,no
8187,20,other,bca,4th year,no formal,yes,no
8188,18,female,bba,2nd year,high school,yes,no
8189,18,female,b.sc,3rd year,post graduate,yes,yes
8190,18,male,b.com,3rd year,no formal,yes,yes
8191,18,female,pharmacy,1st year,post graduate,yes,yes
8192,19,female,pharmacy,1st year,high school,yes,yes
8193,18,male,diploma,2nd year,phd,yes,no
8194,21,other,nursing,2nd year,post graduate,no,no
8195,18,male,nursing,1st year,phd,yes,no
8196,21,male,ba,4th year,post graduate,yes,yes
8197,19,other,diploma,3rd year,graduate,yes,yes
8198,22,other,diploma,1st year,no formal,yes,yes
8199,21,female,b.sc,4th year,no formal,yes,yes
8200,24,female,pharmacy,2nd year,post graduate,yes,yes
8201,20,other,bba,4th year,post graduate,yes,yes
8202,19,male,b.com,1st year,no formal,yes,yes
8203,21,female,bba,1st year,no formal,no,yes
8204,22,male,b.com,1st year,post graduate,yes,no
8205,20,female,b.com,2nd year,no formal,no,yes
8206,21,other,bba,4th year,graduate,yes,yes
8207,20,female,pharmacy,3rd year,high school,yes,no
8208,19,other,ba,1st year,post graduate,no,yes
8209,19,female,b.sc,2nd year,no formal,yes,no
8210,24,other,diploma,2nd year,no formal,yes,no
8211,22,male,b.com,3rd year,no formal,yes,yes
8212,17,male,bba,4th year,post graduate,yes,yes
8213,24,male,b.com,1st year,post graduate,no,yes
8214,22,other,b.sc,1st year,post graduate,yes,no
8215,17,female,b.com,3rd year,graduate,no,yes
8216,22,male,ba,1st year,no formal,yes,no
8217,21,male,pharmacy,3rd year,high school,yes,no
8218,24,female,diploma,2nd year,no formal,yes,no
8219,20,male,diploma,2nd year,no formal,yes,no
8220,21,other,b.tech,1st year,post graduate,yes,yes
8221,19,other,b.tech,4th year,graduate,yes,no
8222,19,other,ba,1st year,graduate,yes,yes
8223,21,male,nursing,1st year,no formal,yes,yes
8224,23,female,b.tech,3rd year,post graduate,yes,no
8225,24,female,diploma,1st year,phd,no,yes
8226,23,female,nursing,1st year,no formal,yes,no
8227,21,female,b.com,1st year,phd,yes,yes
8228,21,male,b.sc,3rd year,no formal,no,yes
8229,19,male,b.sc,4th year,phd,yes,yes
8230,23,female,b.tech,4th year,post graduate,no,yes
8231,19,male,nursing,4th year,phd,yes,no
8232,19,male,nursing,1st year,no formal,yes,yes
8233,23,female,diploma,1st year,graduate,yes,yes
8234,21,other,b.tech,1st year,no formal,yes,yes
8235,19,female,pharmacy,1st year,graduate,yes,yes
8236,23,male,diploma,1st year,no formal,yes,yes
8237,24,other,nursing,3rd year,no formal,yes,yes
8238,19,other,ba,1st year,phd,yes,no
8239,21,male,b.sc,1st year,post graduate,yes,no
8240,20,male,nursing,2nd year,high school,yes,yes
8241,22,other,b.tech,4th year,graduate,yes,no
8242,24,female,b.sc,2nd year,graduate,yes,no
8243,21,male,b.sc,2nd year,post graduate,yes,no
8244,23,male,b.tech,1st year,graduate,no,yes
8245,21,male,bba,3rd year,high school,yes,no
8246,24,female,b.com,2nd year,high school,yes,yes
8247,20,female,pharmacy,4th year,phd,yes,yes
8248,20,female,pharmacy,1st year,no formal,yes,no
8249,20,male,b.sc,4th year,graduate,no,yes
8250,24,female,nursing,3rd year,high school,yes,no
8251,21,female,b.tech,2nd year,high school,yes,yes
8252,18,other,b.com,2nd year,no formal,yes,yes
8253,17,other,bca,4th year,no formal,yes,no
8254,21,male,b.sc,3rd year,phd,yes,yes
8255,23,male,b.tech,1st year,phd,yes,yes
8256,20,female,b.sc,3rd year,post graduate,yes,yes
8257,21,female,bca,3rd year,phd,yes,yes
8258,23,other,b.sc,2nd year,phd,no,yes
8259,21,female,b.com,3rd year,no formal,no,no
8260,24,male,b.sc,3rd year,phd,yes,no
8261,22,female,nursing,2nd year,phd,yes,yes
8262,22,other,nursing,1st year,no formal,no,yes
8263,23,male,nursing,1st year,phd,yes,yes
8264,22,other,b.tech,3rd year,post graduate,no,no
8265,17,male,b.com,4th year,phd,yes,yes
8266,20,other,nursing,2nd year,graduate,no,yes
8267,18,female,bba,2nd year,post graduate,yes,no
8268,21,female,b.tech,3rd year,post graduate,yes,yes
8269,18,male,b.com,4th year,post graduate,yes,no
8270,21,other,nursing,3rd year,phd,yes,yes
8271,19,female,nursing,3rd year,no formal,yes,yes
8272,17,female,ba,3rd year,high school,yes,no
8273,17,female,b.sc,1st year,no formal,yes,no
8274,21,female,b.tech,3rd year,post graduate,yes,yes
8275,17,female,b.com,4th year,no formal,no,yes
8276,23,other,nursing,1st year,high school,no,no
8277,23,male,nursing,1st year,post graduate,yes,yes
8278,22,male,b.com,2nd year,phd,yes,no
8279,18,other,pharmacy,4th year,high school,no,yes
8280,23,other,nursing,1st year,high school,yes,no
8281,22,female,pharmacy,3rd year,no formal,yes,no
8282,20,female,diploma,1st year,high school,no,no
8283,17,male,bca,1st year,post graduate,yes,yes
8284,21,male,pharmacy,1st year,phd,yes,no
8285,23,other,diploma,3rd year,graduate,yes,yes
8286,17,female,nursing,3rd year,no formal,no,yes
8287,17,male,ba,2nd year,high school,no,no
8288,20,other,b.com,3rd year,graduate,no,yes
8289,21,female,bca,4th year,post graduate,yes,yes
8290,20,female,ba,4th year,graduate,yes,no
8291,20,other,ba,3rd year,phd,no,no
8292,19,other,diploma,3rd year,graduate,no,no
8293,17,male,bca,1st year,graduate,no,yes
8294,17,female,b.com,3rd year,no formal,yes,yes
8295,17,male,b.com,3rd year,phd,yes,yes
8296,22,other,bba,4th year,no formal,yes,no
8297,23,other,b.com,3rd year,high school,yes,yes
8298,20,female,b.com,1st year,graduate,yes,no
8299,17,male,b.sc,3rd year,phd,yes,no
8300,20,other,bca,3rd year,graduate,yes,no
8301,24,female,ba,4th year,graduate,yes,yes
8302,18,male,ba,2nd year,phd,no,yes
8303,20,female,b.sc,4th year,high school,yes,yes
8304,21,female,b.tech,2nd year,post graduate,no,yes
8305,19,male,diploma,2nd year,no formal,yes,no
8306,20,other,pharmacy,4th year,graduate,no,no
8307,20,other,b.com,1st year,post graduate,yes,yes
8308,20,male,nursing,1st year,high school,yes,yes
8309,22,other,bca,4th year,post graduate,yes,yes
8310,21,female,b.com,4th year,phd,yes,yes
8311,17,other,bca,1st year,no formal,yes,no
8312,17,other,b.sc,4th year,no formal,yes,no
8313,20,female,ba,3rd year,no formal,yes,no
8314,24,other,diploma,4th year,phd,yes,yes
8315,17,other,nursing,2nd year,high school,yes,no
8316,17,other,b.sc,3rd year,phd,yes,yes
8317,22,female,pharmacy,1st year,high school,yes,yes
8318,20,other,bca,3rd year,phd,no,no
8319,18,other,b.com,2nd year,graduate,yes,yes
8320,18,other,nursing,2nd year,high school,yes,no
8321,22,male,nursing,2nd year,graduate,yes,yes
8322,21,female,b.com,2nd year,no formal,yes,no
8323,22,female,b.tech,1st year,no formal,no,no
8324,19,female,b.com,4th year,post graduate,no,yes
8325,21,female,diploma,2nd year,post graduate,yes,yes
8326,23,other,b.tech,2nd year,graduate,yes,yes
8327,19,female,b.com,4th year,phd,yes,no
8328,20,other,b.com,2nd year,high school,yes,yes
8329,18,other,b.tech,3rd year,high school,yes,no
8330,22,male,bca,4th year,graduate,yes,yes
8331,17,female,nursing,4th year,high school,yes,no
8332,18,female,b.sc,2nd year,post graduate,no,no
8333,22,other,nursing,3rd year,phd,yes,no
8334,17,female,pharmacy,4th year,high school,yes,yes
8335,24,female,nursing,3rd year,graduate,yes,no
8336,20,other,diploma,2nd year,high school,yes,no
8337,20,male,bba,3rd year,graduate,yes,no
8338,21,female,b.sc,1st year,post graduate,yes,no
8339,22,other,pharmacy,4th year,graduate,no,yes
8340,20,other,bba,3rd year,no formal,yes,yes
8341,24,male,bba,2nd year,phd,no,yes
8342,24,other,ba,2nd year,post graduate,no,no
8343,18,male,b.sc,1st year,post graduate,yes,no
8344,22,male,ba,4th year,post graduate,yes,yes
8345,19,other,nursing,3rd year,no formal,yes,yes
8346,24,female,bca,1st year,phd,yes,yes
8347,19,female,ba,2nd year,no formal,yes,no
8348,19,female,b.tech,1st year,post graduate,yes,yes
8349,22,other,ba,2nd year,phd,yes,no
8350,23,male,b.sc,4th year,graduate,yes,no
8351,18,male,ba,3rd year,post graduate,yes,yes
8352,21,female,b.sc,2nd year,phd,no,no
8353,19,other,pharmacy,3rd year,graduate,yes,no
8354,21,female,b.sc,3rd year,graduate,yes,no
8355,21,other,b.sc,1st year,phd,yes,yes
8356,24,other,bca,1st year,post graduate,yes,no
8357,24,other,ba,4th year,no formal,yes,yes
8358,22,female,pharmacy,4th year,no formal,yes,yes
8359,22,female,ba,1st year,post graduate,yes,yes
8360,24,male,bca,4th year,post graduate,yes,yes
8361,18,male,nursing,1st year,phd,yes,yes
8362,22,female,pharmacy,3rd year,no formal,yes,no
8363,23,other,nursing,4th year,no formal,no,yes
8364,18,other,bca,1st year,no formal,yes,no
8365,24,female,nursing,4th year,high school,yes,no
8366,22,female,b.com,4th year,graduate,yes,yes
8367,19,other,nursing,2nd year,high school,yes,yes
8368,20,male,nursing,4th year,no formal,yes,yes
8369,20,male,ba,1st year,graduate,yes,no
8370,24,other,b.tech,3rd year,high school,yes,no
8371,24,female,diploma,2nd year,high school,yes,no
8372,23,male,b.tech,3rd year,post graduate,yes,no
8373,22,male,b.tech,2nd year,high school,yes,yes
8374,17,male,pharmacy,2nd year,graduate,yes,yes
8375,24,male,bca,3rd year,no formal,no,yes
8376,18,female,bca,1st year,post graduate,no,yes
8377,18,other,nursing,4th year,graduate,no,no
8378,17,other,pharmacy,3rd year,post graduate,yes,no
8379,24,other,pharmacy,2nd year,high school,yes,no
8380,20,other,b.sc,3rd year,graduate,yes,yes
8381,18,male,b.com,2nd year,graduate,yes,yes
8382,17,male,diploma,3rd year,phd,yes,no
8383,20,male,b.tech,3rd year,no formal,yes,yes
8384,22,other,b.com,4th year,high school,no,yes
8385,24,female,bba,2nd year,phd,yes,yes
8386,21,other,ba,2nd year,no formal,yes,yes
8387,21,female,b.sc,2nd year,high school,yes,yes
8388,23,other,pharmacy,4th year,high school,yes,yes
8389,24,female,bba,4th year,post graduate,yes,yes
8390,19,other,ba,1st year,post graduate,yes,yes
8391,24,male,bca,1st year,phd,yes,yes
8392,21,other,diploma,4th year,no formal,yes,no
8393,24,female,bba,1st year,high school,yes,yes
8394,17,male,nursing,1st year,graduate,yes,yes
8395,17,male,b.com,1st year,post graduate,yes,no
8396,24,male,nursing,1st year,graduate,yes,no
8397,22,male,nursing,1st year,graduate,yes,yes
8398,18,other,b.tech,3rd year,phd,no,yes
8399,24,male,diploma,3rd year,no formal,yes,no
8400,17,female,b.sc,1st year,phd,yes,yes
8401,22,female,bba,3rd year,post graduate,yes,yes
8402,18,female,pharmacy,1st year,high school,yes,yes
8403,17,female,b.sc,3rd year,graduate,yes,no
8404,23,other,bca,3rd year,high school,yes,yes
8405,23,other,diploma,2nd year,high school,yes,no
8406,17,other,bba,2nd year,post graduate,yes,no
8407,17,female,b.tech,4th year,high school,yes,yes
8408,21,other,b.tech,4th year,phd,no,no
8409,17,male,bba,4th year,no formal,yes,yes
8410,22,other,b.tech,1st year,no formal,yes,no
8411,24,male,b.tech,2nd year,phd,no,yes
8412,23,male,pharmacy,2nd year,post graduate,yes,yes
8413,18,other,bba,1st year,graduate,yes,no
8414,18,other,bba,2nd year,high school,yes,no
8415,22,male,b.tech,1st year,high school,yes,yes
8416,17,other,nursing,2nd year,no formal,yes,no
8417,21,male,bba,3rd year,phd,yes,yes
8418,20,male,b.sc,2nd year,high school,yes,yes
8419,22,other,diploma,3rd year,phd,yes,yes
8420,18,male,b.com,2nd year,post graduate,yes,no
8421,23,male,bba,2nd year,high school,yes,yes
8422,22,other,bca,2nd year,post graduate,yes,yes
8423,18,female,b.com,1st year,graduate,yes,yes
8424,19,female,nursing,1st year,graduate,no,no
8425,17,other,diploma,1st year,post graduate,yes,yes
8426,20,male,b.com,3rd year,post graduate,no,yes
8427,19,other,b.sc,1st year,high school,yes,no
8428,17,male,b.com,2nd year,graduate,yes,no
8429,21,female,bba,1st year,phd,yes,yes
8430,21,male,bba,2nd year,high school,yes,no
8431,17,male,ba,2nd year,post graduate,yes,yes
8432,18,male,b.tech,1st year,phd,yes,yes
8433,17,female,diploma,3rd year,post graduate,yes,yes
8434,22,other,ba,4th year,no formal,yes,no
8435,19,male,ba,3rd year,phd,yes,no
8436,17,female,bca,1st year,phd,yes,no
8437,18,other,nursing,4th year,post graduate,yes,no
8438,24,other,b.tech,4th year,post graduate,yes,no
8439,19,other,pharmacy,4th year,no formal,yes,no
8440,22,male,bca,1st year,post graduate,yes,yes
8441,20,female,bba,1st year,phd,yes,no
8442,18,female,b.tech,4th year,graduate,yes,yes
8443,19,female,diploma,4th year,graduate,yes,yes
8444,17,male,diploma,2nd year,phd,no,yes
8445,22,male,bca,2nd year,post graduate,no,no
8446,19,other,nursing,3rd year,no formal,yes,no
8447,20,male,nursing,4th year,no formal,yes,yes
8448,18,other,nursing,2nd year,graduate,yes,no
8449,23,male,b.com,3rd year,post graduate,no,no
8450,18,female,diploma,4th year,high school,yes,no
8451,21,female,b.tech,2nd year,no formal,yes,no
8452,23,other,bca,2nd year,post graduate,yes,yes
8453,22,other,b.sc,1st year,high school,no,yes
8454,21,male,b.com,3rd year,post graduate,yes,yes
8455,24,other,diploma,2nd year,post graduate,yes,yes
8456,18,male,ba,1st year,high school,yes,yes
8457,24,other,nursing,3rd year,post graduate,yes,yes
8458,21,other,b.tech,3rd year,no formal,yes,no
8459,20,male,pharmacy,1st year,high school,no,yes
8460,19,female,diploma,3rd year,graduate,yes,no
8461,22,other,ba,3rd year,phd,yes,yes
8462,24,other,b.tech,2nd year,phd,yes,yes
8463,22,female,b.tech,2nd year,post graduate,yes,no
8464,17,male,ba,3rd year,post graduate,yes,no
8465,20,female,bca,4th year,graduate,no,no
8466,22,other,bba,4th year,graduate,yes,no
8467,20,female,b.com,2nd year,graduate,yes,no
8468,23,male,bca,3rd year,phd,yes,yes
8469,22,male,bca,2nd year,post graduate,yes,yes
8470,17,male,ba,1st year,phd,yes,no
8471,21,female,b.com,4th year,graduate,yes,yes
8472,18,female,ba,2nd year,post graduate,no,yes
8473,20,female,diploma,2nd year,phd,yes,no
8474,20,other,bca,3rd year,graduate,yes,yes
8475,23,female,b.sc,3rd year,post graduate,yes,no
8476,23,female,pharmacy,2nd year,graduate,yes,yes
8477,20,female,b.sc,1st year,graduate,no,yes
8478,21,female,diploma,3rd year,high school,yes,yes
8479,22,other,b.tech,4th year,phd,no,yes
8480,22,male,b.com,1st year,phd,yes,yes
8481,22,female,bca,1st year,phd,yes,no
8482,23,male,nursing,4th year,high school,yes,yes
8483,24,male,bca,3rd year,phd,yes,yes
8484,23,male,b.tech,3rd year,post graduate,yes,yes
8485,18,female,pharmacy,2nd year,high school,no,yes
8486,20,other,b.com,2nd year,phd,yes,yes
8487,20,other,ba,1st year,graduate,yes,yes
8488,21,male,b.tech,4th year,graduate,yes,no
8489,21,other,diploma,3rd year,post graduate,yes,no
8490,22,male,bba,4th year,no formal,yes,yes
8491,20,male,b.sc,4th year,graduate,yes,yes
8492,19,female,bca,1st year,no formal,yes,yes
8493,20,other,b.sc,4th year,graduate,yes,no
8494,23,female,bba,2nd year,post graduate,no,yes
8495,19,male,bca,2nd year,phd,yes,yes
8496,17,female,nursing,2nd year,high school,no,no
8497,24,male,diploma,2nd year,phd,no,yes
8498,18,male,bca,2nd year,no formal,yes,yes
8499,21,male,b.tech,3rd year,no formal,yes,yes
8500,23,female,b.com,2nd year,high school,yes,yes
8501,19,male,bca,3rd year,high school,yes,yes
8502,19,other,bba,2nd year,graduate,yes,yes
8503,19,male,bba,2nd year,no formal,no,yes
8504,18,male,diploma,1st year,graduate,yes,yes
8505,18,other,pharmacy,4th year,phd,yes,yes
8506,18,other,bba,1st year,no formal,yes,no
8507,20,female,b.sc,3rd year,graduate,yes,yes
8508,21,male,ba,2nd year,post graduate,yes,no
8509,17,male,b.com,4th year,graduate,yes,no
8510,23,other,bba,1st year,graduate,yes,no
8511,22,other,bca,2nd year,no formal,yes,no
8512,17,other,bba,3rd year,graduate,yes,no
8513,23,other,bca,4th year,phd,yes,no
8514,17,male,b.com,1st year,phd,yes,yes
8515,21,other,b.sc,4th year,post graduate,no,yes
8516,20,female,nursing,1st year,no formal,yes,yes
8517,21,other,ba,2nd year,no formal,yes,yes
8518,24,female,b.sc,4th year,graduate,yes,yes
8519,24,other,pharmacy,2nd year,high school,yes,no
8520,19,other,b.tech,3rd year,no formal,yes,no
8521,21,other,ba,2nd year,no formal,yes,yes
8522,24,female,diploma,4th year,no formal,yes,yes
8523,22,male,ba,1st year,no formal,yes,no
8524,24,female,nursing,4th year,post graduate,yes,yes
8525,20,female,ba,1st year,graduate,no,yes
8526,19,male,bca,3rd year,post graduate,no,no
8527,21,other,ba,2nd year,high school,yes,no
8528,23,male,bba,4th year,post graduate,yes,yes
8529,24,female,bba,3rd year,no formal,yes,no
8530,22,other,pharmacy,1st year,phd,yes,yes
8531,22,other,diploma,1st year,no formal,no,no
8532,21,female,ba,3rd year,post graduate,no,yes
8533,19,other,ba,3rd year,post graduate,no,yes
8534,20,other,ba,3rd year,no formal,yes,yes
8535,20,male,diploma,2nd year,no formal,yes,yes
8536,23,other,bca,3rd year,post graduate,no,yes
8537,21,female,bba,4th year,no formal,yes,yes
8538,23,female,ba,1st year,post graduate,yes,no
8539,17,male,ba,3rd year,post graduate,no,no
8540,23,female,bba,4th year,post graduate,yes,yes
8541,21,other,nursing,1st year,phd,yes,yes
8542,24,other,pharmacy,2nd year,graduate,yes,yes
8543,20,other,b.tech,3rd year,graduate,yes,yes
8544,20,other,b.com,4th year,phd,yes,yes
8545,18,female,diploma,3rd year,phd,yes,yes
8546,23,other,b.sc,4th year,graduate,yes,no
8547,22,male,bca,3rd year,graduate,yes,no
8548,23,other,ba,4th year,post graduate,yes,no
8549,17,male,b.sc,3rd year,graduate,yes,yes
8550,18,female,bba,2nd year,graduate,yes,no
8551,24,other,bba,3rd year,phd,yes,no
8552,17,other,diploma,2nd year,post graduate,no,no
8553,21,other,nursing,3rd year,graduate,yes,yes
8554,20,other,pharmacy,3rd year,high school,yes,yes
8555,24,female,ba,1st year,post graduate,yes,yes
8556,23,male,diploma,3rd year,no formal,yes,yes
8557,24,other,nursing,1st year,post graduate,yes,no
8558,19,female,pharmacy,2nd year,graduate,no,no
8559,21,other,bca,3rd year,phd,no,yes
8560,22,female,b.com,3rd year,graduate,no,yes
8561,24,other,ba,1st year,high school,yes,yes
8562,17,female,b.sc,4th year,no formal,yes,yes
8563,24,male,b.sc,3rd year,no formal,no,yes
8564,19,male,b.com,2nd year,post graduate,no,yes
8565,18,other,bba,2nd year,no formal,yes,yes
8566,21,other,nursing,1st year,phd,yes,no
8567,23,male,b.com,2nd year,graduate,yes,yes
8568,18,other,b.sc,3rd year,phd,yes,yes
8569,17,other,b.sc,4th year,graduate,yes,no
8570,24,female,b.sc,3rd year,high school,yes,yes
8571,24,other,ba,2nd year,no formal,yes,yes
8572,18,male,ba,4th year,graduate,no,no
8573,24,female,ba,3rd year,phd,yes,yes
8574,24,female,b.com,3rd year,phd,no,yes
8575,24,female,bba,3rd year,graduate,no,no
8576,18,male,bca,2nd year,phd,no,no
8577,21,female,b.tech,1st year,no formal,yes,yes
8578,24,female,pharmacy,3rd year,no formal,yes,yes
8579,24,male,b.com,4th year,no formal,yes,yes
8580,21,female,b.sc,4th year,no formal,yes,yes
8581,18,female,b.sc,4th year,no formal,yes,yes
8582,17,other,bba,2nd year,no formal,yes,yes
8583,19,female,bba,4th year,post graduate,yes,yes
8584,17,female,b.tech,1st year,graduate,yes,no
8585,18,female,bba,2nd year,post graduate,yes,yes
8586,17,female,b.sc,3rd year,post graduate,yes,no
8587,23,male,pharmacy,2nd year,post graduate,no,yes
8588,21,other,b.com,1st year,no formal,yes,yes
8589,21,female,pharmacy,1st year,no formal,no,no
8590,23,female,bca,4th year,post graduate,yes,yes
8591,20,male,pharmacy,2nd year,phd,yes,no
8592,20,other,bba,1st year,no formal,yes,yes
8593,18,female,b.sc,3rd year,post graduate,yes,yes
8594,20,male,bca,2nd year,no formal,yes,no
8595,18,male,bba,2nd year,no formal,no,yes
8596,21,female,nursing,4th year,graduate,yes,no
8597,24,other,ba,3rd year,post graduate,yes,yes
8598,21,male,b.sc,1st year,graduate,yes,no
8599,19,male,b.sc,4th year,graduate,yes,yes
8600,22,female,diploma,1st year,high school,yes,yes
8601,23,female,b.com,3rd year,post graduate,yes,yes
8602,20,other,diploma,1st year,high school,yes,no
8603,19,other,b.sc,2nd year,post graduate,yes,no
8604,22,female,b.tech,4th year,high school,yes,yes
8605,18,female,diploma,1st year,graduate,yes,yes
8606,24,female,ba,4th year,phd,no,yes
8607,19,female,bca,2nd year,high school,no,no
8608,19,male,b.tech,2nd year,phd,yes,yes
8609,22,female,b.sc,4th year,no formal,yes,no
8610,17,other,b.tech,3rd year,graduate,yes,no
8611,18,female,b.com,2nd year,graduate,yes,yes
8612,18,female,b.com,3rd year,phd,no,yes
8613,20,other,ba,2nd year,high school,no,no
8614,21,male,b.com,1st year,graduate,yes,yes
8615,18,male,bba,2nd year,graduate,no,yes
8616,19,other,pharmacy,1st year,no formal,yes,no
8617,23,other,b.tech,2nd year,phd,yes,yes
8618,24,female,pharmacy,4th year,graduate,yes,yes
8619,17,other,ba,3rd year,graduate,yes,yes
8620,22,female,bca,1st year,phd,yes,no
8621,17,other,diploma,3rd year,no formal,yes,no
8622,21,male,diploma,3rd year,post graduate,no,no
8623,24,other,pharmacy,2nd year,no formal,yes,yes
8624,23,male,pharmacy,1st year,phd,yes,yes
8625,18,male,b.tech,3rd year,phd,yes,no
8626,19,other,ba,3rd year,graduate,yes,no
8627,23,male,bba,2nd year,high school,yes,yes
8628,23,female,bba,1st year,phd,yes,yes
8629,19,other,pharmacy,1st year,high school,yes,no
8630,17,other,bca,1st year,post graduate,yes,no
8631,20,female,ba,3rd year,graduate,yes,yes
8632,21,male,pharmacy,1st year,phd,yes,no
8633,20,male,diploma,1st year,post graduate,yes,yes
8634,24,female,nursing,4th year,phd,no,no
8635,23,female,bca,2nd year,post graduate,no,no
8636,23,other,b.tech,1st year,high school,yes,no
8637,17,other,pharmacy,4th year,phd,yes,yes
8638,23,female,diploma,2nd year,post graduate,no,yes
8639,23,female,b.sc,1st year,post graduate,yes,yes
8640,20,female,b.com,2nd year,high school,no,yes
8641,21,male,ba,1st year,graduate,yes,yes
8642,23,female,b.com,2nd year,phd,yes,no
8643,24,other,bca,4th year,high school,yes,yes
8644,21,other,bba,4th year,graduate,yes,yes
8645,17,other,b.sc,2nd year,high school,yes,no
8646,21,other,diploma,2nd year,no formal,yes,yes
8647,22,female,b.com,3rd year,post graduate,yes,no
8648,17,female,b.sc,3rd year,graduate,yes,yes
8649,23,other,pharmacy,4th year,high school,no,no
8650,18,female,b.com,3rd year,no formal,yes,yes
8651,24,other,b.com,1st year,no formal,yes,yes
8652,21,female,diploma,4th year,graduate,yes,no
8653,19,male,diploma,2nd year,high school,yes,no
8654,17,male,b.sc,4th year,no formal,yes,yes
8655,17,male,b.tech,4th year,graduate,no,yes
8656,22,male,nursing,1st year,phd,yes,yes
8657,20,other,bba,3rd year,phd,no,no
8658,23,other,bba,4th year,graduate,yes,yes
8659,18,other,ba,2nd year,graduate,yes,yes
8660,24,male,bca,4th year,phd,no,no
8661,24,female,diploma,3rd year,post graduate,no,yes
8662,17,male,b.tech,4th year,no formal,yes,yes
8663,22,male,b.com,4th year,graduate,no,yes
8664,24,female,pharmacy,4th year,high school,yes,no
8665,19,other,b.sc,1st year,no formal,yes,yes
8666,17,male,pharmacy,3rd year,phd,yes,no
8667,24,female,ba,4th year,graduate,yes,yes
8668,20,male,b.sc,2nd year,post graduate,no,yes
8669,17,other,bca,1st year,post graduate,yes,yes
8670,23,male,bca,2nd year,no formal,yes,no
8671,22,female,ba,3rd year,high school,yes,yes
8672,17,male,nursing,4th year,phd,yes,yes
8673,19,female,b.tech,4th year,high school,yes,yes
8674,17,female,b.sc,4th year,no formal,no,yes
8675,24,female,bca,4th year,post graduate,no,yes
8676,17,other,bca,1st year,high school,yes,yes
8677,23,other,diploma,4th year,phd,yes,yes
8678,21,female,nursing,3rd year,post graduate,yes,no
8679,21,other,pharmacy,1st year,post graduate,yes,yes
8680,23,female,bba,1st year,post graduate,yes,no
8681,24,male,bba,2nd year,no formal,yes,yes
8682,18,female,pharmacy,2nd year,post graduate,yes,yes
8683,17,other,pharmacy,1st year,no formal,yes,no
8684,17,male,b.tech,2nd year,no formal,no,yes
8685,22,female,bba,3rd year,phd,yes,no
8686,21,female,pharmacy,2nd year,high school,yes,no
8687,17,male,b.tech,3rd year,post graduate,yes,yes
8688,18,female,pharmacy,3rd year,high school,no,yes
8689,21,female,diploma,2nd year,post graduate,yes,yes
8690,22,female,b.sc,1st year,graduate,yes,no
8691,19,other,bca,2nd year,graduate,yes,yes
8692,24,female,ba,3rd year,no formal,yes,no
8693,24,female,ba,2nd year,graduate,yes,no
8694,23,male,bca,3rd year,post graduate,no,yes
8695,20,male,diploma,4th year,post graduate,yes,yes
8696,24,other,pharmacy,4th year,phd,yes,no
8697,22,other,ba,3rd year,graduate,no,yes
8698,21,other,b.sc,1st year,phd,yes,yes
8699,20,male,nursing,3rd year,post graduate,yes,no
8700,23,other,ba,2nd year,post graduate,yes,no
8701,21,male,diploma,2nd year,no formal,no,yes
8702,18,male,nursing,3rd year,high school,yes,yes
8703,24,male,b.tech,4th year,graduate,no,no
8704,17,other,ba,3rd year,graduate,yes,yes
8705,22,female,b.tech,2nd year,graduate,yes,yes
8706,22,female,bca,2nd year,phd,yes,yes
8707,21,other,nursing,2nd year,graduate,yes,yes
8708,17,male,bca,2nd year,no formal,no,yes
8709,20,male,b.com,4th year,graduate,no,yes
8710,24,other,pharmacy,4th year,high school,yes,no
8711,18,female,b.tech,2nd year,no formal,yes,yes
8712,22,other,b.sc,2nd year,high school,yes,yes
8713,23,female,ba,4th year,no formal,yes,no
8714,24,male,pharmacy,1st year,post graduate,yes,yes
8715,21,female,pharmacy,2nd year,graduate,yes,no
8716,19,other,bca,4th year,phd,yes,no
8717,22,male,pharmacy,4th year,no formal,yes,yes
8718,20,male,pharmacy,4th year,graduate,yes,no
8719,22,female,bca,4th year,phd,yes,yes
8720,22,female,b.sc,1st year,graduate,yes,yes
8721,22,female,pharmacy,1st year,high school,yes,no
8722,18,male,bca,4th year,post graduate,yes,no
8723,23,other,b.sc,2nd year,high school,yes,yes
8724,21,male,nursing,2nd year,phd,yes,no
8725,24,male,ba,2nd year,post graduate,yes,yes
8726,22,other,nursing,4th year,high school,yes,no
8727,24,female,b.com,2nd year,no formal,yes,yes
8728,24,female,b.tech,3rd year,post graduate,no,yes
8729,24,female,bba,3rd year,phd,yes,yes
8730,22,male,bba,2nd year,phd,no,no
8731,21,female,nursing,4th year,post graduate,no,yes
8732,17,other,b.sc,4th year,phd,no,yes
8733,20,male,pharmacy,2nd year,phd,no,yes
8734,20,other,b.sc,4th year,high school,no,yes
8735,23,male,pharmacy,3rd year,phd,yes,yes
8736,21,other,diploma,1st year,no formal,yes,yes
8737,20,other,ba,4th year,phd,yes,yes
8738,18,other,pharmacy,3rd year,phd,yes,no
8739,22,female,ba,4th year,graduate,yes,yes
8740,20,other,bca,4th year,phd,yes,no
8741,17,other,b.tech,4th year,no formal,yes,no
8742,19,female,b.tech,3rd year,no formal,yes,yes
8743,24,other,ba,1st year,high school,yes,yes
8744,17,female,b.com,2nd year,no formal,yes,no
8745,20,other,b.com,1st year,high school,yes,no
8746,21,other,ba,1st year,no formal,no,yes
8747,17,female,bca,3rd year,graduate,no,yes
8748,18,male,b.sc,4th year,post graduate,yes,no
8749,24,male,diploma,4th year,no formal,yes,no
8750,21,male,nursing,2nd year,high school,yes,no
8751,18,female,nursing,2nd year,post graduate,yes,yes
8752,18,female,b.sc,3rd year,high school,yes,yes
8753,20,other,nursing,2nd year,high school,yes,yes
8754,22,male,b.sc,3rd year,post graduate,yes,yes
8755,22,male,b.tech,4th year,high school,yes,yes
8756,18,female,diploma,1st year,high school,yes,yes
8757,22,male,diploma,2nd year,phd,yes,no
8758,24,other,b.sc,1st year,phd,yes,yes
8759,18,male,ba,4th year,phd,yes,yes
8760,17,female,ba,1st year,graduate,no,yes
8761,24,other,diploma,3rd year,no formal,yes,yes
8762,21,female,bba,1st year,graduate,no,yes
8763,23,other,bca,2nd year,post graduate,yes,yes
8764,19,female,b.tech,4th year,phd,yes,yes
8765,19,other,pharmacy,4th year,no formal,yes,yes
8766,18,other,bca,1st year,no formal,no,yes
8767,18,female,diploma,3rd year,high school,yes,yes
8768,20,male,bba,1st year,no formal,no,yes
8769,17,other,b.com,3rd year,no formal,yes,yes
8770,23,male,diploma,3rd year,graduate,yes,no
8771,21,female,b.com,4th year,high school,yes,yes
8772,24,female,b.sc,4th year,graduate,yes,no
8773,21,other,bba,2nd year,phd,yes,yes
8774,19,female,ba,1st year,graduate,yes,yes
8775,21,female,pharmacy,2nd year,graduate,yes,no
8776,18,female,bca,1st year,phd,yes,yes
8777,23,other,ba,1st year,post graduate,yes,yes
8778,22,female,b.tech,3rd year,phd,yes,yes
8779,18,other,ba,4th year,phd,yes,yes
8780,21,male,b.sc,3rd year,no formal,yes,no
8781,21,female,b.sc,3rd year,phd,yes,no
8782,18,other,b.com,3rd year,no formal,yes,no
8783,17,other,bca,4th year,high school,no,yes
8784,23,female,b.tech,1st year,graduate,yes,yes
8785,19,other,b.sc,3rd year,post graduate,yes,yes
8786,21,female,b.tech,4th year,phd,yes,no
8787,18,female,pharmacy,1st year,graduate,yes,yes
8788,22,other,pharmacy,3rd year,high school,yes,yes
8789,17,other,b.com,1st year,high school,yes,yes
8790,19,other,bba,4th year,high school,no,no
8791,21,other,b.com,3rd year,high school,yes,no
8792,20,male,bba,4th year,high school,yes,no
8793,21,female,bba,2nd year,post graduate,yes,no
8794,18,female,b.com,3rd year,phd,yes,no
8795,20,other,bca,4th year,graduate,yes,yes
8796,23,male,b.tech,1st year,no formal,yes,yes
8797,19,other,bca,4th year,post graduate,yes,yes
8798,18,male,diploma,3rd year,graduate,no,yes
8799,23,female,b.tech,3rd year,graduate,yes,no
8800,23,other,diploma,3rd year,no formal,yes,yes
8801,22,male,diploma,4th year,post graduate,yes,yes
8802,23,male,pharmacy,1st year,post graduate,no,no
8803,23,other,nursing,2nd year,high school,yes,yes
8804,22,male,b.tech,2nd year,high school,yes,yes
8805,21,other,b.tech,4th year,graduate,yes,no
8806,17,other,b.sc,1st year,graduate,yes,no
8807,21,female,bca,1st year,post graduate,yes,no
8808,19,other,diploma,4th year,no formal,yes,yes
8809,23,male,bca,2nd year,graduate,yes,no
8810,20,other,b.com,4th year,no formal,yes,yes
8811,24,male,b.sc,1st year,no formal,yes,yes
8812,21,other,b.tech,3rd year,no formal,yes,yes
8813,21,other,ba,4th year,post graduate,yes,yes
8814,24,male,b.com,4th year,phd,no,no
8815,20,other,b.com,2nd year,phd,no,no
8816,20,female,b.tech,3rd year,post graduate,yes,yes
8817,19,other,b.com,4th year,post graduate,yes,no
8818,24,female,nursing,4th year,no formal,yes,yes
8819,23,male,b.com,2nd year,no formal,yes,yes
8820,18,other,nursing,1st year,high school,yes,yes
8821,20,male,b.tech,2nd year,high school,yes,yes
8822,19,female,bca,2nd year,graduate,yes,yes
8823,22,male,b.tech,3rd year,post graduate,yes,no
8824,17,male,ba,3rd year,no formal,yes,no
8825,22,male,pharmacy,2nd year,no formal,yes,no
8826,22,male,diploma,4th year,phd,no,yes
8827,18,other,bba,1st year,graduate,yes,yes
8828,18,other,bca,4th year,high school,yes,no
8829,22,other,bca,3rd year,phd,yes,no
8830,19,male,nursing,4th year,post graduate,yes,no
8831,24,other,bca,3rd year,phd,yes,yes
8832,23,female,bba,4th year,post graduate,yes,yes
8833,24,other,b.tech,1st year,graduate,yes,no
8834,21,other,pharmacy,1st year,phd,no,no
8835,24,male,bca,3rd year,phd,yes,no
8836,17,other,b.com,1st year,post graduate,no,no
8837,19,female,b.sc,1st year,post graduate,no,yes
8838,17,female,bca,2nd year,no formal,no,yes
8839,22,female,nursing,2nd year,phd,yes,no
8840,21,male,nursing,3rd year,no formal,yes,no
8841,19,male,nursing,3rd year,no formal,yes,yes
8842,19,other,pharmacy,3rd year,graduate,yes,yes
8843,22,other,bca,4th year,no formal,no,yes
8844,18,female,pharmacy,1st year,no formal,yes,yes
8845,21,other,b.tech,4th year,graduate,no,yes
8846,21,female,ba,2nd year,high school,no,no
8847,18,male,bba,3rd year,no formal,no,yes
8848,18,other,diploma,4th year,phd,yes,yes
8849,19,other,b.com,2nd year,high school,no,yes
8850,21,male,b.com,1st year,high school,yes,yes
8851,19,other,pharmacy,4th year,phd,yes,yes
8852,20,female,bca,3rd year,post graduate,yes,yes
8853,21,other,bca,1st year,high school,yes,no
8854,18,male,b.sc,2nd year,high school,yes,yes
8855,21,female,bba,4th year,phd,yes,no
8856,18,male,ba,3rd year,no formal,yes,yes
8857,18,other,bca,4th year,post graduate,yes,no
8858,18,female,pharmacy,3rd year,no formal,yes,no
8859,19,male,b.com,1st year,no formal,yes,no
8860,17,other,nursing,1st year,no formal,yes,no
8861,24,other,bca,4th year,graduate,yes,yes
8862,19,female,bba,3rd year,high school,yes,yes
8863,23,other,pharmacy,3rd year,post graduate,yes,yes
8864,24,other,b.sc,3rd year,phd,no,yes
8865,23,female,diploma,2nd year,no formal,no,yes
8866,23,other,ba,2nd year,post graduate,yes,yes
8867,17,male,diploma,4th year,phd,yes,yes
8868,19,other,b.sc,4th year,no formal,yes,yes
8869,22,female,diploma,4th year,graduate,yes,no
8870,21,male,b.tech,4th year,no formal,yes,no
8871,17,other,ba,4th year,no formal,yes,no
8872,21,other,pharmacy,3rd year,phd,yes,yes
8873,23,other,bca,2nd year,high school,yes,no
8874,23,male,bba,1st year,no formal,yes,yes
8875,20,other,b.com,2nd year,phd,no,yes
8876,18,other,b.tech,2nd year,high school,yes,yes
8877,19,other,b.sc,1st year,high school,yes,yes
8878,19,female,diploma,2nd year,phd,yes,yes
8879,19,other,b.com,4th year,post graduate,yes,no
8880,19,other,b.tech,2nd year,graduate,yes,no
8881,20,male,ba,2nd year,phd,yes,yes
8882,17,male,ba,3rd year,high school,no,yes
8883,19,other,pharmacy,4th year,post graduate,yes,yes
8884,19,female,b.com,4th year,post graduate,yes,yes
8885,18,male,b.com,4th year,graduate,yes,no
8886,24,male,b.sc,1st year,high school,yes,yes
8887,22,other,b.sc,1st year,no formal,yes,yes
8888,24,male,bba,3rd year,graduate,no,yes
8889,21,male,b.com,4th year,phd,no,no
8890,17,female,diploma,3rd year,no formal,no,yes
8891,24,other,nursing,4th year,no formal,yes,no
8892,20,female,bba,3rd year,phd,no,yes
8893,22,female,b.com,2nd year,phd,yes,yes
8894,20,other,nursing,4th year,graduate,yes,yes
8895,20,female,pharmacy,4th year,graduate,yes,no
8896,20,other,pharmacy,2nd year,no formal,yes,yes
8897,19,male,pharmacy,3rd year,phd,yes,yes
8898,21,female,nursing,3rd year,graduate,no,yes
8899,22,male,diploma,1st year,no formal,no,yes
8900,17,other,pharmacy,2nd year,high school,yes,yes
8901,18,other,ba,1st year,phd,yes,yes
8902,23,other,pharmacy,2nd year,phd,yes,yes
8903,21,male,b.tech,3rd year,post graduate,yes,yes
8904,24,other,nursing,3rd year,no formal,yes,yes
8905,21,female,ba,4th year,no formal,yes,yes
8906,22,male,b.com,1st year,high school,no,yes
8907,24,female,diploma,4th year,post graduate,yes,no
8908,22,female,b.sc,1st year,post graduate,yes,yes
8909,19,female,pharmacy,2nd year,post graduate,yes,yes
8910,21,other,diploma,1st year,high school,yes,yes
8911,18,female,b.tech,1st year,high school,yes,yes
8912,19,male,nursing,1st year,high school,yes,yes
8913,22,female,b.tech,1st year,post graduate,yes,yes
8914,18,male,nursing,2nd year,post graduate,yes,yes
8915,22,male,nursing,2nd year,no formal,yes,no
8916,21,male,bca,1st year,post graduate,yes,yes
8917,19,other,bca,2nd year,high school,no,yes
8918,17,female,nursing,1st year,high school,yes,no
8919,22,male,nursing,3rd year,graduate,yes,no
8920,23,female,diploma,3rd year,graduate,yes,yes
8921,22,other,b.sc,1st year,phd,yes,yes
8922,20,female,bca,3rd year,graduate,yes,no
8923,22,other,b.sc,4th year,phd,yes,yes
8924,20,female,b.tech,4th year,phd,yes,no
8925,19,other,b.sc,1st year,phd,yes,yes
8926,19,female,bba,4th year,post graduate,no,yes
8927,18,female,pharmacy,2nd year,phd,yes,yes
8928,24,male,b.tech,4th year,graduate,yes,yes
8929,22,male,b.tech,1st year,high school,yes,yes
8930,18,other,b.tech,3rd year,phd,yes,yes
8931,23,other,b.sc,4th year,phd,yes,no
8932,18,female,bba,2nd year,high school,yes,yes
8933,21,female,nursing,3rd year,phd,no,no
8934,18,male,b.tech,1st year,graduate,no,no
8935,19,female,nursing,3rd year,high school,yes,no
8936,22,male,pharmacy,4th year,post graduate,no,no
8937,24,female,b.tech,2nd year,high school,yes,yes
8938,24,male,bba,4th year,graduate,no,yes
8939,24,other,nursing,3rd year,graduate,no,yes
8940,18,other,diploma,3rd year,graduate,yes,no
8941,17,male,b.sc,2nd year,no formal,yes,yes
8942,24,male,b.sc,3rd year,no formal,yes,yes
8943,24,other,bba,4th year,no formal,no,yes
8944,19,male,nursing,1st year,post graduate,yes,yes
8945,17,female,pharmacy,4th year,phd,yes,yes
8946,22,male,bba,1st year,post graduate,yes,yes
8947,17,female,bba,4th year,graduate,yes,yes
8948,17,male,bca,3rd year,phd,no,yes
8949,24,male,bba,4th year,no formal,yes,yes
8950,20,female,bca,1st year,no formal,yes,yes
8951,17,male,b.com,1st year,phd,yes,no
8952,22,other,bba,2nd year,phd,no,no
8953,19,female,bca,4th year,graduate,yes,yes
8954,21,female,bca,4th year,no formal,no,no
8955,24,female,pharmacy,4th year,no formal,yes,yes
8956,18,other,diploma,4th year,post graduate,yes,yes
8957,22,other,diploma,4th year,high school,yes,no
8958,23,male,nursing,4th year,graduate,yes,yes
8959,20,other,bba,1st year,post graduate,no,yes
8960,24,female,b.com,1st year,graduate,yes,no
8961,20,other,bba,1st year,graduate,yes,no
8962,20,other,pharmacy,2nd year,phd,no,yes
8963,24,other,nursing,2nd year,phd,yes,yes
8964,22,other,ba,3rd year,graduate,no,no
8965,23,male,bba,3rd year,high school,yes,no
8966,23,other,b.com,3rd year,no formal,yes,no
8967,22,other,b.tech,3rd year,no formal,yes,no
8968,18,male,b.com,4th year,graduate,no,no
8969,20,male,b.tech,1st year,phd,yes,yes
8970,23,female,ba,2nd year,graduate,yes,yes
8971,21,female,b.tech,2nd year,phd,yes,no
8972,19,other,b.com,1st year,post graduate,yes,yes
8973,19,female,diploma,4th year,no formal,no,yes
8974,23,male,nursing,2nd year,high school,yes,yes
8975,18,female,nursing,1st year,graduate,yes,no
8976,17,other,bca,3rd year,no formal,yes,yes
8977,23,other,bba,1st year,no formal,no,yes
8978,19,male,pharmacy,2nd year,high school,yes,yes
8979,23,other,bca,3rd year,phd,yes,yes
8980,21,male,b.tech,2nd year,post graduate,no,yes
8981,24,other,pharmacy,4th year,graduate,yes,no
8982,21,other,bca,2nd year,graduate,no,no
8983,23,male,bca,1st year,graduate,yes,yes
8984,23,other,b.tech,2nd year,phd,yes,yes
8985,18,female,bba,1st year,high school,yes,yes
8986,24,other,bba,3rd year,high school,yes,no
8987,22,male,nursing,3rd year,high school,yes,yes
8988,17,other,ba,1st year,graduate,yes,yes
8989,17,other,ba,2nd year,high school,yes,yes
8990,19,male,diploma,4th year,phd,yes,yes
8991,17,female,b.tech,4th year,post graduate,no,no
8992,19,female,diploma,3rd year,high school,yes,yes
8993,24,male,b.tech,4th year,high school,yes,yes
8994,20,other,b.com,1st year,graduate,yes,yes
8995,17,male,bba,3rd year,phd,yes,no
8996,20,male,b.sc,1st year,phd,yes,yes
8997,18,female,b.tech,3rd year,graduate,yes,yes
8998,23,female,ba,1st year,no formal,yes,yes
8999,17,male,diploma,2nd year,no formal,yes,no
9000,23,other,b.com,1st year,graduate,yes,no
9001,20,male,b.com,2nd year,post graduate,yes,no
9002,17,male,diploma,3rd year,high school,no,yes
9003,22,female,pharmacy,4th year,phd,yes,no
9004,20,other,bba,4th year,no formal,yes,yes
9005,23,male,bca,4th year,high school,yes,yes
9006,21,female,nursing,1st year,post graduate,yes,no
9007,23,other,b.tech,4th year,high school,yes,no
9008,20,other,pharmacy,2nd year,no formal,yes,yes
9009,17,male,bba,4th year,post graduate,yes,yes
9010,18,female,ba,4th year,phd,yes,yes
9011,20,other,bca,4th year,no formal,yes,no
9012,20,other,pharmacy,3rd year,graduate,yes,no
9013,23,female,pharmacy,4th year,phd,yes,no
9014,20,other,diploma,2nd year,no formal,yes,yes
9015,23,female,bba,1st year,no formal,yes,yes
9016,18,male,b.sc,2nd year,high school,yes,yes
9017,20,female,b.sc,1st year,graduate,yes,no
9018,23,female,nursing,1st year,phd,yes,no
9019,17,other,b.sc,1st year,graduate,no,yes
9020,19,other,bba,1st year,high school,yes,yes
9021,23,female,ba,4th year,phd,yes,yes
9022,21,other,diploma,4th year,high school,yes,yes
9023,23,male,ba,4th year,high school,no,yes
9024,21,other,diploma,3rd year,high school,yes,yes
9025,23,male,bba,4th year,no formal,yes,yes
9026,24,female,nursing,2nd year,graduate,yes,yes
9027,24,other,b.sc,4th year,phd,yes,no
9028,17,female,diploma,4th year,high school,no,yes
9029,21,other,diploma,1st year,no formal,yes,no
9030,17,female,nursing,2nd year,phd,yes,no
9031,18,male,bba,2nd year,no formal,no,yes
9032,19,female,b.com,1st year,no formal,yes,yes
9033,22,male,bba,1st year,post graduate,yes,yes
9034,20,female,pharmacy,4th year,no formal,no,no
9035,23,female,b.sc,1st year,phd,no,no
9036,19,male,bca,3rd year,graduate,yes,no
9037,21,female,b.com,4th year,post graduate,yes,no
9038,23,male,diploma,4th year,high school,yes,yes
9039,24,male,ba,2nd year,high school,yes,yes
9040,18,female,nursing,1st year,post graduate,yes,yes
9041,22,other,b.sc,2nd year,graduate,yes,no
9042,17,male,b.sc,2nd year,phd,no,yes
9043,21,male,pharmacy,4th year,phd,yes,yes
9044,20,male,ba,4th year,post graduate,no,no
9045,24,female,b.tech,1st year,post graduate,yes,no
9046,23,male,nursing,1st year,phd,yes,yes
9047,24,female,ba,4th year,graduate,no,yes
9048,23,other,pharmacy,4th year,phd,no,no
9049,20,male,ba,4th year,no formal,no,yes
9050,22,other,diploma,4th year,no formal,no,no
9051,17,female,bca,2nd year,graduate,yes,no
9052,21,female,bba,2nd year,no formal,yes,yes
9053,17,female,bba,1st year,graduate,yes,no
9054,22,other,b.com,4th year,post graduate,yes,no
9055,24,female,diploma,4th year,high school,no,yes
9056,22,other,bba,4th year,phd,yes,yes
9057,23,male,b.tech,3rd year,phd,yes,yes
9058,18,male,ba,4th year,phd,yes,no
9059,24,female,ba,1st year,post graduate,yes,no
9060,21,male,nursing,2nd year,post graduate,yes,yes
9061,22,male,ba,1st year,post graduate,no,yes
9062,23,male,bca,3rd year,no formal,yes,yes
9063,22,male,b.tech,1st year,phd,yes,yes
9064,19,male,ba,2nd year,post graduate,yes,yes
9065,21,other,b.com,2nd year,high school,yes,yes
9066,22,female,bba,1st year,post graduate,yes,yes
9067,23,male,pharmacy,1st year,graduate,yes,no
9068,20,male,pharmacy,4th year,phd,yes,no
9069,21,other,b.com,2nd year,graduate,yes,no
9070,21,other,bca,4th year,post graduate,yes,yes
9071,17,male,pharmacy,2nd year,no formal,no,yes
9072,17,female,b.com,1st year,no formal,yes,yes
9073,17,male,ba,1st year,phd,yes,yes
9074,22,female,bba,3rd year,post graduate,yes,yes
9075,20,female,b.tech,1st year,post graduate,no,no
9076,23,other,bba,4th year,graduate,yes,yes
9077,22,female,b.sc,2nd year,post graduate,no,yes
9078,18,other,b.com,3rd year,graduate,no,yes
9079,17,other,b.sc,2nd year,post graduate,no,yes
9080,19,other,diploma,1st year,post graduate,yes,yes
9081,24,other,nursing,3rd year,high school,yes,yes
9082,17,other,b.com,1st year,phd,yes,no
9083,18,male,b.tech,4th year,phd,no,yes
9084,17,other,bba,3rd year,post graduate,no,yes
9085,20,other,b.sc,2nd year,no formal,yes,no
9086,24,female,ba,4th year,no formal,yes,no
9087,22,other,bba,1st year,phd,yes,no
9088,20,other,bba,2nd year,no formal,no,no
9089,18,male,bba,3rd year,phd,yes,yes
9090,19,male,bca,2nd year,high school,yes,no
9091,21,other,b.sc,2nd year,no formal,yes,yes
9092,19,female,diploma,4th year,post graduate,yes,yes
9093,22,other,diploma,4th year,post graduate,no,yes
9094,24,female,b.sc,4th year,post graduate,yes,no
9095,18,female,ba,1st year,post graduate,yes,yes
9096,19,male,b.com,4th year,graduate,yes,yes
9097,18,male,ba,2nd year,high school,yes,yes
9098,22,male,diploma,4th year,graduate,yes,yes
9099,20,female,bca,2nd year,post graduate,yes,no
9100,19,male,pharmacy,3rd year,post graduate,yes,no
9101,18,other,bca,4th year,graduate,yes,yes
9102,17,male,b.tech,4th year,no formal,no,yes
9103,20,other,diploma,3rd year,graduate,yes,no
9104,22,male,b.tech,3rd year,graduate,yes,yes
9105,18,male,ba,1st year,post graduate,no,yes
9106,17,female,pharmacy,3rd year,phd,no,yes
9107,20,other,pharmacy,2nd year,post graduate,yes,yes
9108,22,other,b.sc,1st year,high school,yes,no
9109,19,female,pharmacy,4th year,no formal,yes,no
9110,19,female,pharmacy,2nd year,high school,yes,yes
9111,18,other,nursing,4th year,no formal,yes,no
9112,22,other,nursing,1st year,post graduate,yes,no
9113,23,other,b.tech,1st year,high school,no,yes
9114,23,male,b.sc,4th year,no formal,yes,yes
9115,21,female,bca,4th year,graduate,no,yes
9116,22,other,b.tech,1st year,graduate,no,no
9117,20,female,b.com,4th year,post graduate,yes,no
9118,17,male,pharmacy,2nd year,phd,yes,no
9119,19,female,pharmacy,1st year,no formal,yes,yes
9120,22,male,b.com,4th year,no formal,yes,yes
9121,22,female,bba,3rd year,phd,yes,yes
9122,24,female,bba,4th year,phd,yes,no
9123,24,other,b.com,1st year,high school,yes,no
9124,18,other,b.com,4th year,no formal,yes,no
9125,17,other,ba,2nd year,high school,yes,yes
9126,19,other,bca,3rd year,graduate,no,yes
9127,24,male,nursing,3rd year,no formal,yes,no
9128,23,other,nursing,1st year,no formal,yes,yes
9129,17,female,b.tech,4th year,no formal,yes,yes
9130,18,other,bca,2nd year,post graduate,no,yes
9131,21,male,bca,2nd year,graduate,yes,yes
9132,22,female,b.tech,4th year,phd,yes,no
9133,24,male,nursing,4th year,graduate,no,no
9134,23,female,bca,4th year,high school,yes,no
9135,18,male,diploma,2nd year,high school,yes,yes
9136,17,male,bca,2nd year,phd,no,yes
9137,22,male,ba,4th year,no formal,no,yes
9138,21,male,b.sc,2nd year,post graduate,yes,yes
9139,24,other,ba,3rd year,phd,no,no
9140,21,other,diploma,1st year,phd,no,yes
9141,21,male,bca,1st year,no formal,no,yes
9142,19,other,bca,3rd year,post graduate,yes,yes
9143,17,female,b.sc,4th year,phd,yes,no
9144,24,male,b.tech,2nd year,post graduate,yes,no
9145,23,other,diploma,3rd year,phd,yes,no
9146,18,male,pharmacy,1st year,phd,yes,no
9147,22,male,ba,3rd year,phd,yes,no
9148,19,male,bba,2nd year,post graduate,yes,yes
9149,20,male,pharmacy,1st year,no formal,yes,yes
9150,23,female,b.com,3rd year,phd,yes,yes
9151,23,male,bba,1st year,post graduate,no,no
9152,18,male,b.tech,3rd year,high school,no,yes
9153,19,female,b.com,1st year,post graduate,yes,yes
9154,23,female,ba,2nd year,no formal,yes,no
9155,24,other,diploma,1st year,phd,no,no
9156,17,male,b.com,2nd year,post graduate,yes,yes
9157,23,female,bba,1st year,post graduate,yes,no
9158,20,male,b.com,2nd year,high school,yes,yes
9159,21,other,b.sc,1st year,no formal,no,no
9160,17,male,nursing,3rd year,graduate,yes,yes
9161,22,other,diploma,2nd year,high school,no,yes
9162,22,other,bca,2nd year,phd,yes,yes
9163,22,male,bca,3rd year,phd,yes,no
9164,23,male,b.sc,4th year,post graduate,yes,yes
9165,24,male,bba,3rd year,post graduate,yes,yes
9166,23,female,diploma,2nd year,phd,no,no
9167,22,female,bba,2nd year,post graduate,yes,yes
9168,24,female,diploma,4th year,high school,yes,yes
9169,22,female,b.com,1st year,high school,no,yes
9170,22,other,bba,2nd year,high school,yes,yes
9171,21,female,ba,2nd year,high school,yes,yes
9172,23,male,pharmacy,3rd year,high school,yes,yes
9173,17,male,b.sc,3rd year,post graduate,yes,no
9174,21,other,b.com,3rd year,phd,no,no
9175,20,male,diploma,4th year,high school,yes,yes
9176,24,male,b.tech,1st year,graduate,yes,no
9177,17,male,bba,2nd year,phd,yes,no
9178,22,female,b.tech,2nd year,phd,yes,yes
9179,18,male,bba,1st year,no formal,no,no
9180,24,female,b.com,1st year,high school,yes,yes
9181,23,other,b.sc,3rd year,high school,yes,yes
9182,18,other,bba,3rd year,high school,no,no
9183,23,female,b.com,2nd year,phd,yes,yes
9184,20,other,b.tech,4th year,post graduate,no,yes
9185,24,female,bba,2nd year,no formal,yes,yes
9186,22,other,bca,3rd year,post graduate,yes,yes
9187,17,male,bca,4th year,graduate,yes,yes
9188,18,other,pharmacy,3rd year,graduate,no,no
9189,20,male,diploma,3rd year,post graduate,yes,yes
9190,18,male,nursing,2nd year,graduate,no,no
9191,18,male,bca,4th year,post graduate,no,no
9192,24,female,diploma,2nd year,graduate,yes,no
9193,23,female,nursing,2nd year,phd,yes,yes
9194,20,male,bca,3rd year,phd,no,no
9195,18,other,bba,3rd year,no formal,yes,no
9196,18,male,diploma,1st year,no formal,no,yes
9197,24,female,pharmacy,1st year,high school,yes,no
9198,19,female,bba,1st year,no formal,yes,yes
9199,17,female,b.com,1st year,no formal,yes,no
9200,20,other,ba,1st year,no formal,yes,yes
9201,20,other,b.tech,2nd year,phd,no,yes
9202,21,other,b.com,1st year,graduate,yes,no
9203,19,other,nursing,4th year,post graduate,no,yes
9204,24,other,b.tech,4th year,phd,yes,no
9205,22,female,nursing,4th year,no formal,no,no
9206,24,female,bca,1st year,post graduate,yes,yes
9207,19,male,b.com,3rd year,post graduate,yes,no
9208,22,other,bba,1st year,phd,yes,no
9209,19,other,nursing,3rd year,phd,yes,yes
9210,22,other,b.sc,1st year,post graduate,no,no
9211,22,other,bca,2nd year,post graduate,yes,no
9212,19,other,b.com,1st year,graduate,yes,yes
9213,24,other,bba,2nd year,graduate,no,no
9214,23,male,nursing,2nd year,graduate,yes,yes
9215,24,male,pharmacy,3rd year,phd,yes,no
9216,18,female,b.com,1st year,phd,yes,yes
9217,22,female,bca,3rd year,high school,yes,yes
9218,17,other,ba,1st year,no formal,yes,yes
9219,17,other,bba,1st year,high school,yes,no
9220,24,other,b.sc,1st year,graduate,no,no
9221,18,other,nursing,2nd year,high school,no,no
9222,23,male,b.sc,4th year,graduate,no,no
9223,20,female,b.tech,2nd year,graduate,yes,no
9224,19,male,diploma,3rd year,phd,yes,yes
9225,17,female,ba,3rd year,graduate,yes,no
9226,22,female,b.tech,3rd year,no formal,no,yes
9227,22,other,diploma,3rd year,graduate,yes,no
9228,20,male,b.com,1st year,no formal,yes,no
9229,23,female,pharmacy,3rd year,no formal,no,no
9230,19,other,pharmacy,2nd year,post graduate,yes,no
9231,21,female,bba,3rd year,high school,yes,yes
9232,19,male,bba,4th year,post graduate,yes,yes
9233,21,male,bba,1st year,no formal,yes,yes
9234,18,female,bca,1st year,high school,yes,no
9235,20,female,pharmacy,1st year,graduate,yes,yes
9236,21,other,bca,2nd year,graduate,yes,no
9237,21,female,b.tech,2nd year,graduate,no,no
9238,20,female,b.sc,2nd year,graduate,no,no
9239,22,female,bca,4th year,high school,yes,yes
9240,21,male,ba,1st year,high school,yes,yes
9241,19,male,bba,3rd year,graduate,yes,no
9242,18,female,ba,3rd year,graduate,yes,yes
9243,22,other,bca,4th year,post graduate,no,no
9244,24,female,b.com,3rd year,no formal,yes,yes
9245,23,male,b.tech,1st year,graduate,yes,no
9246,22,other,b.com,2nd year,post graduate,yes,no
9247,24,male,diploma,1st year,high school,no,no
9248,24,other,bca,2nd year,high school,yes,yes
9249,21,other,nursing,4th year,post graduate,yes,no
9250,17,other,b.tech,2nd year,post graduate,no,yes
9251,22,male,b.sc,2nd year,graduate,yes,yes
9252,21,male,b.sc,2nd year,graduate,no,yes
9253,19,female,bca,1st year,no formal,yes,yes
9254,23,other,bca,4th year,no formal,yes,yes
9255,23,other,b.sc,3rd year,graduate,yes,yes
9256,19,female,bba,3rd year,post graduate,yes,no
9257,20,male,b.tech,2nd year,high school,yes,no
9258,18,other,bca,2nd year,graduate,yes,yes
9259,18,other,bca,2nd year,high school,yes,no
9260,19,female,b.tech,1st year,no formal,yes,yes
9261,19,female,b.tech,1st year,phd,yes,no
9262,19,male,diploma,3rd year,phd,yes,no
9263,18,other,pharmacy,4th year,phd,yes,no
9264,20,male,nursing,1st year,phd,yes,yes
9265,21,other,bca,3rd year,graduate,yes,no
9266,19,other,bba,4th year,post graduate,yes,no
9267,21,other,nursing,3rd year,high school,yes,yes
9268,19,other,nursing,4th year,graduate,yes,no
9269,22,other,pharmacy,4th year,high school,yes,yes
9270,22,male,ba,2nd year,post graduate,yes,yes
9271,24,female,bba,1st year,graduate,yes,yes
9272,17,female,b.tech,4th year,high school,yes,yes
9273,23,other,b.sc,4th year,no formal,no,yes
9274,19,other,ba,1st year,high school,yes,yes
9275,17,female,nursing,4th year,graduate,yes,no
9276,22,female,bba,1st year,graduate,yes,yes
9277,18,male,bca,2nd year,phd,yes,no
9278,18,male,nursing,4th year,post graduate,yes,no
9279,24,female,bba,2nd year,graduate,yes,no
9280,18,other,ba,4th year,graduate,yes,yes
9281,21,other,diploma,1st year,graduate,yes,yes
9282,18,female,b.com,2nd year,phd,yes,no
9283,17,male,ba,4th year,phd,yes,no
9284,17,other,nursing,4th year,high school,yes,yes
9285,17,female,ba,2nd year,graduate,yes,no
9286,20,female,b.com,1st year,high school,yes,no
9287,20,female,nursing,3rd year,graduate,no,no
9288,17,other,bca,3rd year,graduate,yes,yes
9289,19,male,diploma,2nd year,phd,yes,no
9290,19,male,b.com,4th year,post graduate,yes,yes
9291,21,male,nursing,2nd year,no formal,yes,no
9292,24,other,pharmacy,4th year,no formal,yes,yes
9293,22,male,b.sc,4th year,phd,yes,yes
9294,24,male,b.sc,2nd year,high school,yes,no
9295,18,female,bca,1st year,no formal,no,no
9296,18,other,diploma,2nd year,post graduate,no,no
9297,23,female,b.tech,4th year,graduate,yes,no
9298,19,other,bba,4th year,graduate,yes,no
9299,23,other,b.sc,2nd year,post graduate,no,yes
9300,20,female,pharmacy,2nd year,high school,yes,yes
9301,18,female,diploma,4th year,graduate,yes,yes
9302,23,female,pharmacy,4th year,post graduate,no,no
9303,21,other,b.sc,1st year,post graduate,yes,yes
9304,23,male,nursing,2nd year,phd,yes,yes
9305,20,other,ba,4th year,high school,yes,no
9306,18,female,b.tech,1st year,graduate,no,yes
9307,22,other,bba,4th year,post graduate,yes,yes
9308,17,female,bba,1st year,post graduate,yes,no
9309,22,other,bba,2nd year,phd,yes,yes
9310,20,male,nursing,3rd year,no formal,yes,no
9311,23,male,b.com,2nd year,phd,yes,yes
9312,23,male,bca,1st year,graduate,yes,yes
9313,20,other,b.sc,1st year,high school,yes,no
9314,24,other,nursing,2nd year,high school,yes,yes
9315,17,other,bba,2nd year,high school,yes,no
9316,17,male,nursing,4th year,phd,no,no
9317,24,male,b.com,3rd year,no formal,no,yes
9318,21,female,b.com,1st year,high school,yes,yes
9319,20,other,pharmacy,4th year,post graduate,no,no
9320,18,male,b.sc,3rd year,phd,yes,no
9321,19,female,bca,1st year,no formal,yes,yes
9322,22,female,b.com,2nd year,graduate,yes,no
9323,23,female,ba,3rd year,graduate,yes,no
9324,24,female,diploma,3rd year,graduate,yes,yes
9325,20,female,nursing,3rd year,post graduate,yes,yes
9326,20,other,bba,2nd year,graduate,yes,no
9327,18,male,bca,3rd year,no formal,no,yes
9328,17,female,b.tech,4th year,high school,yes,yes
9329,20,male,b.com,1st year,post graduate,no,yes
9330,21,male,diploma,2nd year,high school,yes,yes
9331,17,female,bca,4th year,graduate,yes,yes
9332,20,female,b.tech,3rd year,high school,yes,no
9333,22,male,pharmacy,1st year,graduate,yes,no
9334,23,male,ba,1st year,post graduate,yes,no
9335,24,other,b.com,3rd year,high school,yes,yes
9336,19,other,bba,2nd year,post graduate,yes,no
9337,20,other,ba,4th year,post graduate,yes,yes
9338,23,male,bba,1st year,phd,no,yes
9339,22,male,b.sc,3rd year,graduate,yes,yes
9340,19,male,b.sc,3rd year,no formal,yes,yes
9341,22,male,pharmacy,2nd year,post graduate,yes,yes
9342,18,female,diploma,2nd year,post graduate,yes,no
9343,20,female,ba,2nd year,no formal,yes,yes
9344,19,male,nursing,4th year,no formal,yes,no
9345,24,female,nursing,2nd year,high school,yes,yes
9346,17,female,diploma,2nd year,graduate,yes,yes
9347,23,male,diploma,4th year,graduate,yes,no
9348,19,female,pharmacy,3rd year,no formal,yes,no
9349,17,female,nursing,1st year,no formal,no,yes
9350,22,other,b.com,1st year,phd,no,yes
9351,22,male,diploma,3rd year,post graduate,yes,no
9352,18,male,b.sc,3rd year,graduate,no,yes
9353,17,other,bba,2nd year,high school,yes,no
9354,17,female,b.tech,4th year,graduate,yes,no
9355,20,female,b.sc,4th year,phd,yes,no
9356,18,other,diploma,2nd year,high school,yes,yes
9357,22,other,ba,1st year,high school,no,yes
9358,17,male,b.sc,1st year,graduate,no,yes
9359,23,other,pharmacy,1st year,no formal,yes,yes
9360,23,female,pharmacy,3rd year,no formal,yes,no
9361,22,female,b.com,2nd year,phd,yes,yes
9362,24,other,bca,1st year,post graduate,yes,yes
9363,24,male,b.com,1st year,high school,yes,yes
9364,17,other,nursing,2nd year,graduate,yes,yes
9365,19,female,diploma,3rd year,graduate,yes,no
9366,23,other,ba,1st year,no formal,yes,yes
9367,19,female,pharmacy,2nd year,post graduate,yes,no
9368,22,other,diploma,2nd year,no formal,no,no
9369,23,female,b.sc,1st year,graduate,yes,no
9370,24,female,ba,4th year,high school,yes,no
9371,19,female,nursing,1st year,graduate,yes,no
9372,19,other,bba,1st year,graduate,yes,yes
9373,17,other,b.tech,1st year,graduate,yes,no
9374,19,male,diploma,2nd year,high school,no,yes
9375,19,other,bba,3rd year,no formal,yes,no
9376,20,female,b.com,2nd year,no formal,yes,yes
9377,20,male,nursing,4th year,post graduate,yes,yes
9378,23,other,nursing,2nd year,no formal,yes,no
9379,23,male,bca,1st year,graduate,yes,no
9380,22,other,diploma,3rd year,high school,yes,no
9381,17,female,b.com,4th year,post graduate,yes,no
9382,20,other,diploma,3rd year,post graduate,no,no
9383,22,female,pharmacy,3rd year,no formal,no,no
9384,18,male,b.com,4th year,post graduate,yes,yes
9385,20,other,pharmacy,4th year,post graduate,yes,yes
9386,22,other,b.tech,2nd year,high school,yes,no
9387,23,male,bba,3rd year,phd,yes,yes
9388,23,male,b.tech,1st year,graduate,yes,yes
9389,20,other,bba,1st year,no formal,yes,no
9390,20,other,bca,2nd year,post graduate,yes,no
9391,20,male,nursing,3rd year,graduate,yes,yes
9392,22,other,b.sc,3rd year,high school,yes,yes
9393,20,male,nursing,1st year,graduate,yes,yes
9394,20,male,pharmacy,3rd year,phd,no,no
9395,18,female,b.tech,3rd year,high school,yes,yes
9396,20,other,pharmacy,4th year,post graduate,no,yes
9397,18,other,pharmacy,3rd year,phd,yes,yes
9398,21,female,b.tech,4th year,graduate,yes,no
9399,24,male,b.tech,2nd year,phd,yes,yes
9400,23,female,diploma,1st year,graduate,yes,no
9401,20,other,ba,3rd year,high school,no,yes
9402,24,other,b.com,4th year,graduate,yes,yes
9403,24,male,ba,1st year,no formal,yes,yes
9404,20,female,ba,4th year,high school,yes,yes
9405,23,female,pharmacy,4th year,high school,yes,yes
9406,19,female,b.com,1st year,no formal,yes,yes
9407,24,male,b.tech,3rd year,no formal,yes,yes
9408,19,male,nursing,2nd year,phd,yes,yes
9409,19,female,nursing,3rd year,phd,yes,no
9410,18,male,pharmacy,4th year,phd,no,yes
9411,23,female,pharmacy,2nd year,no formal,yes,no
9412,19,male,b.tech,2nd year,phd,no,no
9413,23,other,diploma,1st year,high school,yes,yes
9414,17,male,b.com,1st year,graduate,yes,yes
9415,21,female,ba,4th year,no formal,yes,no
9416,20,female,bba,2nd year,phd,yes,yes
9417,20,female,pharmacy,4th year,phd,yes,yes
9418,18,female,bba,3rd year,post graduate,yes,yes
9419,17,female,b.com,2nd year,no formal,yes,yes
9420,19,other,b.tech,4th year,graduate,yes,yes
9421,20,other,bca,1st year,high school,yes,yes
9422,23,male,nursing,4th year,phd,yes,yes
9423,20,other,diploma,1st year,post graduate,yes,no
9424,18,female,pharmacy,4th year,phd,yes,no
9425,19,male,b.tech,3rd year,phd,yes,no
9426,21,other,ba,2nd year,graduate,no,yes
9427,20,other,bca,3rd year,high school,no,yes
9428,24,male,nursing,4th year,post graduate,yes,no
9429,20,male,b.com,2nd year,post graduate,yes,no
9430,21,female,diploma,1st year,post graduate,no,yes
9431,17,other,b.sc,4th year,phd,yes,yes
9432,18,male,bca,3rd year,post graduate,yes,no
9433,23,female,diploma,2nd year,post graduate,no,no
9434,19,female,nursing,4th year,graduate,no,no
9435,20,other,bba,1st year,graduate,yes,no
9436,21,other,bba,4th year,no formal,no,yes
9437,17,other,nursing,1st year,no formal,yes,no
9438,21,male,bba,3rd year,phd,no,yes
9439,19,other,ba,1st year,no formal,yes,yes
9440,18,female,b.com,1st year,no formal,yes,yes
9441,20,female,diploma,2nd year,post graduate,yes,no
9442,20,other,diploma,1st year,no formal,yes,yes
9443,18,other,bba,1st year,graduate,yes,yes
9444,21,male,b.sc,3rd year,high school,yes,no
9445,22,male,b.sc,4th year,graduate,yes,yes
9446,19,other,b.com,2nd year,high school,no,yes
9447,24,other,b.tech,3rd year,no formal,yes,yes
9448,21,female,bba,2nd year,high school,no,yes
9449,23,male,ba,1st year,post graduate,yes,no
9450,17,male,ba,4th year,no formal,yes,yes
9451,23,other,pharmacy,3rd year,high school,no,yes
9452,19,other,b.com,1st year,phd,yes,no
9453,22,other,nursing,3rd year,post graduate,yes,yes
9454,23,female,b.sc,2nd year,graduate,yes,no
9455,19,female,bca,1st year,graduate,yes,yes
9456,19,male,nursing,1st year,phd,no,yes
9457,17,other,nursing,2nd year,no formal,yes,no
9458,21,other,bca,1st year,phd,yes,yes
9459,23,male,b.sc,3rd year,graduate,no,no
9460,20,female,ba,1st year,graduate,yes,no
9461,18,female,ba,1st year,high school,yes,yes
9462,19,other,nursing,1st year,high school,yes,yes
9463,20,other,ba,3rd year,graduate,yes,no
9464,24,male,nursing,3rd year,high school,yes,no
9465,17,other,pharmacy,4th year,high school,yes,no
9466,19,male,b.tech,2nd year,phd,yes,yes
9467,22,other,pharmacy,3rd year,phd,yes,yes
9468,18,other,bca,2nd year,post graduate,no,yes
9469,24,male,bca,3rd year,high school,no,yes
9470,24,other,b.com,4th year,phd,yes,no
9471,20,male,ba,3rd year,phd,yes,no
9472,22,male,bba,2nd year,phd,yes,yes
9473,23,male,b.sc,4th year,post graduate,yes,no
9474,22,other,diploma,3rd year,high school,yes,yes
9475,18,other,diploma,4th year,high school,yes,yes
9476,17,female,b.tech,3rd year,phd,yes,no
9477,19,other,b.sc,3rd year,no formal,yes,yes
9478,18,female,bba,3rd year,post graduate,yes,yes
9479,19,female,diploma,4th year,graduate,yes,yes
9480,22,other,b.com,2nd year,graduate,yes,yes
9481,21,female,nursing,3rd year,no formal,yes,yes
9482,18,female,bba,4th year,phd,yes,no
9483,17,male,bba,1st year,high school,yes,yes
9484,18,female,b.tech,2nd year,graduate,no,yes
9485,20,other,bca,1st year,graduate,yes,no
9486,23,other,nursing,3rd year,high school,no,yes
9487,19,male,b.sc,2nd year,no formal,yes,no
9488,19,female,bba,3rd year,no formal,yes,no
9489,21,female,b.tech,1st year,post graduate,yes,no
9490,17,other,b.sc,4th year,post graduate,yes,yes
9491,18,other,b.tech,4th year,high school,yes,no
9492,17,other,diploma,3rd year,post graduate,yes,no
9493,21,other,pharmacy,3rd year,post graduate,yes,no
9494,20,female,b.tech,2nd year,high school,yes,yes
9495,21,female,diploma,2nd year,high school,yes,yes
9496,21,female,bca,2nd year,high school,yes,yes
9497,20,female,diploma,2nd year,graduate,yes,yes
9498,23,other,bba,4th year,no formal,yes,yes
9499,24,other,pharmacy,3rd year,phd,yes,yes
9500,17,other,b.tech,2nd year,graduate,yes,yes
9501,24,female,b.sc,3rd year,post graduate,no,yes
9502,18,male,b.com,4th year,post graduate,no,no
9503,18,male,nursing,2nd year,high school,yes,no
9504,21,male,b.tech,4th year,phd,yes,yes
9505,17,female,b.sc,2nd year,high school,no,no
9506,19,female,diploma,1st year,no formal,no,yes
9507,18,female,ba,1st year,graduate,yes,yes
9508,20,other,diploma,2nd year,no formal,yes,yes
9509,23,female,ba,3rd year,phd,yes,yes
9510,24,other,b.tech,4th year,no formal,yes,no
9511,18,female,bca,2nd year,high school,no,yes
9512,21,other,b.tech,2nd year,phd,yes,yes
9513,20,male,bba,3rd year,high school,yes,no
9514,20,male,nursing,2nd year,graduate,no,yes
9515,22,other,b.sc,2nd year,phd,no,no
9516,24,other,b.sc,1st year,high school,yes,no
9517,20,female,pharmacy,2nd year,high school,no,no
9518,17,male,b.com,1st year,no formal,yes,no
9519,24,male,ba,3rd year,phd,yes,no
9520,24,female,diploma,2nd year,no formal,yes,yes
9521,19,other,b.sc,1st year,phd,yes,yes
9522,21,female,b.tech,4th year,post graduate,yes,yes
9523,23,other,nursing,1st year,high school,no,yes
9524,21,female,pharmacy,3rd year,graduate,yes,yes
9525,20,male,pharmacy,1st year,graduate,no,yes
9526,24,female,b.tech,1st year,post graduate,yes,yes
9527,23,female,bba,1st year,high school,yes,yes
9528,21,male,nursing,3rd year,high school,yes,no
9529,18,other,nursing,1st year,no formal,yes,yes
9530,20,male,ba,2nd year,graduate,no,yes
9531,22,other,bba,3rd year,graduate,yes,yes
9532,19,other,b.sc,3rd year,post graduate,yes,yes
9533,21,other,b.sc,4th year,phd,no,no
9534,22,male,ba,2nd year,high school,yes,yes
9535,17,other,b.com,1st year,high school,yes,yes
9536,21,female,pharmacy,4th year,high school,yes,yes
9537,22,other,b.tech,4th year,no formal,yes,yes
9538,18,male,bba,4th year,no formal,yes,yes
9539,21,other,bca,4th year,post graduate,yes,yes
9540,22,male,b.tech,3rd year,post graduate,no,yes
9541,17,other,ba,4th year,phd,yes,no
9542,22,male,pharmacy,3rd year,graduate,yes,no
9543,19,other,b.tech,3rd year,phd,no,yes
9544,20,other,b.sc,3rd year,graduate,yes,yes
9545,22,female,b.sc,3rd year,phd,yes,yes
9546,17,female,b.tech,2nd year,graduate,yes,yes
9547,17,male,nursing,2nd year,no formal,yes,yes
9548,20,male,b.tech,4th year,no formal,yes,no
9549,24,other,b.com,2nd year,graduate,no,no
9550,17,other,nursing,4th year,phd,yes,no
9551,23,other,pharmacy,3rd year,no formal,yes,yes
9552,17,male,b.sc,4th year,post graduate,yes,yes
9553,20,male,ba,3rd year,phd,no,yes
9554,20,other,b.sc,3rd year,no formal,yes,yes
9555,20,female,b.sc,2nd year,graduate,yes,yes
9556,17,male,pharmacy,3rd year,phd,no,no
9557,23,male,ba,3rd year,high school,yes,yes
9558,19,other,bca,2nd year,high school,yes,yes
9559,23,other,b.sc,1st year,graduate,no,no
9560,22,male,b.com,1st year,graduate,yes,no
9561,21,other,ba,1st year,high school,yes,yes
9562,19,female,bca,3rd year,graduate,yes,no
9563,22,other,pharmacy,4th year,high school,yes,no
9564,24,female,b.com,4th year,post graduate,yes,yes
9565,24,other,bca,3rd year,post graduate,no,yes
9566,24,female,bba,4th year,no formal,yes,no
9567,18,other,nursing,1st year,phd,yes,no
9568,21,other,ba,4th year,high school,yes,no
9569,20,female,ba,4th year,graduate,yes,no
9570,24,male,bca,2nd year,phd,yes,no
9571,24,male,ba,1st year,post graduate,yes,yes
9572,23,female,diploma,3rd year,phd,yes,no
9573,18,female,b.tech,1st year,post graduate,yes,no
9574,19,other,ba,3rd year,phd,yes,yes
9575,22,male,b.sc,2nd year,graduate,yes,no
9576,22,other,b.sc,3rd year,no formal,yes,yes
9577,19,male,b.tech,4th year,no formal,no,no
9578,18,female,ba,1st year,graduate,yes,no
9579,18,female,b.sc,1st year,no formal,yes,yes
9580,22,female,diploma,3rd year,graduate,yes,yes
9581,20,male,bba,3rd year,graduate,yes,no
9582,20,other,nursing,2nd year,no formal,yes,no
9583,23,male,nursing,1st year,phd,no,yes
9584,17,other,nursing,3rd year,no formal,yes,yes
9585,23,female,ba,3rd year,high school,no,yes
9586,19,other,pharmacy,4th year,phd,yes,no
9587,24,other,ba,4th year,no formal,yes,yes
9588,24,other,nursing,3rd year,no formal,yes,yes
9589,21,female,b.sc,1st year,phd,yes,yes
9590,19,female,pharmacy,2nd year,high school,no,yes
9591,18,female,b.com,3rd year,phd,no,no
9592,18,female,bca,2nd year,no formal,no,yes
9593,24,other,ba,1st year,no formal,yes,no
9594,18,female,b.com,3rd year,graduate,yes,no
9595,20,female,b.com,4th year,phd,no,no
9596,20,male,bca,3rd year,post graduate,yes,no
9597,22,male,b.sc,4th year,post graduate,yes,no
9598,23,other,b.sc,1st year,high school,yes,no
9599,21,other,pharmacy,4th year,no formal,yes,no
9600,23,female,b.tech,3rd year,post graduate,yes,no
9601,21,female,diploma,2nd year,no formal,yes,no
9602,20,male,b.com,4th year,no formal,yes,no
9603,18,male,b.com,1st year,graduate,yes,yes
9604,18,other,ba,1st year,high school,yes,yes
9605,20,female,ba,3rd year,phd,no,no
9606,17,male,diploma,3rd year,high school,yes,yes
9607,19,male,nursing,1st year,post graduate,yes,no
9608,20,male,ba,4th year,graduate,yes,yes
9609,20,other,b.sc,4th year,high school,yes,no
9610,23,female,b.tech,4th year,phd,yes,no
9611,24,male,diploma,2nd year,post graduate,no,yes
9612,22,other,pharmacy,4th year,post graduate,yes,yes
9613,17,other,b.tech,1st year,graduate,yes,no
9614,20,female,bca,4th year,high school,yes,yes
9615,22,male,b.sc,4th year,post graduate,yes,no
9616,21,male,b.sc,3rd year,phd,yes,yes
9617,20,other,nursing,2nd year,high school,yes,yes
9618,20,female,b.com,2nd year,post graduate,yes,yes
9619,20,female,b.com,1st year,phd,no,no
9620,21,male,b.sc,1st year,graduate,yes,no
9621,18,other,pharmacy,2nd year,no formal,yes,no
9622,21,other,pharmacy,1st year,phd,yes,no
9623,18,female,pharmacy,3rd year,no formal,yes,yes
9624,22,male,b.com,3rd year,post graduate,yes,no
9625,23,female,b.sc,4th year,graduate,yes,yes
9626,21,other,pharmacy,2nd year,post graduate,no,no
9627,20,female,bca,4th year,post graduate,yes,yes
9628,24,male,b.com,2nd year,high school,no,yes
9629,22,male,b.tech,3rd year,no formal,yes,no
9630,20,male,nursing,4th year,no formal,no,no
9631,17,female,nursing,2nd year,high school,yes,no
9632,17,female,b.tech,1st year,phd,yes,yes
9633,18,female,bba,4th year,no formal,yes,no
9634,18,other,bba,2nd year,post graduate,yes,yes
9635,22,male,bba,1st year,high school,no,yes
9636,21,other,ba,3rd year,phd,no,yes
9637,24,male,b.com,3rd year,graduate,yes,no
9638,21,female,ba,1st year,post graduate,yes,yes
9639,24,male,pharmacy,4th year,phd,yes,no
9640,21,female,pharmacy,3rd year,phd,yes,no
9641,19,other,b.sc,2nd year,phd,yes,no
9642,22,male,diploma,1st year,high school,yes,yes
9643,20,female,bca,3rd year,phd,yes,no
9644,19,female,b.com,4th year,high school,yes,no
9645,20,female,b.sc,3rd year,graduate,no,no
9646,22,female,diploma,3rd year,high school,yes,no
9647,20,female,ba,4th year,phd,yes,yes
9648,22,other,b.sc,3rd year,no formal,yes,yes
9649,24,male,pharmacy,1st year,phd,yes,yes
9650,20,female,pharmacy,1st year,graduate,yes,yes
9651,19,female,ba,2nd year,phd,yes,yes
9652,20,other,ba,3rd year,graduate,yes,yes
9653,23,other,ba,1st year,no formal,yes,yes
9654,18,other,b.sc,2nd year,no formal,yes,no
9655,24,male,b.tech,2nd year,phd,no,yes
9656,20,male,b.com,3rd year,post graduate,yes,yes
9657,23,female,ba,1st year,no formal,yes,yes
9658,23,female,b.sc,1st year,high school,yes,yes
9659,23,male,b.tech,4th year,graduate,yes,no
9660,24,other,pharmacy,1st year,graduate,yes,yes
9661,18,other,nursing,1st year,no formal,yes,yes
9662,21,female,b.com,1st year,graduate,yes,yes
9663,17,other,bca,2nd year,no formal,no,no
9664,19,female,b.sc,1st year,high school,yes,yes
9665,17,female,pharmacy,4th year,post graduate,no,yes
9666,22,other,nursing,1st year,post graduate,yes,yes
9667,21,male,b.sc,1st year,no formal,yes,no
9668,22,male,b.sc,1st year,graduate,yes,yes
9669,18,female,b.com,3rd year,high school,yes,yes
9670,19,other,b.tech,4th year,graduate,yes,yes
9671,22,female,ba,1st year,phd,no,no
9672,23,female,diploma,3rd year,graduate,yes,yes
9673,24,male,diploma,2nd year,graduate,yes,yes
9674,17,female,b.tech,3rd year,no formal,yes,no
9675,20,male,ba,3rd year,graduate,yes,yes
9676,17,male,nursing,2nd year,post graduate,yes,yes
9677,23,other,nursing,3rd year,post graduate,yes,no
9678,17,female,bca,1st year,phd,yes,no
9679,23,male,diploma,2nd year,post graduate,yes,no
9680,18,male,b.com,4th year,no formal,no,yes
9681,17,female,nursing,4th year,no formal,yes,yes
9682,24,male,bba,1st year,high school,yes,yes
9683,20,female,diploma,1st year,phd,yes,no
9684,20,female,b.com,4th year,phd,no,yes
9685,22,other,b.sc,1st year,post graduate,yes,yes
9686,19,female,bba,3rd year,post graduate,yes,yes
9687,22,male,bba,3rd year,post graduate,yes,yes
9688,20,female,bca,2nd year,high school,no,yes
9689,19,female,nursing,2nd year,post graduate,yes,yes
9690,20,male,diploma,3rd year,post graduate,yes,no
9691,17,male,b.com,2nd year,no formal,yes,yes
9692,19,male,bba,4th year,phd,yes,yes
9693,21,other,b.tech,1st year,post graduate,yes,no
9694,18,male,nursing,4th year,high school,yes,yes
9695,17,other,b.sc,3rd year,high school,yes,no
9696,22,female,b.tech,3rd year,post graduate,yes,yes
9697,20,other,bba,1st year,high school,no,yes
9698,18,male,pharmacy,1st year,phd,yes,yes
9699,22,female,ba,3rd year,graduate,yes,yes
9700,23,male,b.sc,3rd year,no formal,yes,yes
9701,17,other,b.sc,1st year,post graduate,yes,yes
9702,18,female,nursing,1st year,phd,yes,yes
9703,19,male,bca,3rd year,high school,no,yes
9704,22,other,bba,2nd year,phd,no,yes
9705,17,other,pharmacy,2nd year,post graduate,yes,yes
9706,23,other,b.tech,3rd year,post graduate,no,yes
9707,19,other,bca,4th year,high school,yes,yes
9708,18,male,ba,2nd year,graduate,yes,no
9709,23,female,b.com,3rd year,high school,yes,yes
9710,17,other,pharmacy,4th year,post graduate,yes,yes
9711,18,female,pharmacy,4th year,phd,yes,yes
9712,24,female,nursing,4th year,post graduate,yes,yes
9713,21,other,b.sc,1st year,phd,no,yes
9714,20,female,diploma,1st year,no formal,no,yes
9715,22,male,ba,4th year,post graduate,yes,yes
9716,22,male,ba,1st year,high school,yes,yes
9717,21,other,b.sc,2nd year,graduate,no,yes
9718,17,male,bca,2nd year,no formal,yes,yes
9719,21,female,nursing,3rd year,high school,yes,no
9720,19,female,b.com,1st year,high school,yes,no
9721,23,female,bba,3rd year,graduate,yes,yes
9722,21,male,bca,1st year,post graduate,yes,no
9723,17,male,bca,2nd year,graduate,yes,yes
9724,24,other,b.com,4th year,phd,yes,no
9725,19,male,b.tech,1st year,high school,no,no
9726,19,male,nursing,1st year,high school,yes,yes
9727,24,other,bca,2nd year,graduate,no,yes
9728,23,male,diploma,1st year,post graduate,yes,no
9729,23,female,bba,1st year,phd,yes,no
9730,22,male,ba,2nd year,graduate,yes,yes
9731,24,other,b.com,1st year,phd,yes,yes
9732,17,male,bca,1st year,graduate,yes,no
9733,21,female,nursing,4th year,graduate,yes,no
9734,19,female,b.com,4th year,post graduate,yes,no
9735,20,other,b.tech,2nd year,no formal,no,yes
9736,18,male,b.sc,4th year,no formal,yes,yes
9737,18,female,bca,4th year,high school,yes,yes
9738,20,female,b.com,2nd year,no formal,yes,yes
9739,24,male,nursing,1st year,graduate,yes,yes
9740,22,male,b.com,1st year,high school,yes,no
9741,19,other,bba,4th year,post graduate,yes,yes
9742,20,female,b.com,4th year,phd,yes,no
9743,21,female,bba,3rd year,graduate,yes,yes
9744,18,other,diploma,3rd year,phd,yes,yes
9745,21,female,nursing,2nd year,post graduate,yes,yes
9746,22,other,diploma,3rd year,post graduate,yes,yes
9747,18,other,bba,2nd year,phd,yes,yes
9748,21,female,bba,2nd year,graduate,yes,yes
9749,22,male,b.com,3rd year,phd,yes,yes
9750,21,female,pharmacy,3rd year,post graduate,no,no
9751,19,male,diploma,2nd year,high school,no,no
9752,21,other,pharmacy,1st year,graduate,yes,yes
9753,23,male,diploma,3rd year,post graduate,yes,yes
9754,18,other,b.tech,2nd year,high school,yes,no
9755,21,female,b.com,1st year,post graduate,yes,no
9756,22,female,bba,3rd year,no formal,yes,yes
9757,19,male,b.com,2nd year,post graduate,yes,no
9758,20,male,pharmacy,2nd year,no formal,no,yes
9759,24,other,bba,4th year,no formal,yes,no
9760,19,other,b.sc,3rd year,phd,yes,yes
9761,21,male,bca,1st year,phd,yes,yes
9762,18,male,ba,3rd year,post graduate,yes,yes
9763,24,male,b.sc,2nd year,phd,yes,yes
9764,21,other,pharmacy,4th year,post graduate,yes,yes
9765,23,female,pharmacy,2nd year,no formal,yes,yes
9766,21,male,diploma,3rd year,phd,yes,no
9767,19,male,b.com,3rd year,high school,yes,yes
9768,19,male,nursing,1st year,post graduate,yes,yes
9769,22,other,b.com,1st year,phd,yes,no
9770,23,other,nursing,3rd year,post graduate,yes,no
9771,18,female,nursing,1st year,no formal,no,yes
9772,23,other,b.sc,4th year,post graduate,yes,no
9773,23,male,b.com,2nd year,phd,yes,no
9774,17,female,diploma,1st year,no formal,no,yes
9775,17,male,b.com,4th year,phd,yes,yes
9776,22,other,nursing,4th year,no formal,yes,no
9777,23,female,diploma,1st year,no formal,yes,yes
9778,20,other,b.com,4th year,graduate,yes,yes
9779,22,female,diploma,2nd year,post graduate,yes,no
9780,24,female,b.tech,3rd year,no formal,no,no
9781,19,other,ba,2nd year,no formal,yes,no
9782,18,other,b.sc,1st year,post graduate,no,no
9783,24,female,b.tech,4th year,no formal,yes,yes
9784,19,female,diploma,3rd year,phd,yes,no
9785,20,female,b.sc,2nd year,high school,yes,yes
9786,20,male,diploma,2nd year,phd,yes,no
9787,21,female,b.tech,4th year,post graduate,no,yes
9788,19,other,pharmacy,2nd year,high school,no,yes
9789,22,other,pharmacy,3rd year,post graduate,yes,yes
9790,22,female,b.com,1st year,high school,yes,no
9791,18,female,bba,4th year,graduate,yes,yes
9792,20,other,bca,3rd year,phd,yes,yes
9793,17,male,bca,2nd year,phd,yes,yes
9794,18,male,b.tech,3rd year,phd,no,no
9795,24,male,pharmacy,1st year,no formal,yes,no
9796,21,male,pharmacy,2nd year,high school,yes,yes
9797,21,other,bba,2nd year,no formal,yes,no
9798,24,male,bba,2nd year,phd,yes,yes
9799,22,male,b.sc,4th year,post graduate,yes,no
9800,23,female,diploma,2nd year,phd,yes,yes
9801,22,female,bba,1st year,no formal,yes,no
9802,20,other,b.com,2nd year,high school,yes,yes
9803,22,other,b.com,1st year,post graduate,yes,no
9804,19,female,b.tech,2nd year,high school,no,no
9805,24,male,nursing,3rd year,high school,yes,no
9806,18,male,b.tech,1st year,phd,yes,yes
9807,24,other,bca,1st year,graduate,no,no
9808,24,female,nursing,2nd year,post graduate,yes,no
9809,18,other,b.tech,2nd year,post graduate,yes,yes
9810,22,female,b.sc,1st year,post graduate,yes,yes
9811,24,other,diploma,2nd year,post graduate,no,no
9812,21,female,nursing,4th year,phd,yes,yes
9813,19,other,b.tech,3rd year,graduate,yes,no
9814,24,female,b.com,3rd year,phd,yes,no
9815,21,male,bca,1st year,no formal,yes,yes
9816,17,male,bba,4th year,no formal,yes,no
9817,18,male,bba,3rd year,high school,yes,yes
9818,22,female,b.com,2nd year,graduate,yes,yes
9819,20,other,bba,3rd year,high school,yes,yes
9820,18,female,b.tech,1st year,phd,yes,no
9821,23,other,nursing,3rd year,no formal,yes,no
9822,17,male,bba,2nd year,no formal,yes,no
9823,18,female,ba,1st year,post graduate,yes,no
9824,20,female,ba,1st year,no formal,no,yes
9825,17,male,ba,2nd year,no formal,yes,yes
9826,20,female,ba,2nd year,phd,yes,yes
9827,24,female,b.sc,1st year,phd,yes,no
9828,24,female,bca,4th year,post graduate,yes,no
9829,23,female,b.sc,2nd year,high school,yes,yes
9830,19,male,b.com,1st year,no formal,no,no
9831,17,other,nursing,1st year,high school,yes,no
9832,23,male,bca,2nd year,no formal,yes,yes
9833,19,other,pharmacy,1st year,high school,yes,yes
9834,22,other,bca,1st year,phd,yes,no
9835,17,male,nursing,1st year,high school,no,yes
9836,22,male,b.tech,2nd year,high school,yes,yes
9837,21,female,bba,4th year,high school,yes,yes
9838,24,other,ba,3rd year,no formal,yes,yes
9839,17,female,b.tech,1st year,phd,yes,yes
9840,20,female,b.tech,1st year,phd,yes,no
9841,24,other,b.sc,1st year,high school,no,no
9842,20,female,b.tech,1st year,phd,yes,no
9843,22,other,ba,3rd year,high school,no,yes
9844,18,other,b.tech,3rd year,graduate,yes,yes
9845,22,male,nursing,2nd year,phd,no,yes
9846,19,female,bca,2nd year,post graduate,yes,yes
9847,21,male,pharmacy,3rd year,phd,yes,yes
9848,24,male,b.tech,2nd year,graduate,yes,no
9849,22,male,b.tech,4th year,post graduate,yes,no
9850,20,male,nursing,3rd year,high school,no,no
9851,18,male,ba,4th year,post graduate,yes,yes
9852,19,other,diploma,1st year,phd,yes,no
9853,23,female,b.sc,2nd year,no formal,yes,no
9854,18,female,b.tech,4th year,graduate,yes,yes
9855,22,other,bba,3rd year,high school,yes,yes
9856,20,other,bca,4th year,post graduate,yes,yes
9857,19,female,b.sc,2nd year,graduate,yes,no
9858,22,female,b.tech,2nd year,graduate,yes,no
9859,19,female,b.sc,4th year,high school,no,no
9860,19,female,b.tech,2nd year,graduate,yes,yes
9861,21,female,pharmacy,2nd year,high school,yes,no
9862,23,male,pharmacy,2nd year,high school,yes,yes
9863,23,male,b.tech,1st year,no formal,yes,yes
9864,22,male,bba,4th year,graduate,yes,no
9865,22,female,ba,4th year,post graduate,no,yes
9866,23,other,b.tech,1st year,post graduate,no,no
9867,19,female,bca,2nd year,high school,no,yes
9868,19,male,nursing,3rd year,phd,yes,no
9869,20,female,bca,1st year,graduate,yes,yes
9870,22,other,pharmacy,2nd year,phd,yes,no
9871,22,female,bca,4th year,phd,no,no
9872,18,male,bba,4th year,no formal,yes,yes
9873,23,male,pharmacy,4th year,no formal,yes,no
9874,19,female,diploma,4th year,graduate,yes,yes
9875,24,other,diploma,3rd year,phd,no,yes
9876,22,male,nursing,2nd year,high school,yes,no
9877,24,other,b.tech,4th year,post graduate,yes,yes
9878,22,other,diploma,2nd year,post graduate,yes,yes
9879,21,male,diploma,3rd year,post graduate,yes,no
9880,18,male,bba,3rd year,phd,yes,no
9881,20,male,bca,3rd year,graduate,no,no
9882,23,female,nursing,3rd year,post graduate,yes,yes
9883,20,male,b.sc,4th year,post graduate,yes,no
9884,17,other,bba,1st year,high school,no,no
9885,18,male,diploma,2nd year,graduate,yes,no
9886,21,female,b.com,3rd year,post graduate,yes,yes
9887,22,other,b.com,3rd year,phd,yes,no
9888,24,male,b.tech,3rd year,no formal,yes,no
9889,24,male,b.com,2nd year,high school,yes,no
9890,21,other,ba,4th year,no formal,yes,no
9891,21,male,pharmacy,1st year,no formal,no,yes
9892,23,female,b.tech,3rd year,high school,yes,yes
9893,17,male,bca,1st year,phd,yes,yes
9894,21,male,b.tech,3rd year,high school,yes,no
9895,20,female,nursing,1st year,phd,no,yes
9896,23,female,bba,1st year,graduate,no,yes
9897,23,female,ba,2nd year,no formal,yes,yes
9898,22,other,pharmacy,1st year,high school,yes,no
9899,22,male,diploma,2nd year,post graduate,yes,no
9900,22,female,b.tech,3rd year,post graduate,yes,yes
9901,21,male,b.com,1st year,high school,no,yes
9902,18,other,b.com,3rd year,no formal,yes,yes
9903,19,female,bca,2nd year,post graduate,yes,no
9904,22,other,nursing,4th year,graduate,yes,no
9905,21,male,bca,3rd year,post graduate,yes,no
9906,18,female,ba,2nd year,high school,no,yes
9907,24,male,diploma,4th year,no formal,yes,yes
9908,24,male,diploma,1st year,high school,yes,no
9909,22,other,b.tech,3rd year,high school,yes,yes
9910,18,other,bba,1st year,graduate,yes,yes
9911,24,male,diploma,2nd year,graduate,yes,yes
9912,18,female,bca,2nd year,no formal,yes,yes
9913,20,other,b.com,3rd year,graduate,yes,yes
9914,23,male,b.sc,2nd year,high school,yes,yes
9915,21,other,b.com,3rd year,graduate,no,no
9916,18,male,ba,1st year,post graduate,yes,no
9917,17,female,pharmacy,1st year,graduate,yes,no
9918,19,other,bca,1st year,high school,yes,no
9919,22,other,nursing,2nd year,phd,yes,no
9920,22,male,b.tech,2nd year,post graduate,yes,yes
9921,18,male,nursing,4th year,phd,yes,yes
9922,18,male,b.sc,2nd year,high school,yes,no
9923,22,female,bca,3rd year,post graduate,yes,no
9924,18,male,ba,4th year,post graduate,no,yes
9925,17,other,nursing,3rd year,phd,yes,yes
9926,20,male,diploma,4th year,no formal,no,yes
9927,21,female,bba,3rd year,high school,yes,yes
9928,18,other,bba,1st year,phd,yes,no
9929,18,female,diploma,2nd year,graduate,yes,no
9930,18,female,diploma,4th year,no formal,yes,yes
9931,19,male,bca,1st year,no formal,no,yes
9932,17,other,diploma,2nd year,phd,yes,yes
9933,17,other,nursing,3rd year,phd,yes,yes
9934,19,other,b.tech,4th year,high school,yes,no
9935,17,male,ba,4th year,graduate,yes,no
9936,19,female,pharmacy,3rd year,post graduate,yes,yes
9937,21,other,b.com,1st year,graduate,yes,no
9938,17,other,nursing,1st year,high school,yes,yes
9939,21,female,bba,3rd year,post graduate,no,yes
9940,21,other,b.com,1st year,no formal,yes,no
9941,21,male,ba,3rd year,high school,no,yes
9942,22,other,bba,4th year,no formal,yes,no
9943,23,female,b.sc,1st year,phd,yes,yes
9944,17,other,b.com,4th year,no formal,yes,no
9945,18,female,diploma,1st year,phd,yes,yes
9946,19,female,pharmacy,2nd year,graduate,yes,yes
9947,22,other,pharmacy,2nd year,no formal,yes,no
9948,23,other,ba,3rd year,graduate,yes,yes
9949,24,other,nursing,2nd year,high school,no,no
9950,21,male,ba,3rd year,graduate,yes,yes
9951,20,female,nursing,1st year,phd,yes,no
9952,20,other,pharmacy,4th year,post graduate,yes,yes
9953,17,other,bba,4th year,no formal,yes,yes
9954,20,female,bca,2nd year,no formal,yes,yes
9955,21,other,nursing,4th year,post graduate,yes,no
9956,18,female,b.sc,1st year,post graduate,yes,no
9957,23,male,b.com,3rd year,graduate,no,yes
9958,23,other,bca,2nd year,post graduate,yes,yes
9959,19,female,b.sc,3rd year,high school,yes,yes
9960,24,female,nursing,3rd year,high school,yes,yes
9961,17,male,b.com,1st year,graduate,yes,yes
9962,24,male,ba,2nd year,post graduate,no,yes
9963,23,female,nursing,2nd year,phd,yes,no
9964,18,other,bba,4th year,high school,no,no
9965,22,male,nursing,1st year,post graduate,yes,no
9966,19,other,bca,4th year,graduate,yes,yes
9967,23,other,bba,1st year,phd,yes,yes
9968,18,female,bba,1st year,phd,yes,no
9969,18,other,nursing,1st year,no formal,no,no
9970,19,other,pharmacy,4th year,post graduate,yes,yes
9971,18,other,b.tech,3rd year,no formal,yes,no
9972,19,other,bba,3rd year,graduate,yes,yes
9973,21,other,nursing,3rd year,high school,yes,yes
9974,22,other,bca,3rd year,high school,yes,yes
9975,21,male,bba,2nd year,high school,yes,yes
9976,18,female,nursing,1st year,graduate,yes,yes
9977,18,other,bba,2nd year,phd,yes,yes
9978,24,female,b.sc,2nd year,graduate,yes,no
9979,19,male,b.com,2nd year,phd,yes,no
9980,17,other,b.tech,4th year,phd,yes,no
9981,20,female,diploma,1st year,high school,yes,yes
9982,17,other,pharmacy,3rd year,phd,yes,no
9983,19,male,ba,1st year,high school,yes,yes
9984,23,male,diploma,3rd year,no formal,no,no
9985,19,female,pharmacy,3rd year,high school,yes,yes
9986,22,male,ba,1st year,graduate,yes,no
9987,20,female,nursing,2nd year,no formal,yes,yes
9988,19,female,b.tech,2nd year,graduate,yes,no
9989,22,male,diploma,2nd year,graduate,yes,yes
9990,21,other,b.sc,2nd year,post graduate,yes,yes
9991,19,male,nursing,2nd year,phd,yes,yes
9992,18,other,b.tech,3rd year,no formal,yes,yes
9993,24,male,nursing,1st year,phd,yes,yes
9994,18,female,ba,4th year,phd,yes,yes
9995,24,other,b.com,4th year,no formal,yes,yes
9996,20,male,bba,2nd year,post graduate,yes,no
9997,24,other,pharmacy,4th year,high school,yes,yes
9998,19,male,b.sc,2nd year,no formal,yes,yes
9999,21,other,b.com,1st year,post graduate,yes,no
10000,21,other,bca,2nd year,no formal,yes,yes
10001,19,male,b.tech,4th year,no formal,no,no
10002,18,female,pharmacy,1st year,post graduate,yes,yes
10003,21,other,bba,2nd year,no formal,no,no
10004,22,male,pharmacy,1st year,post graduate,no,no
10005,19,male,ba,2nd year,no formal,yes,yes
10006,23,male,nursing,2nd year,high school,yes,no
10007,22,female,b.com,4th year,high school,yes,yes
10008,18,other,ba,4th year,no formal,yes,yes
10009,24,female,ba,4th year,graduate,yes,yes
10010,17,female,bba,2nd year,high school,yes,yes
10011,22,other,b.com,3rd year,no formal,yes,yes
10012,20,male,bba,4th year,high school,yes,no
10013,22,other,nursing,3rd year,graduate,yes,no
10014,23,male,b.sc,4th year,post graduate,yes,no
10015,22,male,nursing,4th year,no formal,yes,yes
10016,22,other,nursing,1st year,no formal,yes,no
10017,23,female,b.tech,1st year,no formal,yes,yes
10018,22,female,diploma,3rd year,post graduate,yes,yes
10019,23,male,bba,1st year,graduate,yes,yes
10020,20,female,bca,1st year,high school,yes,no
10021,18,other,b.com,1st year,graduate,yes,no
10022,18,male,b.sc,1st year,phd,yes,no
10023,21,male,b.com,3rd year,post graduate,no,no
10024,21,male,b.sc,2nd year,phd,yes,no
10025,17,female,ba,4th year,high school,yes,yes
10026,18,other,nursing,1st year,no formal,yes,yes
10027,24,male,nursing,2nd year,post graduate,yes,no
10028,22,other,b.sc,3rd year,phd,yes,no
10029,23,other,bca,2nd year,no formal,yes,yes
10030,18,female,b.tech,3rd year,post graduate,yes,no
10031,17,other,b.tech,4th year,graduate,yes,yes
10032,19,other,bca,3rd year,phd,yes,no
10033,23,other,b.com,3rd year,no formal,yes,yes
10034,21,female,diploma,3rd year,high school,no,yes
10035,23,male,b.sc,4th year,post graduate,yes,yes
10036,20,other,b.sc,4th year,phd,yes,no
10037,20,female,diploma,1st year,phd,yes,yes
10038,21,male,b.sc,4th year,graduate,yes,yes
10039,24,other,b.tech,1st year,high school,yes,yes
10040,20,female,nursing,4th year,no formal,yes,no
10041,21,other,diploma,2nd year,graduate,yes,yes
10042,24,other,pharmacy,3rd year,phd,yes,yes
10043,19,male,bca,3rd year,high school,yes,yes
10044,23,other,bba,2nd year,phd,yes,yes
10045,21,other,diploma,4th year,high school,yes,no
10046,24,other,nursing,3rd year,no formal,yes,no
10047,20,male,bca,2nd year,post graduate,yes,yes
10048,22,other,b.com,2nd year,graduate,yes,no
10049,19,other,pharmacy,2nd year,post graduate,no,yes
10050,22,other,diploma,1st year,phd,no,yes
10051,19,female,nursing,4th year,no formal,yes,yes
10052,21,other,bca,4th year,graduate,no,no
10053,23,female,bba,4th year,high school,yes,no
10054,20,male,nursing,4th year,graduate,no,yes
10055,20,other,bca,3rd year,high school,no,no
10056,19,female,diploma,4th year,no formal,yes,yes
10057,22,male,pharmacy,4th year,graduate,no,no
10058,21,female,b.com,1st year,graduate,yes,no
10059,21,male,b.sc,2nd year,post graduate,yes,no
10060,17,female,b.sc,1st year,graduate,yes,no
10061,17,female,bca,3rd year,post graduate,yes,yes
10062,17,other,nursing,1st year,post graduate,yes,yes
10063,23,other,pharmacy,4th year,no formal,yes,yes
10064,23,female,b.tech,4th year,graduate,no,yes
10065,17,other,b.tech,2nd year,graduate,yes,yes
10066,17,male,diploma,3rd year,post graduate,yes,yes
10067,23,other,b.com,4th year,no formal,yes,yes
10068,21,male,bba,4th year,no formal,no,no
10069,19,other,b.tech,2nd year,phd,yes,no
10070,21,other,b.tech,4th year,post graduate,yes,yes
10071,18,male,bba,1st year,graduate,no,no
10072,18,male,diploma,1st year,no formal,yes,no
10073,19,other,nursing,2nd year,high school,yes,yes
10074,24,other,bba,2nd year,post graduate,yes,no
10075,23,other,bca,3rd year,post graduate,no,no
10076,18,male,nursing,4th year,phd,yes,yes
10077,21,female,ba,1st year,graduate,no,yes
10078,24,female,b.sc,2nd year,post graduate,yes,yes
10079,24,other,nursing,4th year,high school,yes,yes
10080,23,other,b.tech,3rd year,no formal,no,no
10081,18,other,b.com,2nd year,high school,yes,no
10082,18,female,b.sc,2nd year,phd,yes,no
10083,18,male,bca,3rd year,phd,yes,yes
10084,18,other,b.com,3rd year,no formal,no,yes
10085,18,male,ba,4th year,no formal,yes,yes
10086,19,male,bca,4th year,no formal,yes,yes
10087,21,male,b.com,4th year,post graduate,yes,no
10088,20,female,ba,1st year,phd,no,yes
10089,20,male,bba,2nd year,phd,no,no
10090,18,female,b.sc,2nd year,no formal,yes,yes
10091,18,male,pharmacy,3rd year,graduate,yes,yes
10092,24,other,pharmacy,4th year,graduate,yes,yes
10093,21,female,diploma,2nd year,phd,yes,yes
10094,18,male,b.tech,2nd year,phd,no,yes
10095,23,other,bba,4th year,phd,yes,no
10096,23,female,ba,3rd year,high school,yes,no
10097,24,male,b.sc,2nd year,high school,yes,no
10098,18,female,nursing,4th year,post graduate,yes,no
10099,22,other,ba,2nd year,post graduate,yes,no
10100,24,other,bca,1st year,graduate,no,yes
10101,23,female,diploma,1st year,no formal,yes,no
10102,18,other,b.com,1st year,graduate,yes,yes
10103,24,male,ba,4th year,phd,yes,no
10104,20,other,pharmacy,1st year,graduate,yes,no
10105,20,other,nursing,4th year,phd,yes,no
10106,21,female,bba,1st year,graduate,yes,yes
10107,23,female,bba,1st year,phd,yes,yes
10108,17,female,b.tech,2nd year,phd,no,no
10109,21,male,b.sc,1st year,post graduate,yes,no
10110,23,other,b.tech,1st year,phd,no,no
10111,21,other,nursing,4th year,no formal,yes,yes
10112,19,other,pharmacy,2nd year,high school,yes,yes
10113,17,male,b.sc,2nd year,no formal,yes,yes
10114,21,other,b.com,4th year,post graduate,yes,yes
10115,22,female,ba,4th year,high school,yes,yes
10116,21,other,nursing,2nd year,graduate,yes,yes
10117,24,other,ba,2nd year,phd,yes,no
10118,21,other,b.tech,2nd year,post graduate,no,yes
10119,21,other,bca,2nd year,post graduate,yes,yes
10120,17,male,b.sc,1st year,no formal,yes,yes
10121,21,male,bca,4th year,post graduate,yes,no
10122,18,male,nursing,3rd year,high school,yes,yes
10123,22,female,b.tech,3rd year,phd,yes,yes
10124,18,other,pharmacy,2nd year,high school,yes,yes
10125,24,other,bca,3rd year,post graduate,no,yes
10126,19,female,b.tech,1st year,graduate,no,no
10127,20,other,b.sc,1st year,high school,no,yes
10128,18,male,b.sc,4th year,high school,yes,no
10129,18,female,nursing,1st year,high school,yes,yes
10130,24,female,diploma,4th year,graduate,no,yes
10131,19,male,ba,2nd year,phd,no,yes
10132,21,female,bba,3rd year,phd,yes,yes
10133,24,other,ba,3rd year,high school,yes,yes
10134,21,other,ba,3rd year,no formal,yes,no
10135,17,other,bca,4th year,high school,yes,yes
10136,19,other,b.sc,2nd year,graduate,yes,yes
10137,20,female,diploma,4th year,graduate,no,yes
10138,19,male,pharmacy,2nd year,no formal,no,no
10139,18,other,pharmacy,4th year,no formal,yes,no
10140,21,female,b.sc,2nd year,graduate,yes,yes
10141,20,female,ba,4th year,high school,yes,no
10142,19,male,b.com,4th year,high school,yes,no
10143,20,other,bca,3rd year,high school,yes,no
10144,19,other,b.com,4th year,phd,yes,yes
10145,18,other,ba,3rd year,phd,no,no
10146,20,male,b.sc,3rd year,high school,no,yes
10147,24,other,bca,2nd year,post graduate,no,yes
10148,21,female,bba,2nd year,phd,yes,yes
10149,21,male,bba,1st year,high school,yes,yes
10150,24,female,ba,3rd year,no formal,yes,no
10151,21,female,diploma,3rd year,high school,yes,yes
10152,18,female,bca,3rd year,phd,yes,yes
10153,20,male,b.sc,3rd year,no formal,yes,yes
10154,20,female,ba,1st year,high school,yes,no
10155,20,other,bca,4th year,phd,yes,no
10156,18,other,b.sc,2nd year,high school,yes,yes
10157,17,other,ba,3rd year,graduate,yes,yes
10158,19,female,nursing,1st year,phd,no,yes
10159,24,other,ba,3rd year,phd,yes,yes
10160,22,male,bba,2nd year,high school,yes,yes
10161,23,other,diploma,4th year,high school,no,no
10162,18,female,b.com,4th year,graduate,yes,no
10163,20,female,nursing,4th year,high school,yes,yes
10164,21,female,b.tech,2nd year,post graduate,yes,yes
10165,20,other,bba,3rd year,post graduate,no,yes
10166,20,male,bca,3rd year,graduate,yes,yes
10167,19,female,b.com,2nd year,graduate,yes,no
10168,17,other,nursing,2nd year,no formal,yes,no
10169,23,female,b.tech,3rd year,post graduate,yes,yes
10170,24,male,bca,1st year,phd,no,yes
10171,17,female,bca,2nd year,phd,no,yes
10172,20,other,nursing,3rd year,post graduate,no,no
10173,21,other,b.sc,4th year,post graduate,yes,yes
10174,23,male,b.sc,3rd year,phd,yes,yes
10175,24,female,bca,3rd year,high school,yes,yes
10176,20,other,pharmacy,4th year,post graduate,yes,yes
10177,22,male,nursing,1st year,no formal,yes,no
10178,24,male,b.sc,3rd year,post graduate,yes,yes
10179,23,male,ba,3rd year,high school,yes,yes
10180,19,female,b.com,4th year,graduate,yes,no
10181,23,female,nursing,3rd year,no formal,yes,yes
10182,20,male,bba,1st year,no formal,yes,yes
10183,17,male,ba,1st year,post graduate,yes,yes
10184,23,female,b.tech,3rd year,phd,yes,no
10185,23,other,bca,2nd year,no formal,yes,no
10186,19,male,ba,2nd year,phd,no,no
10187,20,female,b.tech,2nd year,post graduate,yes,yes
10188,19,other,b.sc,3rd year,post graduate,no,yes
10189,17,female,diploma,2nd year,high school,yes,yes
10190,24,female,diploma,3rd year,phd,yes,no
10191,17,male,bba,2nd year,post graduate,yes,no
10192,21,other,diploma,1st year,no formal,yes,no
10193,17,other,diploma,3rd year,phd,no,no
10194,22,other,bca,3rd year,high school,yes,yes
10195,24,other,b.sc,1st year,graduate,yes,yes
10196,22,female,ba,3rd year,no formal,yes,no
10197,21,female,nursing,1st year,high school,yes,yes
10198,23,other,b.com,2nd year,post graduate,yes,no
10199,24,male,bca,1st year,phd,yes,yes
10200,23,male,nursing,3rd year,graduate,yes,no
10201,18,male,bba,4th year,post graduate,no,yes
10202,21,female,bba,4th year,no formal,yes,no
10203,23,male,b.sc,1st year,high school,yes,yes
10204,19,female,bba,1st year,graduate,yes,yes
10205,22,female,b.tech,4th year,no formal,yes,no
10206,17,other,b.sc,3rd year,high school,yes,no
10207,24,female,bba,2nd year,no formal,yes,no
10208,21,male,b.sc,4th year,graduate,yes,yes
10209,22,other,ba,1st year,high school,yes,yes
10210,23,female,ba,1st year,high school,yes,yes
10211,18,male,bba,2nd year,graduate,yes,no
10212,20,female,diploma,2nd year,no formal,no,no
10213,23,male,bba,1st year,post graduate,no,yes
10214,18,female,nursing,3rd year,graduate,yes,no
10215,23,other,bba,2nd year,phd,yes,no
10216,19,male,pharmacy,3rd year,high school,yes,no
10217,21,other,pharmacy,3rd year,no formal,yes,yes
10218,21,female,ba,4th year,graduate,yes,yes
10219,22,other,diploma,4th year,no formal,no,yes
10220,23,other,bba,3rd year,high school,yes,yes
10221,19,other,nursing,2nd year,post graduate,yes,no
10222,18,male,diploma,3rd year,phd,no,no
10223,20,other,ba,2nd year,graduate,yes,yes
10224,21,female,b.com,2nd year,no formal,no,yes
10225,23,other,nursing,2nd year,high school,no,no
10226,23,other,bba,1st year,high school,yes,no
10227,19,female,diploma,1st year,no formal,yes,yes
10228,24,other,diploma,3rd year,post graduate,no,yes
10229,17,female,b.sc,1st year,post graduate,no,yes
10230,17,male,b.com,1st year,high school,yes,yes
10231,17,other,pharmacy,3rd year,graduate,yes,yes
10232,24,female,b.com,4th year,graduate,yes,yes
10233,18,male,nursing,1st year,graduate,yes,yes
10234,21,male,ba,1st year,post graduate,yes,yes
10235,23,other,nursing,2nd year,post graduate,yes,no
10236,23,other,bca,1st year,no formal,yes,yes
10237,24,other,b.tech,4th year,high school,no,yes
10238,17,female,b.com,4th year,phd,yes,yes
10239,20,male,pharmacy,1st year,graduate,yes,yes
10240,21,female,b.sc,1st year,graduate,yes,yes
10241,22,male,b.com,3rd year,post graduate,yes,no
10242,21,male,b.sc,2nd year,post graduate,yes,yes
10243,21,male,bca,3rd year,graduate,no,no
10244,19,female,nursing,4th year,phd,yes,yes
10245,17,male,pharmacy,2nd year,graduate,no,yes
10246,20,male,nursing,4th year,phd,yes,no
10247,19,male,nursing,2nd year,graduate,yes,no
10248,21,other,pharmacy,1st year,high school,no,no
10249,23,female,bca,4th year,no formal,yes,yes
10250,21,female,nursing,2nd year,graduate,yes,yes
10251,21,female,bca,1st year,phd,yes,yes
10252,17,female,b.sc,3rd year,graduate,yes,yes
10253,22,female,b.tech,3rd year,post graduate,yes,no
10254,20,other,b.tech,2nd year,graduate,no,no
10255,17,other,ba,1st year,phd,yes,no
10256,18,male,bba,1st year,post graduate,yes,yes
10257,23,other,bca,4th year,post graduate,no,yes
10258,24,male,bba,1st year,high school,yes,no
10259,21,male,ba,2nd year,graduate,yes,yes
10260,24,female,diploma,4th year,graduate,no,yes
10261,18,female,nursing,2nd year,phd,yes,yes
10262,19,other,b.com,2nd year,post graduate,yes,yes
10263,24,other,b.com,4th year,no formal,no,yes
10264,18,male,pharmacy,4th year,high school,yes,yes
10265,22,female,pharmacy,3rd year,high school,yes,no
10266,18,other,b.com,1st year,post graduate,yes,no
10267,19,other,bba,2nd year,post graduate,yes,yes
10268,20,female,bca,3rd year,no formal,yes,yes
10269,19,female,bca,4th year,post graduate,no,yes
10270,23,female,nursing,3rd year,post graduate,yes,yes
10271,24,male,b.tech,3rd year,high school,yes,no
10272,21,female,bba,2nd year,no formal,yes,yes
10273,21,other,b.sc,2nd year,no formal,yes,yes
10274,17,male,diploma,3rd year,post graduate,no,no
10275,18,other,bca,3rd year,high school,yes,yes
10276,17,male,diploma,1st year,no formal,yes,no
10277,23,male,pharmacy,2nd year,graduate,yes,no
10278,18,other,nursing,4th year,post graduate,yes,yes
10279,19,female,nursing,3rd year,graduate,no,yes
10280,23,female,nursing,3rd year,graduate,yes,yes
10281,22,female,bca,4th year,high school,yes,no
10282,21,female,ba,2nd year,graduate,yes,yes
10283,17,female,ba,1st year,graduate,yes,yes
10284,21,other,ba,3rd year,post graduate,yes,no
10285,21,female,bca,2nd year,post graduate,yes,yes
10286,19,male,nursing,4th year,phd,yes,no
10287,22,male,ba,1st year,high school,yes,no
10288,24,female,bca,2nd year,no formal,yes,no
10289,19,female,ba,1st year,no formal,no,yes
10290,19,female,bca,2nd year,post graduate,yes,yes
10291,19,male,nursing,3rd year,graduate,yes,no
10292,23,male,ba,4th year,graduate,no,yes
10293,17,male,ba,4th year,post graduate,no,no
10294,24,other,b.sc,1st year,post graduate,yes,no
10295,23,female,bba,4th year,phd,yes,no
10296,20,other,bba,3rd year,phd,yes,no
10297,21,female,b.sc,1st year,post graduate,yes,no
10298,24,male,pharmacy,1st year,post graduate,yes,no
10299,23,female,nursing,4th year,phd,yes,no
10300,19,other,b.com,3rd year,no formal,yes,yes
10301,17,female,pharmacy,1st year,phd,yes,yes
10302,22,male,b.com,2nd year,graduate,yes,no
10303,18,male,ba,4th year,high school,yes,no
10304,17,other,b.sc,1st year,graduate,no,no
10305,24,male,bca,3rd year,phd,yes,no
10306,20,other,bba,4th year,no formal,yes,yes
10307,22,other,b.com,1st year,no formal,yes,no
10308,18,male,b.com,3rd year,post graduate,yes,yes
10309,17,female,pharmacy,3rd year,post graduate,yes,yes
10310,17,female,diploma,2nd year,post graduate,yes,yes
10311,19,other,b.sc,3rd year,phd,no,no
10312,17,other,b.sc,3rd year,post graduate,no,yes
10313,20,male,b.tech,2nd year,phd,yes,yes
10314,19,male,b.com,2nd year,no formal,yes,no
10315,21,other,diploma,3rd year,high school,yes,no
10316,21,female,b.tech,1st year,post graduate,yes,yes
10317,19,male,b.com,1st year,phd,yes,no
10318,20,female,b.tech,3rd year,high school,yes,yes
10319,17,male,bca,2nd year,graduate,yes,no
10320,19,male,nursing,4th year,high school,yes,yes
10321,24,other,bba,4th year,phd,yes,yes
10322,24,male,pharmacy,1st year,graduate,yes,yes
10323,20,other,diploma,4th year,no formal,yes,yes
10324,24,male,diploma,4th year,graduate,yes,no
10325,21,male,b.com,2nd year,high school,yes,no
10326,18,other,nursing,3rd year,graduate,yes,yes
10327,23,male,bca,2nd year,high school,yes,no
10328,20,female,b.tech,1st year,phd,yes,no
10329,21,female,b.tech,1st year,phd,yes,no
10330,22,female,pharmacy,3rd year,no formal,yes,yes
10331,19,female,b.com,3rd year,high school,yes,no
10332,22,male,bba,2nd year,graduate,no,yes
10333,21,male,diploma,2nd year,phd,no,no
10334,19,male,diploma,4th year,high school,yes,yes
10335,19,male,b.tech,3rd year,post graduate,no,yes
10336,22,female,bca,3rd year,no formal,no,no
10337,18,female,pharmacy,3rd year,phd,yes,no
10338,17,male,ba,1st year,high school,yes,yes
10339,24,male,bba,2nd year,high school,yes,no
10340,19,other,b.com,1st year,post graduate,no,yes
10341,22,male,diploma,4th year,post graduate,yes,yes
10342,22,female,b.sc,2nd year,graduate,yes,yes
10343,23,other,bba,1st year,phd,no,yes
10344,22,other,ba,2nd year,graduate,no,no
10345,22,other,bca,2nd year,graduate,yes,no
10346,23,female,bba,4th year,graduate,yes,yes
10347,24,female,pharmacy,1st year,no formal,yes,no
10348,17,other,pharmacy,4th year,high school,yes,no
10349,22,other,b.com,1st year,post graduate,yes,yes
10350,18,male,b.tech,4th year,no formal,yes,yes
10351,24,other,bba,3rd year,post graduate,yes,yes
10352,17,other,bca,3rd year,graduate,yes,no
10353,18,other,diploma,3rd year,post graduate,yes,yes
10354,18,male,bba,1st year,phd,yes,no
10355,21,female,bca,4th year,graduate,no,yes
10356,17,male,b.tech,3rd year,post graduate,yes,yes
10357,17,male,diploma,1st year,post graduate,yes,yes
10358,21,female,b.com,1st year,high school,yes,yes
10359,24,male,ba,3rd year,high school,no,yes
10360,21,male,ba,1st year,graduate,no,no
10361,20,male,b.tech,3rd year,no formal,yes,yes
10362,22,female,bba,2nd year,graduate,yes,yes
10363,21,male,ba,3rd year,phd,yes,yes
10364,20,other,b.com,4th year,phd,yes,yes
10365,21,other,b.com,4th year,post graduate,yes,no
10366,17,other,b.tech,3rd year,no formal,yes,yes
10367,18,other,nursing,3rd year,phd,yes,no
10368,22,female,b.com,1st year,no formal,yes,no
10369,19,female,nursing,4th year,graduate,yes,no
10370,17,other,nursing,4th year,phd,yes,yes
10371,17,female,bba,1st year,post graduate,yes,no
10372,23,female,nursing,4th year,no formal,yes,no
10373,19,female,b.sc,1st year,graduate,no,no
10374,17,male,b.sc,3rd year,phd,yes,no
10375,22,other,pharmacy,1st year,graduate,yes,yes
10376,21,other,bca,1st year,graduate,yes,yes
10377,20,other,diploma,1st year,high school,yes,no
10378,24,male,pharmacy,2nd year,graduate,yes,no
10379,19,other,b.tech,2nd year,graduate,no,yes
10380,21,male,b.sc,2nd year,no formal,yes,yes
10381,22,male,pharmacy,2nd year,phd,yes,no
10382,21,male,b.sc,3rd year,phd,yes,no
10383,18,male,bba,2nd year,no formal,yes,yes
10384,22,male,b.tech,3rd year,no formal,yes,no
10385,22,other,b.com,2nd year,post graduate,yes,yes
10386,17,male,b.sc,2nd year,graduate,yes,yes
10387,18,other,b.com,1st year,post graduate,yes,yes
10388,22,male,nursing,2nd year,no formal,yes,yes
10389,17,female,b.com,1st year,post graduate,yes,no
10390,24,female,nursing,3rd year,no formal,yes,no
10391,17,other,pharmacy,3rd year,no formal,no,yes
10392,24,other,bba,4th year,post graduate,yes,yes
10393,22,other,bba,2nd year,high school,yes,no
10394,20,other,ba,1st year,high school,yes,no
10395,19,male,diploma,4th year,phd,yes,no
10396,19,male,nursing,3rd year,post graduate,yes,yes
10397,22,female,nursing,2nd year,high school,yes,no
10398,23,male,b.sc,4th year,post graduate,yes,yes
10399,18,female,diploma,3rd year,no formal,yes,no
10400,21,female,b.sc,3rd year,graduate,yes,yes
10401,24,male,bba,2nd year,no formal,yes,no
10402,19,male,b.tech,2nd year,post graduate,yes,no
10403,22,other,bba,2nd year,high school,yes,yes
10404,18,female,nursing,3rd year,high school,no,yes
10405,23,other,nursing,4th year,high school,yes,yes
10406,18,female,diploma,4th year,phd,yes,no
10407,19,female,bca,2nd year,phd,yes,yes
10408,20,other,bca,4th year,high school,no,yes
10409,19,male,b.tech,3rd year,no formal,yes,no
10410,18,male,diploma,1st year,graduate,yes,no
10411,22,other,diploma,4th year,post graduate,yes,yes
10412,17,other,b.sc,1st year,phd,yes,no
10413,24,male,bca,1st year,phd,yes,yes
10414,17,female,ba,1st year,post graduate,yes,yes
10415,19,female,bba,3rd year,no formal,yes,no
10416,24,other,nursing,1st year,no formal,yes,yes
10417,18,female,b.com,3rd year,no formal,yes,no
10418,17,male,pharmacy,3rd year,high school,no,no
10419,22,other,ba,3rd year,post graduate,yes,yes
10420,17,other,bba,2nd year,phd,yes,no
10421,24,female,b.tech,2nd year,post graduate,yes,no
10422,20,other,b.sc,3rd year,phd,yes,yes
10423,23,male,b.com,2nd year,high school,yes,yes
10424,18,male,pharmacy,3rd year,post graduate,yes,no
10425,18,other,b.com,3rd year,no formal,yes,yes
10426,24,female,ba,3rd year,no formal,yes,yes
10427,23,male,nursing,2nd year,phd,yes,yes
10428,24,other,b.com,1st year,graduate,no,yes
10429,19,male,nursing,3rd year,post graduate,yes,yes
10430,20,male,b.sc,2nd year,phd,yes,yes
10431,21,female,b.sc,2nd year,graduate,no,no
10432,20,female,b.tech,1st year,no formal,yes,no
10433,18,other,b.sc,3rd year,post graduate,yes,yes
10434,20,female,bca,4th year,phd,yes,no
10435,21,male,b.tech,4th year,high school,yes,no
10436,17,other,bca,2nd year,graduate,no,no
10437,19,female,bca,1st year,post graduate,yes,yes
10438,19,male,b.com,1st year,post graduate,yes,yes
10439,17,female,b.tech,2nd year,no formal,yes,yes
10440,17,female,b.sc,1st year,no formal,yes,no
10441,20,female,b.sc,1st year,post graduate,yes,yes
10442,17,male,bba,3rd year,no formal,no,yes
10443,19,female,pharmacy,1st year,graduate,yes,yes
10444,21,female,ba,3rd year,high school,yes,no
10445,23,other,bca,4th year,graduate,no,no
10446,17,other,b.com,4th year,phd,yes,yes
10447,20,other,b.tech,4th year,phd,yes,yes
10448,17,female,b.sc,2nd year,post graduate,yes,yes
10449,20,female,bba,3rd year,high school,no,yes
10450,20,female,nursing,1st year,post graduate,yes,yes
10451,23,male,b.com,1st year,no formal,yes,yes
10452,20,male,pharmacy,4th year,phd,yes,no
10453,24,other,bca,1st year,phd,yes,yes
10454,18,male,ba,2nd year,high school,yes,no
10455,17,other,bca,2nd year,no formal,no,no
10456,17,other,diploma,2nd year,phd,yes,yes
10457,19,other,diploma,3rd year,no formal,yes,yes
10458,18,male,nursing,4th year,no formal,no,yes
10459,17,female,bca,3rd year,no formal,yes,yes
10460,18,other,b.tech,3rd year,no formal,no,no
10461,24,female,ba,3rd year,phd,no,no
10462,23,female,pharmacy,2nd year,graduate,yes,no
10463,17,other,b.sc,2nd year,no formal,yes,yes
10464,24,other,bba,4th year,phd,yes,yes
10465,18,male,bba,2nd year,graduate,yes,no
10466,20,male,bca,2nd year,post graduate,yes,yes
10467,19,female,nursing,1st year,graduate,yes,yes
10468,20,female,bba,1st year,no formal,yes,yes
10469,23,other,b.tech,4th year,post graduate,yes,yes
10470,22,male,b.com,1st year,phd,yes,yes
10471,21,male,bca,3rd year,phd,yes,yes
10472,22,other,nursing,1st year,post graduate,yes,no
10473,22,female,bca,4th year,post graduate,yes,no
10474,18,other,diploma,2nd year,post graduate,yes,yes
10475,20,male,b.com,4th year,phd,yes,yes
10476,17,female,b.tech,4th year,graduate,yes,yes
10477,22,female,pharmacy,3rd year,phd,yes,yes
10478,20,other,bca,4th year,high school,no,no
10479,22,male,diploma,4th year,high school,no,yes
10480,21,male,pharmacy,3rd year,no formal,yes,yes
10481,19,female,b.sc,2nd year,graduate,yes,no
10482,18,female,nursing,4th year,post graduate,no,yes
10483,24,other,ba,4th year,graduate,yes,yes
10484,19,other,bca,2nd year,no formal,no,yes
10485,17,male,ba,2nd year,graduate,yes,yes
10486,19,male,b.sc,2nd year,graduate,no,yes
10487,24,female,nursing,4th year,no formal,no,no
10488,19,other,ba,1st year,graduate,yes,yes
10489,24,female,b.tech,1st year,high school,yes,yes
10490,20,other,b.sc,3rd year,graduate,yes,no
10491,23,male,pharmacy,4th year,no formal,yes,no
10492,22,other,nursing,2nd year,phd,yes,yes
10493,17,male,bca,3rd year,high school,yes,yes
10494,21,other,nursing,1st year,graduate,no,yes
10495,20,other,bca,4th year,no formal,yes,no
10496,18,male,pharmacy,4th year,graduate,no,yes
10497,21,male,b.tech,3rd year,high school,yes,yes
10498,17,female,b.tech,1st year,no formal,no,yes
10499,22,other,diploma,1st year,graduate,yes,yes
10500,23,male,pharmacy,3rd year,high school,yes,no
10501,17,male,bca,1st year,high school,no,no
10502,20,other,pharmacy,1st year,no formal,yes,no
10503,22,other,ba,4th year,post graduate,yes,no
10504,17,male,diploma,3rd year,no formal,yes,no
10505,20,other,bba,3rd year,graduate,yes,yes
10506,19,other,nursing,3rd year,graduate,yes,no
10507,17,other,bca,2nd year,post graduate,yes,no
10508,23,male,ba,1st year,graduate,no,yes
10509,20,other,b.com,3rd year,post graduate,yes,yes
10510,23,male,b.com,1st year,phd,no,no
10511,21,male,b.tech,2nd year,high school,yes,yes
10512,24,male,b.sc,3rd year,no formal,yes,yes
10513,24,female,bba,4th year,post graduate,yes,no
10514,21,other,b.tech,3rd year,no formal,yes,yes
10515,19,male,bba,4th year,high school,yes,yes
10516,20,male,b.tech,2nd year,post graduate,yes,no
10517,23,male,b.sc,1st year,post graduate,yes,yes
10518,20,male,diploma,2nd year,no formal,yes,yes
10519,21,other,b.tech,3rd year,graduate,yes,yes
10520,18,male,ba,1st year,post graduate,yes,yes
10521,24,male,b.sc,4th year,high school,yes,no
10522,22,male,b.tech,2nd year,post graduate,no,no
10523,19,male,b.sc,3rd year,post graduate,no,yes
10524,21,other,b.sc,4th year,post graduate,yes,yes
10525,20,male,b.tech,3rd year,high school,yes,no
10526,18,female,bca,1st year,high school,yes,yes
10527,23,female,b.sc,2nd year,graduate,yes,no
10528,24,male,pharmacy,2nd year,no formal,yes,no
10529,23,female,bba,4th year,graduate,yes,yes
10530,19,male,ba,3rd year,phd,yes,yes
10531,19,female,nursing,3rd year,post graduate,no,yes
10532,17,male,diploma,4th year,phd,yes,yes
10533,22,female,ba,1st year,high school,yes,yes
10534,19,female,pharmacy,1st year,post graduate,yes,yes
10535,24,female,bba,3rd year,post graduate,yes,yes
10536,23,male,diploma,3rd year,no formal,yes,yes
10537,18,other,pharmacy,2nd year,high school,yes,no
10538,24,male,diploma,3rd year,graduate,yes,yes
10539,18,male,bca,1st year,post graduate,yes,yes
10540,20,male,bca,1st year,post graduate,yes,no
10541,20,other,bca,4th year,phd,yes,yes
10542,24,male,pharmacy,1st year,no formal,yes,yes
10543,22,female,diploma,3rd year,post graduate,yes,yes
10544,24,other,b.com,4th year,phd,yes,yes
10545,21,male,b.tech,3rd year,no formal,yes,no
10546,23,male,nursing,2nd year,phd,yes,yes
10547,23,male,bba,2nd year,phd,no,yes
10548,23,other,ba,1st year,no formal,yes,yes
10549,20,other,pharmacy,1st year,high school,no,yes
10550,20,female,b.sc,3rd year,no formal,yes,yes
10551,24,other,b.tech,3rd year,no formal,yes,yes
10552,23,other,diploma,2nd year,high school,yes,yes
10553,24,male,pharmacy,2nd year,graduate,yes,yes
10554,21,male,nursing,1st year,graduate,yes,yes
10555,24,male,nursing,1st year,phd,yes,yes
10556,22,other,nursing,2nd year,graduate,yes,no
10557,22,other,diploma,4th year,no formal,yes,yes
10558,18,other,pharmacy,2nd year,post graduate,yes,yes
10559,21,female,ba,1st year,post graduate,yes,no
10560,22,other,diploma,3rd year,graduate,yes,no
10561,23,other,b.tech,1st year,post graduate,yes,no
10562,24,other,bba,2nd year,no formal,no,yes
10563,19,other,b.com,3rd year,post graduate,yes,yes
10564,19,male,pharmacy,1st year,high school,yes,yes
10565,24,other,ba,4th year,no formal,yes,no
10566,24,other,b.sc,3rd year,graduate,yes,no
10567,18,male,bca,4th year,high school,yes,yes
10568,20,other,b.tech,3rd year,graduate,yes,no
10569,24,female,b.sc,4th year,graduate,yes,yes
10570,18,male,ba,3rd year,phd,yes,yes
10571,23,other,bca,1st year,graduate,yes,no
10572,17,male,bca,1st year,no formal,yes,no
10573,18,female,b.tech,1st year,graduate,yes,no
10574,23,other,diploma,1st year,phd,yes,yes
10575,21,male,b.tech,4th year,high school,no,yes
10576,21,male,nursing,4th year,high school,yes,yes
10577,23,other,b.tech,3rd year,no formal,yes,yes
10578,19,other,b.tech,1st year,post graduate,yes,yes
10579,21,female,bba,4th year,no formal,yes,yes
10580,21,female,nursing,2nd year,high school,no,yes
10581,22,other,diploma,4th year,no formal,no,no
10582,19,other,bca,3rd year,high school,no,yes
10583,22,other,b.sc,2nd year,phd,no,yes
10584,20,male,pharmacy,4th year,graduate,yes,yes
10585,21,female,b.tech,3rd year,no formal,yes,no
10586,23,other,ba,4th year,post graduate,yes,yes
10587,20,male,diploma,3rd year,high school,yes,no
10588,22,female,bca,2nd year,no formal,yes,no
10589,24,male,nursing,1st year,no formal,yes,yes
10590,23,other,diploma,4th year,high school,yes,no
10591,24,other,pharmacy,4th year,no formal,no,yes
10592,21,male,bba,1st year,graduate,yes,no
10593,19,female,nursing,3rd year,graduate,no,no
10594,24,male,b.sc,4th year,post graduate,yes,yes
10595,22,other,b.sc,3rd year,high school,yes,yes
10596,18,male,b.tech,2nd year,no formal,no,no
10597,19,female,b.sc,1st year,no formal,no,no
10598,19,male,b.sc,4th year,no formal,yes,yes
10599,23,male,nursing,2nd year,high school,yes,yes
10600,17,other,bba,4th year,post graduate,yes,no
10601,22,female,ba,2nd year,graduate,no,yes
10602,21,male,bca,4th year,high school,yes,yes
10603,17,other,ba,1st year,high school,yes,no
10604,21,male,bca,3rd year,no formal,yes,yes
10605,23,female,b.tech,3rd year,no formal,yes,no
10606,22,other,diploma,1st year,high school,yes,no
10607,21,other,nursing,3rd year,graduate,no,yes
10608,19,male,b.tech,2nd year,graduate,no,yes
10609,18,male,b.tech,3rd year,phd,yes,yes
10610,17,male,b.sc,1st year,phd,no,yes
10611,19,female,bca,1st year,high school,yes,yes
10612,22,other,diploma,3rd year,post graduate,yes,no
10613,17,female,nursing,4th year,no formal,yes,yes
10614,24,female,nursing,1st year,post graduate,yes,yes
10615,21,male,bca,1st year,phd,no,yes
10616,19,other,diploma,2nd year,post graduate,no,yes
10617,24,female,b.com,1st year,graduate,yes,yes
10618,18,female,diploma,1st year,high school,yes,no
10619,24,male,b.sc,3rd year,phd,yes,no
10620,19,male,pharmacy,4th year,phd,yes,yes
10621,20,male,b.tech,3rd year,post graduate,yes,yes
10622,20,female,pharmacy,2nd year,no formal,yes,yes
10623,24,other,bba,1st year,phd,yes,no
10624,19,other,bca,3rd year,phd,no,no
10625,24,female,b.sc,4th year,high school,yes,yes
10626,19,female,b.com,1st year,high school,yes,no
10627,19,female,nursing,3rd year,post graduate,yes,yes
10628,22,other,b.tech,2nd year,post graduate,yes,no
10629,22,male,b.sc,2nd year,post graduate,no,no
10630,19,female,bca,3rd year,phd,yes,yes
10631,18,other,nursing,1st year,high school,no,yes
10632,20,female,ba,1st year,phd,yes,no
10633,21,female,b.tech,1st year,graduate,yes,no
10634,17,other,b.sc,3rd year,phd,no,yes
10635,17,male,pharmacy,4th year,high school,no,no
10636,24,male,b.sc,2nd year,phd,yes,yes
10637,17,other,bca,3rd year,post graduate,yes,yes
10638,20,female,pharmacy,4th year,graduate,no,no
10639,23,male,ba,4th year,phd,yes,yes
10640,19,male,b.tech,1st year,high school,yes,no
10641,20,other,nursing,4th year,post graduate,yes,yes
10642,17,other,nursing,2nd year,graduate,yes,no
10643,23,male,bca,4th year,no formal,yes,yes
10644,22,female,pharmacy,4th year,high school,yes,yes
10645,23,female,diploma,1st year,phd,yes,yes
10646,23,male,diploma,4th year,graduate,yes,yes
10647,19,male,ba,1st year,phd,yes,no
10648,17,male,b.tech,2nd year,no formal,yes,no
10649,19,other,diploma,3rd year,post graduate,yes,no
10650,18,other,nursing,1st year,phd,yes,no
10651,21,other,diploma,1st year,phd,yes,yes
10652,18,male,bca,2nd year,post graduate,yes,no
10653,24,other,diploma,3rd year,graduate,yes,no
10654,21,male,b.com,3rd year,no formal,yes,yes
10655,19,other,b.sc,4th year,high school,yes,yes
10656,24,male,bca,2nd year,post graduate,yes,yes
10657,23,male,pharmacy,3rd year,phd,yes,no
10658,20,female,b.sc,1st year,post graduate,no,no
10659,18,other,b.tech,2nd year,post graduate,yes,no
10660,19,male,diploma,3rd year,phd,no,yes
10661,21,female,ba,2nd year,high school,yes,yes
10662,23,other,pharmacy,1st year,high school,yes,no
10663,19,female,bba,1st year,no formal,yes,yes
10664,22,other,bba,4th year,post graduate,yes,yes
10665,19,female,b.tech,4th year,no formal,yes,yes
10666,18,male,pharmacy,1st year,high school,yes,no
10667,20,male,b.com,1st year,no formal,yes,no
10668,18,female,ba,4th year,phd,no,no
10669,20,male,bca,1st year,high school,no,yes
10670,19,male,nursing,3rd year,phd,no,yes
10671,19,other,nursing,2nd year,high school,yes,no
10672,23,male,diploma,4th year,no formal,yes,yes
10673,19,male,b.tech,3rd year,phd,yes,no
10674,22,female,b.tech,4th year,high school,yes,yes
10675,22,female,nursing,1st year,post graduate,no,yes
10676,22,male,pharmacy,1st year,no formal,no,no
10677,19,male,bca,4th year,no formal,yes,yes
10678,23,other,pharmacy,1st year,high school,yes,yes
10679,18,female,b.com,2nd year,post graduate,yes,yes
10680,19,female,ba,1st year,no formal,yes,yes
10681,23,male,b.sc,1st year,post graduate,yes,yes
10682,19,male,nursing,3rd year,post graduate,no,yes
10683,22,male,diploma,1st year,no formal,yes,no
10684,17,other,b.com,1st year,graduate,yes,no
10685,21,other,pharmacy,4th year,phd,yes,yes
10686,23,female,b.tech,3rd year,graduate,yes,no
10687,22,other,diploma,1st year,post graduate,yes,yes
10688,21,male,b.sc,4th year,post graduate,yes,yes
10689,23,other,nursing,4th year,graduate,yes,no
10690,19,female,bba,2nd year,post graduate,yes,no
10691,20,female,b.com,2nd year,phd,yes,no
10692,17,other,b.tech,3rd year,high school,yes,yes
10693,22,male,bca,1st year,no formal,no,yes
10694,22,female,b.sc,4th year,post graduate,no,yes
10695,23,male,bba,1st year,high school,no,yes
10696,22,female,pharmacy,4th year,post graduate,yes,yes
10697,18,male,nursing,3rd year,no formal,yes,yes
10698,22,female,bba,1st year,high school,yes,yes
10699,23,other,diploma,2nd year,post graduate,no,yes
10700,18,male,nursing,2nd year,no formal,no,yes
10701,20,male,bca,4th year,graduate,yes,yes
10702,24,male,b.sc,3rd year,post graduate,no,yes
10703,20,other,nursing,2nd year,graduate,yes,yes
10704,23,female,b.tech,2nd year,no formal,yes,no
10705,21,other,bba,1st year,post graduate,yes,no
10706,22,other,nursing,3rd year,no formal,yes,yes
10707,22,male,bca,3rd year,graduate,yes,yes
10708,22,other,ba,4th year,graduate,yes,yes
10709,23,male,ba,3rd year,graduate,yes,no
10710,24,male,bba,2nd year,phd,yes,yes
10711,19,other,diploma,2nd year,phd,no,no
10712,24,female,pharmacy,2nd year,post graduate,no,no
10713,22,other,nursing,3rd year,graduate,yes,yes
10714,21,male,b.com,1st year,post graduate,yes,yes
10715,19,female,b.sc,1st year,no formal,yes,no
10716,20,male,bba,4th year,high school,yes,yes
10717,22,other,nursing,1st year,graduate,yes,yes
10718,19,other,bca,1st year,phd,no,yes
10719,19,other,b.com,3rd year,high school,yes,yes
10720,23,male,b.tech,1st year,graduate,yes,yes
10721,20,other,b.com,3rd year,phd,yes,yes
10722,22,other,diploma,3rd year,phd,yes,yes
10723,17,other,diploma,1st year,no formal,yes,yes
10724,17,female,bba,2nd year,graduate,no,yes
10725,23,other,ba,4th year,post graduate,yes,yes
10726,18,other,b.sc,2nd year,post graduate,yes,yes
10727,23,male,pharmacy,3rd year,phd,yes,yes
10728,24,other,ba,3rd year,phd,no,yes
10729,20,male,diploma,2nd year,high school,yes,yes
10730,24,other,bba,3rd year,phd,yes,yes
10731,20,male,bca,2nd year,graduate,yes,no
10732,24,other,bca,1st year,no formal,yes,yes
10733,18,other,ba,2nd year,high school,yes,yes
10734,20,other,pharmacy,2nd year,high school,yes,yes
10735,20,other,bba,4th year,phd,yes,yes
10736,23,female,diploma,3rd year,post graduate,yes,yes
10737,17,other,pharmacy,3rd year,high school,yes,yes
10738,23,male,ba,2nd year,no formal,no,yes
10739,17,female,b.com,3rd year,high school,no,no
10740,19,male,pharmacy,4th year,high school,no,yes
10741,21,male,nursing,4th year,graduate,yes,no
10742,18,other,nursing,1st year,no formal,yes,yes
10743,20,female,pharmacy,2nd year,graduate,yes,no
10744,24,male,b.tech,2nd year,graduate,yes,yes
10745,23,other,pharmacy,3rd year,post graduate,no,yes
10746,17,other,b.sc,3rd year,graduate,yes,no
10747,21,female,b.sc,4th year,post graduate,yes,no
10748,21,male,b.sc,3rd year,no formal,yes,no
10749,17,other,b.sc,4th year,no formal,yes,no
10750,22,other,b.tech,1st year,graduate,no,yes
10751,21,male,b.sc,1st year,phd,yes,yes
10752,22,male,bba,3rd year,high school,yes,yes
10753,19,other,ba,3rd year,post graduate,yes,no
10754,19,other,ba,4th year,phd,yes,yes
10755,22,other,b.sc,3rd year,no formal,yes,no
10756,22,male,pharmacy,2nd year,no formal,yes,no
10757,18,male,b.com,3rd year,post graduate,yes,yes
10758,18,female,bba,1st year,phd,yes,yes
10759,21,female,b.sc,2nd year,post graduate,yes,yes
10760,23,other,b.sc,1st year,phd,yes,yes
10761,18,other,b.com,1st year,no formal,no,no
10762,18,male,pharmacy,2nd year,graduate,no,no
10763,23,male,b.sc,1st year,post graduate,yes,no
10764,22,male,bba,1st year,post graduate,yes,yes
10765,24,male,bba,4th year,no formal,yes,no
10766,23,other,b.tech,4th year,no formal,no,no
10767,24,male,ba,3rd year,phd,yes,no
10768,18,other,b.tech,4th year,high school,yes,yes
10769,19,female,b.sc,1st year,no formal,yes,yes
10770,18,male,diploma,4th year,no formal,no,yes
10771,17,other,bca,2nd year,no formal,yes,yes
10772,23,female,bba,2nd year,graduate,yes,no
10773,22,male,b.sc,4th year,graduate,no,yes
10774,17,male,bca,2nd year,phd,yes,no
10775,18,female,pharmacy,3rd year,graduate,yes,yes
10776,18,male,nursing,2nd year,no formal,yes,yes
10777,20,female,b.sc,3rd year,graduate,yes,yes
10778,20,female,diploma,1st year,graduate,no,yes
10779,19,male,b.com,1st year,high school,yes,yes
10780,24,male,nursing,3rd year,post graduate,no,no
10781,18,female,bba,4th year,phd,yes,no
10782,21,female,diploma,1st year,graduate,yes,no
10783,20,male,bba,3rd year,post graduate,yes,yes
10784,20,male,diploma,1st year,graduate,yes,no
10785,23,male,pharmacy,3rd year,post graduate,yes,yes
10786,24,other,b.sc,4th year,graduate,yes,yes
10787,17,other,pharmacy,2nd year,high school,yes,yes
10788,20,female,bba,4th year,graduate,yes,yes
10789,17,female,b.sc,2nd year,high school,yes,yes
10790,20,male,ba,4th year,no formal,yes,yes
10791,21,male,b.tech,3rd year,post graduate,yes,no
10792,20,other,bba,2nd year,graduate,yes,yes
10793,19,male,bba,2nd year,post graduate,yes,no
10794,19,other,ba,4th year,graduate,yes,yes
10795,19,male,ba,2nd year,phd,no,yes
10796,19,male,bca,2nd year,no formal,yes,yes
10797,19,other,nursing,3rd year,no formal,yes,yes
10798,22,other,ba,1st year,graduate,yes,no
10799,17,other,b.tech,1st year,phd,no,yes
10800,17,male,bca,2nd year,graduate,yes,no
10801,21,female,pharmacy,2nd year,graduate,yes,no
10802,22,male,ba,3rd year,graduate,no,no
10803,19,male,b.sc,2nd year,high school,yes,yes
10804,18,female,pharmacy,2nd year,graduate,no,yes
10805,21,male,ba,4th year,phd,yes,yes
10806,20,male,ba,4th year,graduate,yes,no
10807,22,female,b.com,2nd year,graduate,yes,no
10808,18,other,diploma,2nd year,post graduate,yes,yes
10809,17,male,b.sc,3rd year,post graduate,yes,yes
10810,21,female,bca,4th year,high school,no,yes
10811,20,other,ba,3rd year,graduate,yes,yes
10812,22,other,ba,1st year,graduate,yes,no
10813,21,female,b.sc,3rd year,high school,yes,no
10814,19,male,nursing,3rd year,graduate,no,yes
10815,18,other,bba,4th year,no formal,yes,no
10816,18,male,pharmacy,4th year,graduate,no,no
10817,23,male,nursing,3rd year,high school,yes,no
10818,18,female,diploma,3rd year,phd,yes,no
10819,21,male,bba,1st year,post graduate,yes,yes
10820,23,male,pharmacy,4th year,post graduate,yes,no
10821,24,male,bca,2nd year,high school,yes,yes
10822,19,other,ba,3rd year,no formal,yes,no
10823,17,other,ba,3rd year,high school,yes,no
10824,23,other,pharmacy,1st year,graduate,yes,yes
10825,22,male,b.com,2nd year,graduate,yes,yes
10826,19,other,nursing,3rd year,no formal,yes,yes
10827,21,female,b.com,2nd year,high school,yes,yes
10828,18,other,diploma,3rd year,post graduate,yes,yes
10829,22,female,b.com,3rd year,phd,no,no
10830,22,male,nursing,1st year,phd,no,no
10831,19,male,nursing,2nd year,graduate,yes,yes
10832,20,male,diploma,2nd year,post graduate,yes,no
10833,19,other,pharmacy,2nd year,post graduate,yes,no
10834,17,female,bba,1st year,high school,yes,yes
10835,18,other,nursing,1st year,high school,yes,yes
10836,24,other,bba,2nd year,no formal,yes,no
10837,20,male,b.tech,4th year,no formal,yes,yes
10838,18,male,ba,4th year,high school,yes,no
10839,17,male,b.tech,4th year,high school,yes,no
10840,19,male,bca,4th year,graduate,yes,no
10841,24,other,b.sc,4th year,phd,yes,yes
10842,20,female,b.com,3rd year,phd,yes,yes
10843,24,female,nursing,1st year,no formal,no,yes
10844,20,male,diploma,2nd year,graduate,yes,yes
10845,23,female,ba,3rd year,graduate,yes,no
10846,23,female,bba,2nd year,phd,yes,no
10847,17,male,bca,2nd year,graduate,yes,yes
10848,17,male,ba,1st year,high school,yes,yes
10849,24,female,diploma,2nd year,post graduate,yes,yes
10850,24,female,b.sc,2nd year,no formal,yes,yes
10851,18,other,ba,4th year,no formal,yes,yes
10852,22,female,b.com,4th year,post graduate,yes,yes
10853,24,male,diploma,1st year,high school,yes,yes
10854,24,other,bca,3rd year,high school,yes,yes
10855,19,female,nursing,4th year,phd,yes,yes
10856,23,other,ba,2nd year,high school,yes,yes
10857,22,male,b.com,4th year,no formal,yes,yes
10858,24,male,b.tech,1st year,no formal,yes,yes
10859,18,male,nursing,2nd year,phd,yes,yes
10860,21,other,b.com,4th year,graduate,yes,no
10861,17,male,diploma,3rd year,no formal,no,yes
10862,19,other,ba,2nd year,high school,no,yes
10863,17,other,b.com,4th year,high school,no,yes
10864,20,female,b.com,2nd year,phd,yes,yes
10865,23,other,nursing,4th year,graduate,yes,no
10866,22,other,b.com,2nd year,phd,no,no
10867,19,other,b.com,2nd year,graduate,no,yes
10868,20,other,diploma,2nd year,post graduate,yes,yes
10869,19,female,bba,2nd year,no formal,yes,no
10870,22,male,diploma,3rd year,high school,yes,yes
10871,19,male,b.tech,4th year,graduate,yes,no
10872,17,female,pharmacy,3rd year,no formal,yes,no
10873,21,female,b.com,1st year,high school,yes,no
10874,23,female,b.sc,3rd year,post graduate,yes,yes
10875,20,male,b.tech,2nd year,post graduate,yes,yes
10876,18,female,b.com,1st year,no formal,yes,yes
10877,17,female,ba,2nd year,high school,yes,no
10878,24,other,b.tech,4th year,graduate,no,no
10879,23,other,bca,2nd year,high school,yes,yes
10880,18,female,bca,3rd year,no formal,no,yes
10881,17,other,diploma,1st year,no formal,yes,yes
10882,18,male,b.tech,4th year,graduate,yes,yes
10883,20,other,b.tech,4th year,high school,yes,yes
10884,23,other,b.sc,1st year,graduate,no,yes
10885,18,male,ba,3rd year,post graduate,yes,yes
10886,23,other,bca,4th year,graduate,yes,yes
10887,17,female,b.sc,4th year,graduate,yes,no
10888,22,male,ba,3rd year,post graduate,no,no
10889,19,female,bba,3rd year,no formal,yes,yes
10890,24,other,bba,3rd year,high school,yes,no
10891,20,other,bba,1st year,post graduate,yes,yes
10892,19,female,bca,1st year,high school,yes,yes
10893,18,female,diploma,2nd year,phd,yes,yes
10894,23,female,nursing,2nd year,graduate,yes,yes
10895,20,other,pharmacy,4th year,no formal,yes,no
10896,19,female,ba,4th year,post graduate,yes,no
10897,22,female,b.com,2nd year,graduate,yes,yes
10898,21,other,b.com,2nd year,no formal,yes,no
10899,22,female,ba,3rd year,high school,yes,no
10900,20,male,bba,3rd year,phd,yes,yes
10901,17,male,bca,4th year,graduate,yes,yes
10902,17,male,b.tech,3rd year,high school,yes,no
10903,17,female,pharmacy,3rd year,graduate,yes,yes
10904,21,female,b.tech,4th year,no formal,no,no
10905,21,male,ba,4th year,high school,yes,no
10906,22,other,bba,2nd year,graduate,yes,no
10907,24,male,ba,2nd year,phd,yes,yes
10908,18,male,b.sc,4th year,high school,yes,yes
10909,24,other,bba,1st year,phd,yes,yes
10910,24,male,b.tech,2nd year,graduate,yes,yes
10911,21,other,diploma,1st year,phd,yes,yes
10912,21,other,diploma,4th year,no formal,yes,no
10913,18,other,diploma,4th year,no formal,yes,yes
10914,18,other,nursing,2nd year,graduate,no,yes
10915,17,female,nursing,1st year,post graduate,yes,yes
10916,22,female,b.sc,1st year,high school,yes,no
10917,20,female,nursing,3rd year,no formal,yes,no
10918,18,female,bca,2nd year,no formal,yes,no
10919,18,other,b.sc,4th year,high school,no,yes
10920,17,female,pharmacy,4th year,high school,yes,no
10921,22,female,nursing,2nd year,graduate,yes,yes
10922,22,other,b.com,3rd year,post graduate,yes,no
10923,22,male,pharmacy,1st year,no formal,yes,no
10924,17,female,diploma,1st year,post graduate,yes,yes
10925,17,other,bba,2nd year,phd,yes,yes
10926,17,other,b.sc,1st year,high school,yes,no
10927,23,male,diploma,1st year,high school,yes,no
10928,22,male,pharmacy,3rd year,phd,yes,yes
10929,19,male,b.sc,1st year,phd,yes,yes
10930,17,other,b.tech,1st year,no formal,no,yes
10931,19,male,b.com,3rd year,phd,yes,yes
10932,23,male,b.com,1st year,phd,yes,yes
10933,18,female,ba,1st year,high school,yes,yes
10934,23,other,pharmacy,3rd year,phd,yes,yes
10935,20,male,pharmacy,1st year,no formal,yes,yes
10936,18,male,diploma,2nd year,graduate,yes,yes
10937,24,male,b.sc,3rd year,post graduate,yes,yes
10938,21,male,b.sc,1st year,no formal,yes,yes
10939,22,male,b.tech,3rd year,phd,yes,no
10940,17,male,nursing,2nd year,phd,no,no
10941,19,female,b.sc,2nd year,high school,yes,yes
10942,22,male,pharmacy,3rd year,graduate,yes,yes
10943,22,female,bca,1st year,high school,yes,yes
10944,17,female,bba,3rd year,no formal,yes,yes
10945,21,female,pharmacy,2nd year,phd,yes,no
10946,24,female,b.sc,1st year,phd,yes,yes
10947,23,female,bba,4th year,graduate,no,no
10948,18,other,b.com,2nd year,graduate,yes,no
10949,24,male,b.sc,1st year,post graduate,yes,no
10950,22,female,pharmacy,2nd year,graduate,yes,no
10951,17,female,bca,3rd year,post graduate,yes,yes
10952,18,female,b.sc,2nd year,graduate,yes,yes
10953,24,male,b.tech,2nd year,no formal,no,yes
10954,18,male,b.com,1st year,phd,yes,no
10955,17,other,nursing,1st year,graduate,yes,yes
10956,20,other,b.sc,2nd year,graduate,yes,no
10957,21,female,diploma,2nd year,post graduate,yes,no
10958,21,male,b.tech,3rd year,phd,yes,yes
10959,22,female,ba,2nd year,graduate,yes,yes
10960,24,male,bba,1st year,no formal,yes,yes
10961,23,male,b.sc,3rd year,no formal,yes,yes
10962,17,male,ba,4th year,post graduate,yes,yes
10963,17,male,b.com,4th year,graduate,yes,yes
10964,17,male,b.tech,4th year,graduate,yes,yes
10965,20,male,b.tech,2nd year,phd,yes,yes
10966,19,female,b.sc,2nd year,high school,yes,no
10967,24,other,diploma,1st year,post graduate,yes,no
10968,19,male,b.tech,3rd year,high school,yes,no
10969,17,male,bba,2nd year,post graduate,yes,yes
10970,24,male,b.tech,3rd year,no formal,yes,no
10971,19,female,b.sc,2nd year,high school,no,no
10972,24,other,b.sc,1st year,high school,yes,no
10973,23,male,ba,3rd year,no formal,no,yes
10974,24,male,diploma,2nd year,post graduate,no,yes
10975,23,male,ba,3rd year,high school,yes,yes
10976,18,female,b.tech,4th year,high school,yes,no
10977,22,female,b.sc,2nd year,high school,no,yes
10978,20,female,b.com,1st year,post graduate,no,yes
10979,22,male,b.com,3rd year,graduate,yes,yes
10980,22,other,bca,3rd year,phd,yes,no
10981,21,female,ba,2nd year,graduate,yes,no
10982,19,other,diploma,3rd year,post graduate,no,no
10983,24,other,b.com,4th year,phd,yes,no
10984,22,male,diploma,1st year,phd,no,yes
10985,24,male,b.tech,4th year,post graduate,yes,no
10986,18,other,pharmacy,3rd year,graduate,no,no
10987,23,other,pharmacy,4th year,phd,yes,yes
10988,19,female,b.com,4th year,phd,no,yes
10989,20,male,b.com,1st year,no formal,yes,yes
10990,23,male,b.tech,1st year,post graduate,yes,yes
10991,19,other,pharmacy,1st year,no formal,yes,yes
10992,19,other,b.tech,1st year,high school,yes,yes
10993,24,male,b.tech,2nd year,phd,yes,yes
10994,24,other,b.tech,2nd year,post graduate,yes,yes
10995,19,male,b.com,4th year,post graduate,yes,no
10996,19,male,pharmacy,4th year,post graduate,yes,yes
10997,18,female,b.sc,2nd year,no formal,yes,no
10998,17,female,bca,3rd year,post graduate,yes,yes
10999,21,other,bca,2nd year,no formal,yes,no
11000,19,male,nursing,3rd year,high school,no,yes
11001,23,other,diploma,2nd year,no formal,yes,yes
11002,18,female,pharmacy,4th year,graduate,no,no
11003,22,male,bca,1st year,phd,yes,yes
11004,21,other,nursing,4th year,phd,yes,yes
11005,21,female,b.com,4th year,no formal,no,no
11006,17,female,ba,1st year,phd,yes,yes
11007,20,male,diploma,3rd year,high school,yes,no
11008,22,other,nursing,4th year,high school,yes,yes
11009,19,other,b.tech,4th year,high school,yes,no
11010,23,male,ba,2nd year,graduate,yes,yes
11011,21,other,nursing,3rd year,no formal,yes,no
11012,19,other,b.sc,1st year,high school,no,yes
11013,17,female,ba,2nd year,high school,yes,yes
11014,18,other,bba,2nd year,post graduate,yes,yes
11015,20,female,b.tech,2nd year,phd,no,no
11016,20,other,pharmacy,2nd year,no formal,yes,no
11017,23,male,ba,3rd year,graduate,yes,yes
11018,23,male,nursing,4th year,phd,yes,no
11019,18,female,ba,3rd year,phd,no,yes
11020,21,male,ba,2nd year,graduate,no,yes
11021,20,other,pharmacy,3rd year,post graduate,no,yes
11022,17,male,nursing,3rd year,high school,yes,no
11023,22,other,bba,2nd year,phd,yes,yes
11024,21,female,bba,1st year,no formal,no,yes
11025,17,other,nursing,3rd year,graduate,no,yes
11026,20,other,diploma,1st year,graduate,yes,yes
11027,22,other,pharmacy,3rd year,no formal,yes,yes
11028,19,female,b.com,4th year,graduate,yes,no
11029,19,other,b.sc,4th year,phd,yes,no
11030,17,male,b.sc,4th year,post graduate,yes,yes
11031,18,female,bba,2nd year,no formal,yes,no
11032,24,male,b.com,2nd year,graduate,no,yes
11033,21,male,nursing,3rd year,post graduate,yes,no
11034,18,female,nursing,1st year,graduate,yes,yes
11035,20,male,b.sc,4th year,no formal,yes,yes
11036,18,female,pharmacy,1st year,high school,no,yes
11037,20,female,bca,4th year,graduate,yes,yes
11038,18,male,b.com,4th year,no formal,no,yes
11039,21,female,b.sc,4th year,graduate,no,yes
11040,21,other,b.sc,1st year,high school,yes,no
11041,22,female,bba,4th year,no formal,yes,no
11042,20,male,b.tech,1st year,high school,yes,yes
11043,19,female,b.sc,2nd year,no formal,yes,yes
11044,18,female,diploma,3rd year,post graduate,yes,yes
11045,18,other,bba,2nd year,no formal,yes,no
11046,20,female,bba,4th year,no formal,yes,yes
11047,20,male,b.com,2nd year,high school,yes,yes
11048,22,male,bca,1st year,post graduate,yes,yes
11049,17,male,ba,1st year,graduate,yes,yes
11050,19,female,b.tech,4th year,no formal,yes,yes
11051,23,other,bca,3rd year,high school,yes,no
11052,24,other,b.tech,2nd year,no formal,no,no
11053,24,male,diploma,1st year,graduate,yes,yes
11054,19,female,pharmacy,3rd year,high school,yes,yes
11055,18,male,diploma,2nd year,phd,yes,no
11056,18,other,bca,1st year,high school,no,no
11057,18,female,pharmacy,3rd year,graduate,no,yes
11058,24,female,b.sc,4th year,no formal,yes,no
11059,24,female,diploma,2nd year,graduate,yes,yes
11060,23,male,b.sc,3rd year,phd,yes,yes
11061,22,male,b.tech,2nd year,no formal,yes,yes
11062,19,other,b.com,4th year,high school,no,yes
11063,20,male,bba,3rd year,high school,yes,yes
11064,23,other,b.tech,3rd year,graduate,no,no
11065,23,male,b.com,1st year,graduate,yes,no
11066,21,male,b.tech,4th year,phd,yes,yes
11067,23,other,b.com,1st year,no formal,yes,no
11068,19,other,diploma,3rd year,high school,yes,yes
11069,20,other,b.sc,2nd year,graduate,yes,no
11070,23,other,b.com,3rd year,post graduate,yes,yes
11071,20,female,b.sc,4th year,no formal,yes,yes
11072,23,male,ba,1st year,post graduate,yes,yes
11073,20,female,diploma,1st year,graduate,yes,yes
11074,19,female,bba,4th year,high school,yes,yes
11075,18,other,b.sc,3rd year,high school,yes,yes
11076,21,male,b.com,2nd year,no formal,yes,yes
11077,20,male,diploma,1st year,post graduate,yes,yes
11078,19,female,bba,3rd year,post graduate,yes,no
11079,22,other,bba,2nd year,phd,yes,yes
11080,17,other,nursing,3rd year,high school,no,yes
11081,17,female,nursing,2nd year,high school,yes,yes
11082,24,female,b.com,4th year,high school,yes,no
11083,22,female,diploma,3rd year,no formal,yes,no
11084,21,female,nursing,3rd year,graduate,yes,no
11085,17,female,pharmacy,1st year,no formal,yes,yes
11086,21,male,b.com,3rd year,no formal,yes,no
11087,20,female,diploma,3rd year,high school,yes,yes
11088,21,female,b.sc,3rd year,phd,yes,yes
11089,17,other,bba,3rd year,phd,yes,no
11090,21,other,b.tech,3rd year,phd,yes,yes
11091,21,other,bca,1st year,phd,yes,yes
11092,19,male,diploma,2nd year,phd,yes,no
11093,17,female,bba,1st year,post graduate,yes,yes
11094,24,female,ba,4th year,no formal,yes,yes
11095,22,other,b.com,1st year,phd,yes,yes
11096,21,female,diploma,4th year,phd,yes,yes
11097,23,other,pharmacy,3rd year,graduate,no,no
11098,22,other,b.sc,3rd year,post graduate,yes,yes
11099,18,female,b.com,3rd year,high school,no,yes
11100,20,other,bca,1st year,graduate,yes,yes
11101,24,other,ba,3rd year,no formal,yes,no
11102,19,other,b.tech,2nd year,post graduate,yes,no
11103,24,other,b.tech,4th year,graduate,yes,yes
11104,17,female,b.com,4th year,post graduate,no,no
11105,19,female,pharmacy,4th year,high school,yes,no
11106,19,female,bca,4th year,graduate,yes,no
11107,21,other,b.com,4th year,no formal,yes,no
11108,18,female,b.tech,2nd year,graduate,yes,no
11109,18,other,diploma,2nd year,phd,no,yes
11110,22,other,ba,4th year,graduate,yes,no
11111,19,female,ba,4th year,phd,yes,yes
11112,24,female,bca,2nd year,no formal,yes,yes
11113,23,female,b.com,3rd year,post graduate,yes,yes
11114,19,other,diploma,4th year,no formal,yes,no
11115,21,male,b.com,4th year,graduate,yes,no
11116,19,male,diploma,4th year,graduate,yes,yes
11117,19,male,bba,2nd year,graduate,yes,no
11118,22,male,b.sc,3rd year,graduate,yes,no
11119,19,other,bca,3rd year,post graduate,no,yes
11120,18,other,b.tech,4th year,post graduate,yes,no
11121,19,female,diploma,4th year,no formal,yes,no
11122,24,male,ba,3rd year,post graduate,yes,no
11123,19,female,diploma,4th year,high school,yes,yes
11124,19,other,b.com,2nd year,graduate,yes,yes
11125,22,male,ba,3rd year,phd,no,yes
11126,17,female,b.com,4th year,high school,yes,no
11127,19,female,b.com,4th year,post graduate,yes,yes
11128,18,other,ba,1st year,post graduate,yes,no
11129,24,female,b.tech,1st year,graduate,yes,no
11130,24,female,ba,1st year,high school,yes,yes
11131,23,other,b.sc,1st year,post graduate,no,no
11132,18,other,bba,1st year,phd,yes,yes
11133,21,female,b.tech,4th year,phd,yes,no
11134,22,other,b.tech,3rd year,graduate,no,yes
11135,23,other,ba,1st year,no formal,yes,yes
11136,18,female,b.com,3rd year,phd,yes,yes
11137,22,other,nursing,4th year,post graduate,yes,no
11138,18,female,b.com,4th year,no formal,yes,yes
11139,21,female,ba,4th year,post graduate,yes,yes
11140,24,male,b.com,4th year,post graduate,yes,yes
11141,17,other,pharmacy,4th year,phd,yes,yes
11142,18,male,nursing,4th year,graduate,yes,no
11143,23,other,b.sc,4th year,graduate,no,yes
11144,17,other,b.com,3rd year,no formal,no,yes
11145,22,other,b.sc,1st year,graduate,yes,no
11146,21,male,b.sc,4th year,graduate,no,no
11147,19,female,b.com,1st year,phd,yes,yes
11148,23,other,nursing,2nd year,high school,no,yes
11149,23,female,bba,3rd year,no formal,yes,yes
11150,19,female,ba,3rd year,high school,yes,no
11151,17,female,b.sc,4th year,high school,yes,yes
11152,18,male,b.sc,1st year,graduate,yes,yes
11153,17,female,bba,4th year,post graduate,no,yes
11154,24,other,diploma,1st year,high school,yes,yes
11155,21,male,bca,3rd year,high school,yes,yes
11156,22,male,bca,1st year,high school,yes,yes
11157,18,male,b.com,3rd year,phd,yes,yes
11158,23,female,pharmacy,1st year,high school,yes,yes
11159,22,male,nursing,1st year,post graduate,yes,yes
11160,23,female,nursing,4th year,no formal,no,no
11161,20,other,diploma,3rd year,no formal,yes,no
11162,22,male,diploma,2nd year,high school,yes,no
11163,21,male,b.tech,2nd year,graduate,no,yes
11164,20,male,b.sc,4th year,high school,yes,no
11165,21,female,b.sc,4th year,high school,yes,yes
11166,19,other,bba,2nd year,graduate,yes,yes
11167,24,male,bca,1st year,high school,yes,yes
11168,22,male,b.sc,3rd year,graduate,yes,no
11169,22,male,diploma,1st year,no formal,no,yes
11170,22,other,bba,2nd year,no formal,yes,yes
11171,20,male,bca,3rd year,phd,yes,yes
11172,24,female,pharmacy,4th year,graduate,yes,no
11173,18,female,bca,1st year,high school,yes,no
11174,21,male,b.tech,1st year,no formal,yes,no
11175,17,female,diploma,2nd year,post graduate,no,no
11176,19,male,nursing,3rd year,high school,yes,yes
11177,21,female,b.tech,3rd year,graduate,yes,no
11178,20,male,bba,4th year,post graduate,no,yes
11179,24,other,bba,1st year,no formal,yes,yes
11180,21,other,b.sc,4th year,post graduate,yes,yes
11181,20,male,b.com,4th year,phd,yes,yes
11182,20,female,nursing,4th year,no formal,no,yes
11183,21,female,ba,4th year,phd,yes,yes
11184,23,male,bba,2nd year,high school,no,no
11185,19,other,diploma,2nd year,no formal,no,yes
11186,21,female,bba,2nd year,graduate,yes,yes
11187,21,male,pharmacy,2nd year,high school,yes,no
11188,17,female,bba,1st year,graduate,yes,yes
11189,24,other,pharmacy,2nd year,no formal,yes,yes
11190,21,female,b.sc,2nd year,post graduate,yes,yes
11191,18,other,nursing,4th year,high school,yes,yes
11192,22,male,b.sc,1st year,post graduate,yes,yes
11193,22,other,nursing,4th year,high school,yes,no
11194,24,male,bca,4th year,no formal,no,yes
11195,17,female,bca,1st year,high school,yes,yes
11196,20,female,nursing,4th year,post graduate,yes,yes
11197,18,male,bca,3rd year,phd,yes,yes
11198,21,other,diploma,3rd year,phd,yes,no
11199,21,female,diploma,4th year,no formal,yes,yes
11200,20,female,nursing,4th year,phd,yes,yes
11201,24,female,b.com,2nd year,high school,yes,yes
11202,21,male,nursing,3rd year,no formal,no,yes
11203,20,female,bca,3rd year,high school,yes,yes
11204,17,male,b.tech,1st year,phd,yes,yes
11205,19,other,pharmacy,1st year,graduate,yes,yes
11206,24,other,diploma,3rd year,no formal,yes,yes
11207,20,other,pharmacy,1st year,post graduate,yes,no
11208,24,male,diploma,2nd year,high school,yes,yes
11209,21,female,ba,1st year,no formal,yes,yes
11210,21,female,ba,2nd year,high school,yes,no
11211,20,other,b.com,3rd year,post graduate,yes,yes
11212,21,female,ba,4th year,high school,no,yes
11213,17,other,b.tech,2nd year,no formal,yes,yes
11214,17,male,diploma,2nd year,high school,yes,no
11215,20,other,diploma,4th year,post graduate,yes,no
11216,21,female,pharmacy,2nd year,no formal,yes,yes
11217,21,other,bba,1st year,graduate,yes,no
11218,20,male,pharmacy,1st year,post graduate,yes,yes
11219,19,male,b.sc,4th year,no formal,no,yes
11220,22,female,bba,3rd year,graduate,no,yes
11221,21,female,nursing,1st year,post graduate,yes,no
11222,17,male,nursing,1st year,post graduate,no,yes
11223,20,female,diploma,4th year,no formal,yes,no
11224,22,female,bba,3rd year,graduate,yes,no
11225,23,male,b.tech,2nd year,phd,yes,yes
11226,19,female,nursing,2nd year,high school,no,yes
11227,24,other,ba,2nd year,no formal,yes,yes
11228,22,male,bca,4th year,graduate,yes,yes
11229,20,other,b.sc,1st year,graduate,yes,yes
11230,22,female,pharmacy,4th year,post graduate,yes,yes
11231,23,male,b.com,1st year,post graduate,yes,no
11232,18,other,pharmacy,1st year,no formal,yes,no
11233,18,other,diploma,2nd year,post graduate,yes,yes
11234,20,other,b.com,4th year,phd,yes,no
11235,17,other,ba,1st year,no formal,yes,yes
11236,23,male,pharmacy,1st year,graduate,yes,yes
11237,24,male,bca,2nd year,high school,yes,yes
11238,21,male,diploma,1st year,post graduate,yes,yes
11239,24,other,bca,2nd year,graduate,yes,yes
11240,17,male,b.com,2nd year,graduate,no,no
11241,22,male,b.sc,3rd year,no formal,yes,no
11242,20,other,b.tech,2nd year,post graduate,yes,no
11243,19,male,ba,3rd year,post graduate,no,yes
11244,19,female,diploma,4th year,post graduate,yes,no
11245,21,male,b.com,2nd year,no formal,yes,yes
11246,22,male,b.com,4th year,post graduate,yes,no
11247,18,female,ba,2nd year,high school,yes,no
11248,21,other,b.com,4th year,no formal,no,yes
11249,24,male,ba,3rd year,high school,yes,yes
11250,17,male,bba,1st year,no formal,no,no
11251,24,female,b.com,4th year,high school,yes,no
11252,21,female,b.tech,3rd year,high school,yes,yes
11253,19,female,b.tech,2nd year,no formal,yes,no
11254,22,female,ba,3rd year,phd,yes,no
11255,21,other,b.sc,4th year,post graduate,yes,yes
11256,23,female,nursing,1st year,high school,yes,yes
11257,17,other,b.sc,1st year,high school,yes,yes
11258,17,other,b.tech,4th year,high school,no,yes
11259,22,female,bca,2nd year,post graduate,yes,yes
11260,19,male,bca,4th year,high school,yes,yes
11261,18,female,diploma,4th year,no formal,yes,yes
11262,20,female,b.sc,4th year,graduate,yes,yes
11263,22,female,diploma,4th year,high school,yes,yes
11264,18,female,nursing,4th year,phd,no,yes
11265,24,female,bca,3rd year,high school,yes,yes
11266,20,male,ba,1st year,post graduate,yes,yes
11267,18,female,bba,1st year,high school,no,yes
11268,17,other,nursing,4th year,no formal,yes,no
11269,23,other,b.sc,2nd year,high school,yes,no
11270,17,other,diploma,4th year,phd,yes,yes
11271,20,other,b.com,4th year,no formal,yes,yes
11272,22,other,nursing,3rd year,phd,yes,yes
11273,21,male,b.sc,1st year,no formal,yes,no
11274,19,other,bba,1st year,post graduate,yes,yes
11275,17,male,ba,3rd year,post graduate,yes,no
11276,22,male,bba,2nd year,graduate,yes,yes
11277,20,male,ba,2nd year,no formal,no,yes
11278,17,female,b.tech,1st year,post graduate,yes,no
11279,18,male,nursing,2nd year,no formal,yes,no
11280,21,female,bba,1st year,post graduate,no,yes
11281,18,male,bca,1st year,post graduate,yes,yes
11282,20,male,bba,4th year,phd,no,no
11283,17,female,bba,4th year,high school,yes,yes
11284,23,female,bca,4th year,post graduate,yes,no
11285,22,female,ba,4th year,no formal,no,no
11286,23,female,b.sc,4th year,graduate,no,no
11287,17,female,b.tech,2nd year,post graduate,yes,no
11288,20,male,bba,2nd year,no formal,no,no
11289,19,female,b.sc,3rd year,phd,yes,yes
11290,21,other,bba,3rd year,high school,no,yes
11291,23,male,bca,2nd year,phd,yes,no
11292,18,male,bca,2nd year,no formal,yes,yes
11293,23,other,b.sc,1st year,high school,no,no
11294,21,female,bca,2nd year,post graduate,yes,yes
11295,23,male,pharmacy,4th year,no formal,yes,yes
11296,17,other,ba,2nd year,phd,yes,no
11297,24,male,b.sc,3rd year,phd,no,no
11298,20,female,bba,4th year,no formal,no,yes
11299,19,female,bca,4th year,phd,yes,yes
11300,18,male,ba,4th year,graduate,yes,yes
11301,24,other,bca,1st year,phd,no,yes
11302,24,female,diploma,4th year,post graduate,yes,yes
11303,18,male,bca,1st year,high school,yes,yes
11304,20,other,nursing,1st year,no formal,yes,no
11305,22,female,b.sc,2nd year,high school,no,yes
11306,21,other,b.com,2nd year,graduate,yes,yes
11307,18,other,bba,1st year,graduate,yes,yes
11308,19,male,b.com,3rd year,post graduate,no,yes
11309,19,other,pharmacy,4th year,phd,yes,no
11310,19,male,diploma,3rd year,high school,yes,no
11311,24,female,ba,4th year,no formal,no,no
11312,18,female,diploma,4th year,post graduate,yes,yes
11313,22,female,pharmacy,4th year,post graduate,yes,yes
11314,24,male,b.tech,1st year,post graduate,no,no
11315,23,male,bca,3rd year,post graduate,no,yes
11316,23,other,ba,1st year,post graduate,yes,yes
11317,18,other,diploma,4th year,graduate,yes,yes
11318,18,other,b.com,4th year,high school,yes,yes
11319,23,female,b.com,1st year,post graduate,no,yes
11320,22,other,diploma,3rd year,no formal,yes,yes
11321,22,male,pharmacy,1st year,no formal,yes,yes
11322,20,other,b.sc,3rd year,no formal,no,yes
11323,21,male,bca,2nd year,high school,yes,yes
11324,17,female,nursing,4th year,graduate,yes,no
11325,19,female,b.sc,2nd year,graduate,yes,no
11326,21,other,bca,3rd year,no formal,yes,yes
11327,18,male,pharmacy,3rd year,graduate,yes,no
11328,18,female,nursing,3rd year,post graduate,yes,yes
11329,17,male,b.sc,4th year,high school,yes,yes
11330,18,male,pharmacy,1st year,graduate,yes,yes
11331,24,female,ba,1st year,high school,no,yes
11332,22,other,bba,3rd year,phd,yes,no
11333,24,male,b.com,1st year,graduate,yes,yes
11334,19,other,diploma,2nd year,phd,yes,yes
11335,21,female,b.sc,3rd year,high school,yes,no
11336,24,other,diploma,3rd year,high school,yes,no
11337,19,male,b.tech,1st year,post graduate,yes,yes
11338,22,male,nursing,3rd year,high school,yes,yes
11339,22,other,b.com,4th year,post graduate,yes,yes
11340,23,male,bba,1st year,no formal,yes,no
11341,24,male,b.com,2nd year,phd,yes,yes
11342,21,other,b.tech,2nd year,post graduate,no,yes
11343,21,other,b.tech,2nd year,graduate,yes,no
11344,23,male,pharmacy,2nd year,graduate,yes,no
11345,22,other,b.sc,1st year,high school,yes,yes
11346,19,female,b.tech,3rd year,high school,yes,no
11347,22,male,bba,1st year,high school,no,yes
11348,21,female,pharmacy,1st year,post graduate,yes,yes
11349,18,male,b.tech,3rd year,high school,no,yes
11350,21,male,b.com,4th year,high school,yes,yes
11351,21,male,bca,3rd year,high school,yes,no
11352,24,male,bba,2nd year,graduate,yes,no
11353,21,female,b.sc,2nd year,high school,yes,yes
11354,18,other,pharmacy,2nd year,graduate,no,no
11355,24,female,ba,1st year,phd,yes,yes
11356,21,male,diploma,3rd year,high school,yes,no
11357,19,female,bba,1st year,no formal,yes,no
11358,23,other,bca,3rd year,post graduate,yes,no
11359,20,other,pharmacy,2nd year,high school,yes,no
11360,19,other,b.com,2nd year,post graduate,no,yes
11361,23,female,nursing,2nd year,phd,yes,no
11362,23,female,b.com,1st year,graduate,yes,yes
11363,21,male,b.com,1st year,graduate,yes,yes
11364,19,female,b.tech,1st year,post graduate,yes,yes
11365,23,female,ba,4th year,no formal,yes,yes
11366,18,male,bca,1st year,no formal,yes,no
11367,22,male,bca,1st year,no formal,yes,yes
11368,21,other,ba,1st year,graduate,yes,no
11369,23,male,ba,2nd year,phd,no,no
11370,20,male,b.com,3rd year,post graduate,yes,yes
11371,23,female,pharmacy,2nd year,phd,yes,yes
11372,17,male,ba,3rd year,high school,yes,yes
11373,23,other,b.com,3rd year,phd,yes,yes
11374,17,other,pharmacy,1st year,post graduate,yes,yes
11375,22,other,bca,1st year,no formal,yes,yes
11376,18,male,nursing,3rd year,graduate,yes,yes
11377,24,other,ba,4th year,post graduate,yes,yes
11378,23,male,ba,1st year,high school,yes,no
11379,17,male,diploma,4th year,post graduate,no,no
11380,24,other,pharmacy,4th year,graduate,yes,yes
11381,19,other,nursing,4th year,post graduate,yes,no
11382,21,male,bba,3rd year,post graduate,yes,yes
11383,17,other,bca,2nd year,high school,yes,no
11384,17,male,ba,3rd year,no formal,yes,yes
11385,18,other,bba,1st year,phd,yes,yes
11386,21,female,ba,2nd year,phd,no,yes
11387,21,male,b.tech,2nd year,phd,yes,yes
11388,23,other,nursing,3rd year,no formal,yes,yes
11389,18,other,b.sc,2nd year,post graduate,yes,yes
11390,22,other,b.com,2nd year,no formal,yes,yes
11391,17,female,b.com,3rd year,graduate,yes,no
11392,19,other,b.sc,4th year,phd,no,yes
11393,18,other,bba,4th year,high school,yes,no
11394,17,other,pharmacy,1st year,high school,yes,yes
11395,21,female,b.com,3rd year,graduate,yes,no
11396,24,male,diploma,2nd year,graduate,yes,yes
11397,22,female,diploma,3rd year,no formal,yes,no
11398,23,female,diploma,4th year,high school,yes,yes
11399,21,male,bca,2nd year,phd,yes,yes
11400,17,male,diploma,3rd year,no formal,no,yes
11401,19,female,diploma,4th year,high school,no,no
11402,23,other,diploma,3rd year,post graduate,yes,no
11403,17,male,bca,3rd year,high school,yes,yes
11404,17,other,b.tech,4th year,post graduate,yes,yes
11405,23,other,bba,1st year,high school,yes,no
11406,17,male,diploma,2nd year,no formal,yes,no
11407,24,male,ba,2nd year,phd,yes,yes
11408,23,other,b.com,1st year,post graduate,yes,yes
11409,22,other,bca,2nd year,high school,yes,no
11410,21,female,b.sc,4th year,no formal,yes,yes
11411,17,other,diploma,4th year,graduate,yes,yes
11412,20,male,pharmacy,1st year,post graduate,yes,no
11413,23,female,bba,4th year,post graduate,yes,no
11414,24,female,b.tech,4th year,post graduate,no,yes
11415,20,male,b.com,4th year,graduate,yes,yes
11416,23,other,b.tech,1st year,phd,yes,yes
11417,23,female,bba,4th year,no formal,no,yes
11418,17,male,b.com,1st year,phd,yes,no
11419,21,male,diploma,1st year,phd,no,yes
11420,21,male,nursing,2nd year,phd,no,yes
11421,21,female,ba,4th year,high school,yes,yes
11422,23,other,pharmacy,4th year,phd,no,no
11423,24,male,bba,3rd year,phd,no,yes
11424,21,female,b.sc,1st year,phd,yes,no
11425,19,female,pharmacy,4th year,high school,yes,yes
11426,24,female,ba,2nd year,post graduate,yes,no
11427,24,female,nursing,3rd year,phd,yes,yes
11428,22,other,diploma,2nd year,no formal,yes,no
11429,22,other,pharmacy,3rd year,high school,yes,yes
11430,17,female,bca,1st year,post graduate,yes,no
11431,20,other,bca,4th year,phd,yes,no
11432,18,male,b.com,1st year,post graduate,no,yes
11433,21,male,b.com,4th year,graduate,yes,yes
11434,23,male,b.com,4th year,phd,yes,no
11435,18,male,b.com,1st year,high school,yes,yes
11436,24,other,bca,3rd year,post graduate,yes,no
11437,18,male,nursing,2nd year,phd,yes,yes
11438,17,female,b.tech,2nd year,high school,yes,yes
11439,24,female,bca,2nd year,no formal,yes,yes
11440,17,other,diploma,1st year,no formal,yes,no
11441,22,male,ba,4th year,post graduate,yes,yes
11442,23,other,b.com,1st year,high school,no,yes
11443,19,female,ba,2nd year,post graduate,yes,yes
11444,17,male,nursing,2nd year,graduate,yes,no
11445,19,male,pharmacy,2nd year,phd,no,yes
11446,17,other,diploma,2nd year,post graduate,yes,no
11447,22,other,bba,3rd year,graduate,yes,yes
11448,24,other,bca,4th year,high school,yes,no
11449,24,female,diploma,3rd year,high school,yes,no
11450,23,other,diploma,1st year,high school,yes,no
11451,23,male,b.sc,4th year,no formal,no,yes
11452,24,male,b.tech,2nd year,high school,yes,yes
11453,23,other,ba,2nd year,phd,yes,no
11454,22,male,b.com,3rd year,phd,yes,no
11455,24,female,bca,4th year,high school,yes,no
11456,19,female,bba,2nd year,high school,yes,no
11457,20,male,pharmacy,1st year,post graduate,yes,no
11458,24,other,diploma,4th year,no formal,yes,yes
11459,19,male,b.sc,2nd year,post graduate,yes,yes
11460,19,other,nursing,3rd year,graduate,no,no
11461,18,male,diploma,2nd year,post graduate,yes,no
11462,19,female,ba,1st year,no formal,yes,yes
11463,21,male,b.tech,2nd year,phd,no,no
11464,24,female,nursing,4th year,post graduate,yes,yes
11465,18,male,b.sc,4th year,no formal,yes,no
11466,22,male,b.sc,2nd year,phd,no,yes
11467,23,female,bba,3rd year,no formal,no,no
11468,24,other,b.tech,1st year,no formal,yes,yes
11469,23,other,ba,1st year,post graduate,yes,yes
11470,18,other,b.com,3rd year,phd,yes,no
11471,20,other,b.tech,1st year,no formal,yes,no
11472,24,other,pharmacy,3rd year,post graduate,yes,no
11473,24,other,b.com,4th year,phd,yes,no
11474,21,female,bba,1st year,no formal,yes,yes
11475,24,other,nursing,3rd year,no formal,yes,yes
11476,22,other,bba,2nd year,high school,yes,yes
11477,17,female,b.com,3rd year,high school,no,no
11478,24,male,diploma,4th year,high school,yes,yes
11479,18,male,diploma,1st year,post graduate,yes,yes
11480,20,female,b.tech,3rd year,high school,yes,yes
11481,18,female,nursing,1st year,graduate,yes,yes
11482,22,female,b.sc,3rd year,high school,no,no
11483,17,other,diploma,2nd year,high school,yes,no
11484,22,female,b.tech,3rd year,phd,yes,no
11485,23,female,b.tech,4th year,high school,yes,no
11486,23,other,b.sc,3rd year,high school,yes,yes
11487,19,other,diploma,2nd year,high school,yes,no
11488,24,female,bba,3rd year,phd,yes,no
11489,19,female,bca,3rd year,phd,yes,no
11490,22,male,b.com,1st year,graduate,yes,yes
11491,21,female,b.sc,3rd year,graduate,yes,yes
11492,17,male,nursing,2nd year,graduate,yes,no
11493,17,female,nursing,1st year,graduate,yes,yes
11494,18,female,nursing,3rd year,post graduate,yes,no
11495,24,male,b.tech,3rd year,no formal,no,no
11496,24,other,pharmacy,3rd year,phd,yes,yes
11497,20,male,bba,2nd year,post graduate,yes,yes
11498,24,female,b.sc,3rd year,phd,no,yes
11499,17,female,b.sc,2nd year,graduate,yes,yes
11500,24,female,bba,3rd year,no formal,no,yes
11501,18,female,bca,4th year,high school,yes,yes
11502,17,male,b.tech,3rd year,high school,yes,no
11503,23,male,bba,3rd year,post graduate,yes,yes
11504,20,other,b.com,2nd year,no formal,yes,yes
11505,19,male,pharmacy,3rd year,no formal,yes,yes
11506,23,female,bca,4th year,no formal,yes,yes
11507,19,male,ba,4th year,post graduate,no,no
11508,23,female,ba,4th year,no formal,yes,yes
11509,18,female,nursing,2nd year,post graduate,yes,no
11510,17,female,diploma,4th year,post graduate,yes,yes
11511,19,other,ba,2nd year,graduate,no,yes
11512,21,male,nursing,4th year,no formal,no,yes
11513,18,female,bca,1st year,no formal,no,yes
11514,18,male,b.tech,4th year,phd,no,yes
11515,22,female,bca,1st year,post graduate,yes,yes
11516,20,male,pharmacy,1st year,post graduate,yes,yes
11517,20,male,nursing,3rd year,phd,yes,yes
11518,18,other,b.tech,3rd year,graduate,no,no
11519,17,other,nursing,1st year,phd,no,yes
11520,17,male,pharmacy,3rd year,graduate,yes,no
11521,22,male,b.sc,4th year,phd,yes,no
11522,17,male,bca,2nd year,post graduate,yes,no
11523,18,male,diploma,3rd year,high school,yes,yes
11524,24,other,b.tech,4th year,no formal,yes,yes
11525,19,female,nursing,1st year,phd,no,no
11526,22,female,ba,2nd year,high school,yes,no
11527,19,female,b.com,4th year,phd,yes,no
11528,24,female,b.com,1st year,no formal,yes,yes
11529,23,female,bba,2nd year,graduate,yes,yes
11530,20,female,nursing,2nd year,no formal,yes,no
11531,22,other,nursing,4th year,no formal,yes,yes
11532,20,male,b.com,1st year,graduate,no,yes
11533,24,female,nursing,2nd year,graduate,no,yes
11534,19,male,nursing,2nd year,high school,yes,yes
11535,23,female,b.tech,1st year,high school,yes,yes
11536,21,other,b.com,1st year,high school,no,yes
11537,22,other,b.tech,2nd year,high school,yes,yes
11538,19,female,pharmacy,1st year,post graduate,yes,yes
11539,23,male,bba,4th year,high school,yes,yes
11540,22,other,b.com,2nd year,post graduate,yes,yes
11541,23,female,pharmacy,1st year,post graduate,no,yes
11542,23,other,diploma,3rd year,high school,yes,yes
11543,18,female,pharmacy,4th year,no formal,yes,no
11544,24,male,nursing,3rd year,no formal,yes,no
11545,23,other,pharmacy,3rd year,graduate,yes,no
11546,18,other,b.sc,1st year,no formal,yes,no
11547,24,other,b.sc,3rd year,no formal,yes,no
11548,21,male,b.tech,4th year,graduate,yes,no
11549,19,female,ba,2nd year,high school,yes,yes
11550,18,female,bba,1st year,graduate,yes,yes
11551,19,male,bca,1st year,post graduate,yes,yes
11552,17,other,diploma,3rd year,post graduate,yes,no
11553,22,male,diploma,3rd year,high school,no,yes
11554,22,male,nursing,4th year,no formal,yes,yes
11555,22,male,bba,2nd year,no formal,yes,yes
11556,21,other,b.com,4th year,phd,yes,yes
11557,19,male,ba,2nd year,no formal,yes,yes
11558,22,female,nursing,3rd year,high school,yes,yes
11559,23,male,nursing,3rd year,phd,yes,yes
11560,17,female,pharmacy,2nd year,high school,yes,no
11561,20,female,bba,2nd year,no formal,yes,yes
11562,24,male,nursing,4th year,phd,yes,no
11563,23,male,ba,3rd year,post graduate,yes,no
11564,24,female,b.tech,3rd year,phd,yes,no
11565,18,male,diploma,3rd year,post graduate,yes,yes
11566,20,female,b.tech,4th year,graduate,no,yes
11567,18,female,bca,4th year,post graduate,yes,no
11568,23,male,pharmacy,2nd year,no formal,yes,no
11569,21,male,b.tech,2nd year,no formal,yes,yes
11570,18,female,diploma,4th year,graduate,yes,no
11571,17,other,nursing,2nd year,graduate,yes,yes
11572,22,male,bca,4th year,post graduate,yes,no
11573,23,female,diploma,4th year,phd,yes,yes
11574,24,other,pharmacy,3rd year,high school,yes,no
11575,24,female,diploma,3rd year,high school,yes,yes
11576,23,male,b.tech,4th year,no formal,yes,yes
11577,23,other,diploma,2nd year,phd,no,no
11578,23,female,diploma,2nd year,graduate,yes,yes
11579,24,female,b.com,3rd year,high school,yes,yes
11580,20,other,bca,1st year,post graduate,yes,yes
11581,23,male,nursing,3rd year,graduate,yes,no
11582,23,other,nursing,3rd year,graduate,yes,no
11583,17,female,nursing,3rd year,phd,yes,yes
11584,22,other,nursing,3rd year,high school,yes,no
11585,19,other,b.sc,1st year,post graduate,yes,yes
11586,18,other,bba,2nd year,phd,no,yes
11587,18,male,b.com,4th year,phd,yes,yes
11588,17,male,b.tech,2nd year,phd,yes,yes
11589,24,other,b.com,2nd year,high school,no,yes
11590,23,female,pharmacy,3rd year,post graduate,yes,yes
11591,17,other,bca,3rd year,graduate,no,yes
11592,22,other,diploma,1st year,no formal,yes,no
11593,22,female,bba,1st year,graduate,yes,no
11594,21,male,ba,4th year,high school,yes,yes
11595,21,male,bba,3rd year,graduate,yes,yes
11596,24,other,pharmacy,4th year,post graduate,yes,yes
11597,21,male,b.com,4th year,post graduate,yes,no
11598,22,male,b.com,1st year,post graduate,yes,no
11599,21,male,nursing,2nd year,graduate,yes,no
11600,20,other,ba,4th year,graduate,yes,yes
11601,24,female,pharmacy,2nd year,phd,yes,yes
11602,20,other,pharmacy,1st year,high school,yes,no
11603,23,female,b.tech,1st year,high school,yes,yes
11604,21,female,diploma,3rd year,phd,yes,yes
11605,22,male,b.tech,2nd year,phd,yes,no
11606,23,female,nursing,4th year,high school,yes,yes
11607,22,female,b.sc,4th year,phd,yes,no
11608,21,other,nursing,1st year,phd,yes,no
11609,21,other,diploma,4th year,phd,yes,yes
11610,21,other,bba,1st year,graduate,no,no
11611,19,other,b.sc,3rd year,post graduate,yes,no
11612,22,other,b.com,4th year,post graduate,no,no
11613,24,other,ba,2nd year,no formal,yes,yes
11614,22,other,nursing,1st year,no formal,yes,yes
11615,23,male,pharmacy,1st year,phd,yes,yes
11616,23,male,bba,2nd year,high school,yes,yes
11617,19,female,b.com,4th year,no formal,yes,no
11618,17,male,bca,2nd year,phd,no,no
11619,19,female,nursing,2nd year,high school,yes,no
11620,23,male,bba,1st year,post graduate,yes,yes
11621,23,other,pharmacy,3rd year,post graduate,no,yes
11622,21,female,b.tech,1st year,graduate,yes,yes
11623,23,male,bba,3rd year,post graduate,yes,yes
11624,17,female,b.tech,4th year,graduate,no,yes
11625,22,other,bca,4th year,graduate,no,yes
11626,22,male,bca,3rd year,no formal,yes,yes
11627,21,other,b.com,3rd year,no formal,no,yes
11628,22,other,nursing,2nd year,post graduate,yes,yes
11629,20,other,pharmacy,3rd year,phd,yes,yes
11630,21,male,bba,3rd year,no formal,yes,yes
11631,21,female,ba,1st year,high school,yes,yes
11632,23,other,b.sc,2nd year,high school,yes,no
11633,18,female,b.tech,4th year,no formal,yes,no
11634,19,female,ba,2nd year,graduate,yes,yes
11635,20,male,ba,1st year,phd,yes,yes
11636,18,female,diploma,4th year,post graduate,yes,no
11637,19,other,nursing,4th year,phd,yes,yes
11638,19,male,b.tech,4th year,graduate,yes,no
11639,19,other,b.sc,2nd year,post graduate,yes,yes
11640,20,other,bca,3rd year,phd,yes,no
11641,21,male,ba,4th year,graduate,yes,yes
11642,22,other,diploma,3rd year,post graduate,no,no
11643,19,female,b.com,4th year,no formal,yes,yes
11644,23,male,ba,4th year,phd,yes,no
11645,20,female,ba,4th year,phd,yes,yes
11646,22,female,bca,3rd year,graduate,no,yes
11647,17,male,b.tech,2nd year,no formal,yes,yes
11648,18,female,nursing,2nd year,high school,yes,yes
11649,20,female,ba,4th year,high school,no,yes
11650,19,female,b.sc,2nd year,phd,yes,yes
11651,20,female,bca,1st year,no formal,yes,yes
11652,18,female,b.sc,1st year,no formal,yes,no
11653,20,female,bca,3rd year,phd,yes,no
11654,22,female,b.tech,4th year,phd,yes,no
11655,22,other,b.com,2nd year,high school,yes,yes
11656,18,other,diploma,3rd year,no formal,no,no
11657,19,female,ba,2nd year,phd,yes,yes
11658,21,other,pharmacy,2nd year,phd,yes,yes
11659,21,other,ba,2nd year,post graduate,yes,no
11660,23,male,diploma,2nd year,post graduate,yes,yes
11661,20,female,b.tech,4th year,phd,yes,yes
11662,22,other,pharmacy,4th year,post graduate,yes,yes
11663,24,male,bca,2nd year,no formal,yes,no
11664,19,female,diploma,2nd year,post graduate,no,yes
11665,23,other,b.com,1st year,no formal,yes,yes
11666,19,other,b.com,4th year,no formal,yes,yes
11667,19,other,ba,3rd year,graduate,yes,no
11668,22,female,b.com,4th year,high school,no,no
11669,21,male,b.tech,3rd year,graduate,yes,no
11670,21,male,diploma,4th year,high school,yes,yes
11671,18,other,diploma,1st year,phd,yes,yes
11672,17,other,diploma,2nd year,phd,no,no
11673,24,male,bba,2nd year,phd,yes,no
11674,23,male,bba,4th year,graduate,yes,no
11675,24,male,pharmacy,1st year,graduate,yes,yes
11676,21,other,bba,2nd year,no formal,yes,no
11677,24,other,diploma,1st year,phd,yes,no
11678,20,other,ba,4th year,high school,yes,no
11679,17,male,b.tech,2nd year,high school,yes,yes
11680,18,other,ba,1st year,phd,yes,no
11681,19,other,diploma,1st year,phd,no,yes
11682,20,female,bca,3rd year,phd,yes,no
11683,24,other,diploma,2nd year,no formal,yes,yes
11684,19,female,diploma,3rd year,phd,no,yes
11685,21,male,b.sc,1st year,graduate,yes,yes
11686,19,female,nursing,4th year,no formal,yes,yes
11687,22,male,diploma,4th year,no formal,yes,no
11688,21,male,b.com,1st year,post graduate,yes,no
11689,18,female,bba,2nd year,phd,yes,yes
11690,20,other,nursing,1st year,graduate,yes,no
11691,17,male,b.sc,1st year,post graduate,no,yes
11692,24,male,b.com,4th year,post graduate,yes,no
11693,22,other,b.sc,1st year,graduate,no,yes
11694,24,male,b.com,2nd year,phd,no,yes
11695,24,male,b.sc,4th year,high school,yes,no
11696,18,male,nursing,2nd year,high school,yes,no
11697,22,male,pharmacy,3rd year,graduate,yes,yes
11698,17,other,pharmacy,1st year,graduate,yes,yes
11699,24,female,ba,4th year,high school,yes,yes
11700,23,other,pharmacy,4th year,high school,yes,no
11701,22,other,b.tech,4th year,high school,yes,no
11702,24,female,b.tech,3rd year,graduate,yes,yes
11703,23,other,b.com,4th year,post graduate,yes,yes
11704,23,male,b.com,3rd year,high school,yes,no
11705,17,male,pharmacy,2nd year,post graduate,yes,yes
11706,17,other,diploma,4th year,high school,yes,yes
11707,24,female,diploma,2nd year,no formal,yes,no
11708,19,female,nursing,4th year,high school,yes,yes
11709,20,female,diploma,4th year,phd,yes,no
11710,17,other,bba,2nd year,high school,yes,yes
11711,21,male,b.tech,1st year,post graduate,no,no
11712,23,other,b.tech,1st year,graduate,no,no
11713,23,other,pharmacy,3rd year,post graduate,yes,yes
11714,21,other,bba,3rd year,post graduate,yes,yes
11715,22,male,pharmacy,3rd year,phd,yes,yes
11716,21,male,b.tech,3rd year,phd,yes,yes
11717,20,male,bca,1st year,high school,yes,yes
11718,21,other,b.com,1st year,high school,yes,yes
11719,24,female,ba,2nd year,high school,yes,no
11720,19,other,bca,4th year,post graduate,yes,yes
11721,20,male,bba,3rd year,graduate,yes,no
11722,21,female,b.sc,2nd year,phd,yes,yes
11723,21,male,pharmacy,3rd year,post graduate,yes,yes
11724,17,other,diploma,2nd year,graduate,yes,yes
11725,19,male,ba,1st year,high school,yes,no
11726,22,female,bca,3rd year,post graduate,yes,yes
11727,22,other,b.sc,3rd year,phd,yes,yes
11728,22,other,ba,4th year,phd,no,no
11729,24,other,ba,2nd year,graduate,yes,yes
11730,22,female,ba,1st year,post graduate,yes,yes
11731,21,male,bba,4th year,phd,yes,yes
11732,19,male,pharmacy,2nd year,no formal,yes,yes
11733,19,female,b.tech,1st year,no formal,no,no
11734,23,female,bba,3rd year,no formal,yes,yes
11735,20,female,pharmacy,1st year,high school,yes,yes
11736,22,male,pharmacy,4th year,high school,yes,no
11737,17,other,pharmacy,4th year,no formal,yes,yes
11738,18,female,ba,2nd year,post graduate,yes,yes
11739,18,male,bca,3rd year,post graduate,yes,yes
11740,18,other,bca,2nd year,post graduate,yes,no
11741,21,female,nursing,2nd year,post graduate,yes,yes
11742,22,male,pharmacy,4th year,no formal,yes,yes
11743,21,female,b.com,3rd year,high school,no,yes
11744,19,other,b.sc,3rd year,graduate,yes,yes
11745,21,other,b.com,4th year,high school,yes,no
11746,17,male,b.com,1st year,graduate,yes,yes
11747,20,other,b.com,4th year,graduate,no,no
11748,18,female,pharmacy,1st year,post graduate,yes,yes
11749,17,other,b.sc,2nd year,high school,yes,yes
11750,18,other,ba,3rd year,high school,no,yes
11751,17,other,ba,1st year,high school,yes,yes
11752,20,female,b.com,2nd year,high school,no,yes
11753,21,female,b.sc,2nd year,phd,yes,no
11754,21,other,pharmacy,1st year,graduate,yes,no
11755,20,other,bca,1st year,phd,yes,yes
11756,18,other,b.tech,2nd year,no formal,yes,no
11757,17,other,bca,1st year,post graduate,yes,yes
11758,22,female,bca,4th year,post graduate,yes,yes
11759,24,other,ba,2nd year,post graduate,yes,no
11760,19,other,nursing,3rd year,graduate,yes,yes
11761,18,male,nursing,1st year,post graduate,no,no
11762,19,male,nursing,3rd year,graduate,yes,yes
11763,18,other,bca,1st year,phd,yes,yes
11764,18,female,ba,1st year,phd,yes,yes
11765,20,other,b.sc,3rd year,phd,yes,no
11766,23,male,b.tech,2nd year,no formal,yes,yes
11767,22,female,pharmacy,4th year,post graduate,yes,yes
11768,24,other,nursing,4th year,high school,no,no
11769,19,female,b.sc,1st year,graduate,yes,no
11770,20,other,nursing,3rd year,phd,yes,no
11771,20,male,b.tech,4th year,no formal,yes,yes
11772,17,female,b.com,2nd year,post graduate,no,no
11773,20,female,b.sc,4th year,high school,yes,yes
11774,19,other,ba,3rd year,high school,yes,no
11775,20,female,b.com,2nd year,no formal,yes,yes
11776,18,male,bba,1st year,post graduate,yes,yes
11777,22,other,bba,2nd year,phd,yes,yes
11778,23,other,b.sc,2nd year,graduate,yes,yes
11779,24,other,b.sc,3rd year,no formal,no,yes
11780,17,male,nursing,1st year,post graduate,yes,yes
11781,17,other,bba,2nd year,phd,no,yes
11782,24,female,pharmacy,4th year,post graduate,no,yes
11783,23,other,b.sc,4th year,post graduate,yes,no
11784,21,female,b.com,3rd year,no formal,yes,yes
11785,19,other,b.sc,2nd year,phd,yes,no
11786,21,female,pharmacy,2nd year,post graduate,yes,yes
11787,21,female,b.sc,2nd year,post graduate,yes,no
11788,23,other,nursing,2nd year,high school,yes,no
11789,21,male,b.sc,3rd year,phd,yes,yes
11790,17,other,diploma,4th year,graduate,yes,yes
11791,22,male,bba,4th year,high school,no,no
11792,23,other,pharmacy,1st year,high school,yes,no
11793,19,male,b.tech,4th year,high school,yes,yes
11794,17,male,b.com,1st year,phd,yes,yes
11795,18,female,diploma,1st year,phd,yes,yes
11796,23,male,pharmacy,4th year,graduate,yes,no
11797,20,male,bba,2nd year,post graduate,yes,yes
11798,21,male,b.tech,4th year,phd,yes,no
11799,24,male,bca,1st year,high school,yes,yes
11800,17,female,bba,1st year,high school,no,no
11801,18,male,diploma,4th year,phd,yes,yes
11802,23,male,bba,1st year,high school,yes,no
11803,21,female,pharmacy,3rd year,no formal,yes,yes
11804,17,male,b.sc,3rd year,post graduate,no,no
11805,22,other,bca,2nd year,high school,yes,yes
11806,18,other,diploma,1st year,high school,yes,no
11807,23,male,ba,4th year,post graduate,yes,yes
11808,23,other,bba,3rd year,phd,yes,no
11809,23,other,diploma,4th year,no formal,yes,yes
11810,20,other,bba,3rd year,post graduate,no,yes
11811,19,female,ba,3rd year,high school,yes,no
11812,24,male,bca,3rd year,phd,yes,yes
11813,21,other,nursing,3rd year,phd,yes,yes
11814,22,female,b.sc,2nd year,no formal,yes,yes
11815,18,male,nursing,4th year,no formal,yes,yes
11816,21,male,b.sc,4th year,graduate,no,no
11817,21,male,b.tech,1st year,no formal,yes,yes
11818,19,female,b.sc,4th year,high school,yes,no
11819,23,female,b.tech,1st year,no formal,yes,no
11820,18,female,pharmacy,3rd year,phd,yes,yes
11821,22,other,b.com,4th year,post graduate,yes,no
11822,24,other,diploma,2nd year,no formal,yes,yes
11823,21,other,b.sc,1st year,post graduate,yes,no
11824,17,female,bba,4th year,post graduate,no,no
11825,21,other,ba,4th year,phd,yes,yes
11826,21,male,bca,2nd year,post graduate,yes,yes
11827,21,female,pharmacy,4th year,graduate,yes,yes
11828,19,female,bca,1st year,phd,yes,yes
11829,22,male,diploma,3rd year,high school,no,yes
11830,19,other,b.com,1st year,phd,yes,yes
11831,21,male,b.sc,1st year,high school,yes,no
11832,21,male,b.tech,2nd year,phd,yes,no
11833,22,male,b.com,3rd year,phd,yes,yes
11834,23,other,bba,1st year,high school,no,no
11835,24,female,b.tech,3rd year,post graduate,yes,yes
11836,23,male,b.com,4th year,phd,yes,no
11837,23,other,bca,1st year,high school,yes,yes
11838,23,male,nursing,1st year,graduate,yes,no
11839,18,male,pharmacy,3rd year,phd,yes,no
11840,19,other,b.com,2nd year,post graduate,yes,yes
11841,21,male,b.tech,1st year,phd,no,yes
11842,20,male,bca,4th year,high school,yes,yes
11843,22,female,pharmacy,2nd year,graduate,yes,no
11844,17,other,ba,1st year,phd,yes,no
11845,18,other,pharmacy,2nd year,high school,yes,yes
11846,22,male,diploma,3rd year,graduate,no,yes
11847,23,male,pharmacy,2nd year,graduate,yes,yes
11848,19,female,pharmacy,4th year,phd,yes,yes
11849,19,female,b.tech,3rd year,post graduate,yes,no
11850,21,female,ba,1st year,graduate,yes,yes
11851,20,female,b.tech,2nd year,phd,yes,yes
11852,18,other,b.tech,2nd year,post graduate,yes,yes
11853,21,male,bba,1st year,post graduate,yes,yes
11854,23,other,bca,1st year,no formal,yes,yes
11855,22,other,nursing,1st year,high school,yes,yes
11856,23,other,b.sc,3rd year,no formal,yes,yes
11857,22,female,b.tech,1st year,no formal,yes,no
11858,24,female,b.tech,2nd year,phd,yes,no
11859,18,female,pharmacy,1st year,high school,yes,no
11860,17,male,bca,4th year,post graduate,yes,yes
11861,17,male,bba,4th year,graduate,yes,yes
11862,24,female,b.tech,3rd year,no formal,yes,no
11863,22,female,ba,2nd year,phd,yes,yes
11864,18,female,b.sc,3rd year,graduate,yes,yes
11865,23,female,b.tech,2nd year,post graduate,no,yes
11866,19,male,ba,4th year,post graduate,yes,yes
11867,21,other,bba,3rd year,phd,yes,no
11868,18,other,bba,1st year,graduate,yes,no
11869,17,male,nursing,1st year,no formal,yes,no
11870,19,male,pharmacy,4th year,graduate,yes,no
11871,18,female,b.sc,3rd year,post graduate,yes,no
11872,21,male,b.com,3rd year,phd,yes,no
11873,17,male,bba,2nd year,graduate,yes,yes
11874,18,other,ba,3rd year,no formal,no,yes
11875,21,male,ba,2nd year,phd,no,no
11876,20,female,diploma,3rd year,post graduate,yes,yes
11877,22,other,b.sc,2nd year,graduate,yes,yes
11878,22,other,nursing,1st year,graduate,yes,no
11879,24,male,b.com,4th year,graduate,no,yes
11880,23,male,ba,4th year,post graduate,yes,yes
11881,18,other,b.sc,4th year,post graduate,yes,yes
11882,22,female,bca,3rd year,high school,yes,yes
11883,22,other,diploma,3rd year,high school,yes,no
11884,21,female,bca,4th year,no formal,yes,yes
11885,23,male,bba,3rd year,high school,yes,no
11886,18,male,b.com,4th year,phd,yes,yes
11887,20,other,diploma,4th year,high school,yes,yes
11888,23,other,b.sc,3rd year,phd,no,no
11889,24,other,b.com,3rd year,graduate,yes,yes
11890,17,male,diploma,4th year,phd,yes,yes
11891,20,male,diploma,3rd year,graduate,yes,no
11892,19,male,b.com,1st year,post graduate,yes,yes
11893,18,other,ba,4th year,high school,yes,yes
11894,17,male,b.com,1st year,no formal,yes,no
11895,21,other,nursing,1st year,high school,yes,no
11896,22,male,bca,2nd year,post graduate,no,yes
11897,21,female,b.sc,1st year,high school,yes,yes
11898,19,male,b.sc,1st year,high school,yes,yes
11899,23,female,b.tech,1st year,no formal,no,yes
11900,22,other,b.com,3rd year,high school,yes,no
11901,24,male,b.com,4th year,no formal,no,yes
11902,19,female,bba,2nd year,high school,yes,no
11903,18,male,diploma,2nd year,high school,yes,no
11904,20,male,nursing,3rd year,no formal,yes,yes
11905,21,other,bca,3rd year,no formal,no,no
11906,20,female,diploma,4th year,no formal,yes,yes
11907,23,female,bca,3rd year,post graduate,no,yes
11908,17,male,b.com,4th year,no formal,yes,yes
11909,21,male,bca,4th year,no formal,yes,no
11910,20,female,b.com,2nd year,post graduate,yes,yes
11911,18,male,b.com,4th year,graduate,yes,yes
11912,22,other,pharmacy,4th year,phd,yes,no
11913,23,male,pharmacy,1st year,high school,yes,yes
11914,21,other,bca,4th year,high school,yes,yes
11915,17,male,bca,3rd year,no formal,yes,no
11916,17,female,diploma,4th year,no formal,yes,yes
11917,20,male,diploma,3rd year,phd,no,no
11918,22,male,b.tech,1st year,high school,yes,no
11919,19,female,ba,2nd year,no formal,yes,yes
11920,19,male,b.tech,3rd year,post graduate,yes,no
11921,23,male,bba,4th year,phd,yes,yes
11922,17,other,b.com,1st year,high school,yes,yes
11923,17,female,b.com,1st year,high school,yes,yes
11924,18,female,nursing,1st year,post graduate,yes,no
11925,24,female,b.sc,3rd year,no formal,no,yes
11926,20,female,pharmacy,1st year,high school,yes,yes
11927,18,female,ba,4th year,phd,yes,yes
11928,19,other,b.sc,3rd year,post graduate,yes,yes
11929,24,female,b.sc,4th year,no formal,no,yes
11930,22,female,diploma,1st year,post graduate,yes,yes
11931,18,male,pharmacy,2nd year,phd,yes,yes
11932,18,other,nursing,2nd year,high school,yes,yes
11933,17,female,b.sc,4th year,high school,yes,no
11934,23,female,nursing,3rd year,phd,yes,yes
11935,18,other,b.com,2nd year,phd,yes,no
11936,19,male,bba,2nd year,graduate,yes,no
11937,19,male,b.tech,2nd year,graduate,yes,yes
11938,21,male,b.com,2nd year,high school,yes,yes
11939,21,male,b.com,3rd year,no formal,no,no
11940,23,female,pharmacy,4th year,graduate,yes,no
11941,19,female,b.com,2nd year,no formal,yes,yes
11942,20,male,b.com,4th year,graduate,yes,yes
11943,20,male,b.com,2nd year,phd,yes,yes
11944,17,other,b.com,4th year,phd,yes,no
11945,22,male,bba,1st year,graduate,yes,yes
11946,21,other,b.sc,3rd year,high school,no,yes
11947,20,other,b.com,4th year,phd,no,yes
11948,24,female,bba,2nd year,phd,yes,no
11949,18,female,diploma,3rd year,post graduate,yes,yes
11950,24,female,b.tech,1st year,post graduate,yes,no
11951,22,male,ba,4th year,graduate,yes,yes
11952,18,female,bca,2nd year,post graduate,yes,no
11953,22,female,pharmacy,2nd year,graduate,no,no
11954,23,female,pharmacy,4th year,no formal,yes,no
11955,19,male,nursing,4th year,no formal,yes,yes
11956,19,other,bba,1st year,no formal,yes,yes
11957,23,female,b.tech,4th year,post graduate,yes,no
11958,18,male,pharmacy,1st year,phd,yes,no
11959,17,other,bca,4th year,graduate,yes,no
11960,22,other,pharmacy,4th year,graduate,yes,no
11961,24,female,pharmacy,3rd year,phd,yes,yes
11962,21,male,nursing,3rd year,phd,yes,yes
11963,18,other,ba,2nd year,post graduate,yes,no
11964,21,male,bca,2nd year,graduate,yes,no
11965,19,male,diploma,3rd year,graduate,no,yes
11966,23,other,nursing,4th year,graduate,yes,no
11967,21,male,b.com,2nd year,post graduate,yes,yes
11968,19,male,bba,3rd year,phd,yes,no
11969,21,other,bca,3rd year,post graduate,yes,yes
11970,22,male,b.sc,4th year,post graduate,no,no
11971,22,other,ba,4th year,no formal,yes,no
11972,19,male,pharmacy,2nd year,high school,yes,yes
11973,21,other,b.tech,4th year,high school,yes,yes
11974,17,other,bba,2nd year,phd,yes,yes
11975,20,male,bca,1st year,high school,yes,yes
11976,20,female,pharmacy,1st year,high school,yes,no
11977,21,other,b.com,1st year,post graduate,yes,no
11978,24,male,ba,2nd year,graduate,yes,yes
11979,24,other,b.tech,2nd year,graduate,no,yes
11980,20,female,ba,1st year,high school,yes,yes
11981,22,other,pharmacy,1st year,phd,yes,no
11982,17,male,diploma,1st year,phd,yes,yes
11983,20,other,ba,4th year,no formal,yes,yes
11984,22,other,bca,2nd year,phd,yes,no
11985,22,female,pharmacy,3rd year,phd,yes,yes
11986,24,male,ba,2nd year,phd,yes,no
11987,20,female,b.com,2nd year,graduate,yes,no
11988,24,female,nursing,1st year,graduate,yes,yes
11989,24,female,nursing,1st year,post graduate,yes,no
11990,21,female,bba,1st year,post graduate,yes,yes
11991,17,other,b.tech,3rd year,phd,no,no
11992,20,female,b.tech,2nd year,high school,yes,yes
11993,23,female,b.sc,4th year,phd,yes,no
11994,21,other,diploma,1st year,high school,yes,no
11995,24,other,b.sc,4th year,post graduate,yes,yes
11996,23,female,b.tech,1st year,phd,yes,no
11997,17,male,diploma,3rd year,post graduate,yes,yes
11998,23,other,bba,4th year,no formal,yes,yes
11999,19,female,bba,1st year,phd,yes,no
12000,23,female,b.sc,2nd year,no formal,yes,yes
12001,21,other,b.sc,4th year,graduate,yes,yes
12002,20,female,b.com,4th year,post graduate,no,yes
12003,17,other,bca,1st year,high school,yes,no
12004,17,female,pharmacy,1st year,post graduate,yes,yes
12005,21,other,pharmacy,2nd year,graduate,yes,yes
12006,21,male,b.sc,2nd year,high school,yes,no
12007,21,other,diploma,2nd year,no formal,yes,yes
12008,18,male,diploma,1st year,post graduate,yes,yes
12009,21,other,b.tech,2nd year,no formal,no,no
12010,17,male,bca,2nd year,phd,yes,no
12011,18,other,bba,2nd year,no formal,no,yes
12012,20,other,b.sc,4th year,no formal,yes,yes
12013,21,other,nursing,2nd year,high school,yes,yes
12014,22,other,pharmacy,4th year,phd,yes,no
12015,24,female,bca,1st year,phd,yes,no
12016,23,male,b.sc,3rd year,graduate,yes,no
12017,20,other,ba,4th year,post graduate,yes,no
12018,23,female,bba,2nd year,graduate,no,yes
12019,17,other,pharmacy,3rd year,phd,yes,yes
12020,23,other,nursing,3rd year,no formal,yes,yes
12021,20,other,diploma,2nd year,post graduate,yes,no
12022,23,female,diploma,3rd year,high school,yes,no
12023,24,female,diploma,3rd year,high school,yes,yes
12024,22,female,b.com,2nd year,post graduate,no,no
12025,24,female,b.sc,2nd year,post graduate,yes,yes
12026,17,other,nursing,2nd year,graduate,yes,yes
12027,18,male,bba,1st year,phd,yes,yes
12028,22,male,pharmacy,2nd year,no formal,yes,yes
12029,21,male,diploma,2nd year,no formal,yes,no
12030,17,female,bba,2nd year,high school,yes,yes
12031,22,other,bca,1st year,no formal,no,no
12032,17,male,bca,3rd year,phd,yes,no
12033,24,other,pharmacy,1st year,graduate,no,yes
12034,18,male,ba,1st year,graduate,no,yes
12035,20,other,ba,1st year,graduate,yes,yes
12036,23,other,ba,3rd year,no formal,yes,no
12037,21,other,b.tech,2nd year,post graduate,yes,no
12038,22,other,bba,2nd year,phd,no,yes
12039,22,female,bba,1st year,no formal,yes,no
12040,24,other,b.sc,2nd year,high school,yes,no
12041,20,other,nursing,2nd year,post graduate,yes,no
12042,24,male,diploma,2nd year,post graduate,yes,no
12043,21,other,b.com,1st year,high school,yes,no
12044,24,other,b.sc,3rd year,no formal,yes,no
12045,22,male,bca,1st year,post graduate,yes,no
12046,18,other,b.tech,2nd year,high school,yes,yes
12047,22,male,b.sc,3rd year,phd,yes,no
12048,24,female,ba,1st year,high school,yes,yes
12049,18,other,pharmacy,3rd year,phd,yes,yes
12050,23,other,b.tech,2nd year,phd,yes,no
12051,17,female,bba,3rd year,no formal,yes,yes
12052,23,other,bca,1st year,post graduate,yes,yes
12053,23,male,b.com,2nd year,post graduate,yes,yes
12054,18,other,bba,2nd year,high school,yes,yes
12055,22,male,bca,1st year,phd,yes,no
12056,17,other,b.sc,3rd year,post graduate,no,yes
12057,21,other,pharmacy,3rd year,high school,yes,no
12058,24,female,b.com,2nd year,phd,yes,yes
12059,18,male,ba,3rd year,post graduate,yes,yes
12060,18,female,b.tech,2nd year,graduate,yes,yes
12061,20,male,bca,4th year,phd,no,yes
12062,19,other,bca,2nd year,graduate,yes,yes
12063,17,female,b.sc,4th year,high school,yes,no
12064,20,other,b.com,2nd year,graduate,yes,no
12065,19,other,diploma,3rd year,graduate,yes,yes
12066,17,male,diploma,1st year,no formal,yes,yes
12067,19,other,b.com,1st year,graduate,yes,yes
12068,17,male,bca,4th year,phd,no,yes
12069,24,male,diploma,1st year,phd,yes,yes
12070,24,male,ba,3rd year,post graduate,no,no
12071,19,female,b.sc,2nd year,graduate,yes,yes
12072,24,other,b.tech,3rd year,phd,yes,yes
12073,20,other,pharmacy,1st year,phd,no,yes
12074,24,male,b.com,1st year,phd,no,no
12075,18,male,nursing,2nd year,post graduate,yes,yes
12076,19,male,b.com,4th year,post graduate,yes,yes
12077,22,other,diploma,2nd year,graduate,yes,yes
12078,18,female,b.com,3rd year,post graduate,yes,no
12079,23,male,bca,3rd year,high school,yes,no
12080,20,male,pharmacy,2nd year,phd,yes,yes
12081,20,male,diploma,4th year,phd,yes,yes
12082,20,other,b.sc,3rd year,post graduate,yes,no
12083,23,female,bba,2nd year,post graduate,no,yes
12084,17,female,b.com,2nd year,phd,yes,yes
12085,23,other,b.sc,2nd year,graduate,no,no
12086,23,male,nursing,4th year,phd,no,no
12087,23,male,pharmacy,1st year,post graduate,yes,yes
12088,24,male,pharmacy,1st year,high school,no,yes
12089,23,male,nursing,2nd year,no formal,no,yes
12090,21,other,bba,4th year,graduate,yes,yes
12091,20,other,bba,3rd year,no formal,yes,yes
12092,20,female,bba,4th year,post graduate,yes,yes
12093,23,other,diploma,3rd year,post graduate,yes,no
12094,20,female,b.tech,2nd year,no formal,no,yes
12095,21,male,nursing,1st year,high school,yes,yes
12096,17,male,nursing,4th year,graduate,yes,no
12097,19,male,pharmacy,3rd year,post graduate,no,no
12098,19,other,bca,1st year,no formal,yes,yes
12099,20,female,bba,4th year,graduate,yes,yes
12100,21,other,bba,3rd year,high school,yes,no
12101,22,male,bca,3rd year,high school,yes,yes
12102,20,other,b.com,2nd year,graduate,yes,yes
12103,18,male,diploma,2nd year,no formal,no,no
12104,21,female,ba,2nd year,high school,yes,yes
12105,17,female,b.com,1st year,graduate,no,yes
12106,23,other,diploma,2nd year,post graduate,yes,yes
12107,23,female,ba,1st year,high school,yes,no
12108,18,other,b.tech,3rd year,post graduate,yes,no
12109,19,female,bba,1st year,high school,yes,yes
12110,17,female,bba,3rd year,high school,no,no
12111,19,other,b.com,2nd year,no formal,yes,yes
12112,17,other,b.tech,2nd year,no formal,no,no
12113,24,male,bba,1st year,high school,yes,no
12114,18,other,diploma,2nd year,high school,no,no
12115,22,female,nursing,1st year,post graduate,no,yes
12116,21,other,b.sc,1st year,graduate,no,no
12117,18,female,ba,2nd year,no formal,yes,yes
12118,23,other,pharmacy,3rd year,post graduate,yes,yes
12119,17,other,ba,2nd year,high school,yes,yes
12120,24,female,bba,1st year,post graduate,yes,yes
12121,22,other,diploma,3rd year,no formal,yes,yes
12122,22,female,bba,2nd year,no formal,yes,no
12123,24,other,nursing,3rd year,no formal,yes,yes
12124,20,male,ba,4th year,graduate,yes,yes
12125,19,other,bba,1st year,phd,yes,yes
12126,18,female,bba,4th year,phd,yes,yes
12127,24,female,diploma,4th year,phd,yes,yes
12128,20,female,ba,3rd year,phd,yes,yes
12129,23,other,b.com,1st year,post graduate,no,no
12130,19,female,ba,1st year,post graduate,yes,yes
12131,24,male,b.com,1st year,graduate,yes,yes
12132,23,other,b.sc,3rd year,high school,yes,no
12133,19,female,nursing,3rd year,post graduate,yes,yes
12134,20,male,ba,2nd year,no formal,yes,yes
12135,23,male,b.com,2nd year,no formal,yes,yes
12136,18,other,nursing,1st year,graduate,yes,no
12137,17,male,nursing,4th year,post graduate,no,yes
12138,19,male,b.com,4th year,high school,yes,no
12139,21,female,b.com,1st year,post graduate,yes,yes
12140,18,male,nursing,2nd year,post graduate,yes,no
12141,19,female,b.com,4th year,high school,yes,yes
12142,24,male,nursing,2nd year,no formal,yes,no
12143,17,other,bca,3rd year,high school,yes,yes
12144,17,female,bca,3rd year,phd,yes,no
12145,20,male,bba,3rd year,high school,yes,yes
12146,17,female,b.tech,4th year,post graduate,yes,no
12147,17,male,nursing,2nd year,post graduate,yes,no
12148,18,male,bca,4th year,phd,yes,yes
12149,17,male,b.sc,2nd year,phd,yes,yes
12150,23,other,nursing,1st year,phd,yes,yes
12151,17,other,b.com,1st year,high school,yes,yes
12152,21,female,ba,3rd year,graduate,yes,yes
12153,22,male,bca,3rd year,graduate,yes,no
12154,22,male,b.com,4th year,post graduate,yes,yes
12155,22,other,b.tech,1st year,no formal,yes,yes
12156,19,female,b.com,3rd year,phd,yes,no
12157,24,male,diploma,1st year,post graduate,yes,yes
12158,17,male,ba,1st year,high school,yes,yes
12159,17,female,diploma,3rd year,no formal,yes,no
12160,23,male,b.tech,3rd year,no formal,no,no
12161,17,other,b.com,3rd year,high school,yes,yes
12162,18,male,b.com,4th year,high school,no,yes
12163,18,male,b.tech,4th year,no formal,yes,yes
12164,17,other,bca,1st year,graduate,yes,yes
12165,17,female,b.sc,1st year,no formal,yes,yes
12166,21,other,bba,3rd year,post graduate,yes,yes
12167,22,male,pharmacy,4th year,graduate,yes,yes
12168,17,other,b.com,3rd year,high school,no,yes
12169,24,male,b.sc,1st year,graduate,no,yes
12170,17,other,pharmacy,3rd year,graduate,no,yes
12171,22,other,ba,2nd year,phd,yes,yes
12172,23,female,b.com,1st year,post graduate,yes,yes
12173,21,female,diploma,3rd year,high school,yes,no
12174,20,male,b.sc,2nd year,phd,yes,no
12175,17,other,ba,4th year,high school,yes,yes
12176,18,male,b.sc,3rd year,high school,yes,yes
12177,23,male,pharmacy,2nd year,post graduate,yes,yes
12178,19,female,b.com,1st year,post graduate,yes,yes
12179,17,male,bca,2nd year,no formal,yes,yes
12180,22,male,bba,2nd year,phd,yes,yes
12181,22,female,bba,3rd year,post graduate,yes,no
12182,17,male,b.tech,2nd year,graduate,yes,yes
12183,17,other,b.com,1st year,post graduate,yes,yes
12184,17,other,nursing,1st year,graduate,yes,yes
12185,17,male,bba,2nd year,phd,yes,yes
12186,21,male,nursing,3rd year,no formal,yes,yes
12187,18,other,bca,2nd year,graduate,yes,no
12188,21,male,b.com,4th year,post graduate,yes,yes
12189,18,female,ba,1st year,no formal,yes,yes
12190,24,other,diploma,2nd year,phd,yes,yes
12191,22,female,b.com,2nd year,high school,yes,no
12192,19,male,bca,2nd year,no formal,yes,no
12193,20,male,pharmacy,4th year,high school,yes,no
12194,17,female,nursing,2nd year,phd,yes,no
12195,17,female,ba,1st year,phd,yes,no
12196,21,male,b.com,3rd year,no formal,yes,no
12197,17,female,bca,3rd year,high school,yes,yes
12198,22,female,bca,2nd year,phd,yes,no
12199,20,male,diploma,2nd year,no formal,yes,no
12200,18,other,b.tech,4th year,graduate,yes,yes
12201,21,other,bba,2nd year,graduate,yes,yes
12202,21,other,b.tech,3rd year,high school,yes,no
12203,22,female,pharmacy,4th year,high school,yes,yes
12204,18,female,nursing,2nd year,phd,yes,no
12205,21,male,diploma,3rd year,high school,no,yes
12206,23,male,b.com,2nd year,post graduate,no,no
12207,19,male,diploma,3rd year,post graduate,no,no
12208,23,female,bba,3rd year,no formal,yes,no
12209,22,female,bca,4th year,phd,yes,no
12210,20,female,b.com,2nd year,post graduate,yes,no
12211,24,female,bba,1st year,no formal,no,no
12212,24,male,nursing,2nd year,no formal,yes,yes
12213,18,other,b.sc,3rd year,graduate,yes,no
12214,24,male,ba,2nd year,phd,yes,no
12215,17,male,b.com,4th year,phd,no,yes
12216,18,other,b.sc,3rd year,no formal,yes,yes
12217,17,female,ba,4th year,post graduate,yes,yes
12218,19,other,bca,3rd year,graduate,yes,no
12219,24,other,b.tech,2nd year,post graduate,yes,yes
12220,21,other,b.sc,4th year,graduate,yes,no
12221,21,female,nursing,1st year,graduate,yes,no
12222,17,other,b.com,2nd year,graduate,no,yes
12223,21,male,ba,4th year,no formal,yes,yes
12224,20,female,diploma,4th year,graduate,no,no
12225,20,other,diploma,2nd year,no formal,no,yes
12226,19,other,pharmacy,3rd year,graduate,no,yes
12227,18,female,b.sc,2nd year,graduate,yes,yes
12228,24,other,diploma,3rd year,post graduate,yes,no
12229,21,male,diploma,2nd year,phd,yes,yes
12230,20,male,b.sc,3rd year,no formal,yes,yes
12231,17,other,nursing,3rd year,graduate,yes,yes
12232,23,female,b.com,4th year,post graduate,yes,yes
12233,20,male,ba,1st year,high school,yes,no
12234,20,male,nursing,3rd year,no formal,yes,yes
12235,22,male,bba,1st year,phd,yes,no
12236,18,other,b.com,1st year,phd,yes,yes
12237,21,other,b.com,3rd year,post graduate,yes,yes
12238,23,other,diploma,2nd year,post graduate,yes,yes
12239,20,male,b.sc,3rd year,high school,yes,yes
12240,17,other,bba,4th year,post graduate,no,yes
12241,18,female,diploma,1st year,phd,yes,yes
12242,17,male,nursing,2nd year,high school,no,no
12243,21,other,nursing,1st year,graduate,yes,yes
12244,19,other,ba,4th year,phd,yes,yes
12245,18,female,b.sc,4th year,high school,no,yes
12246,22,male,pharmacy,4th year,post graduate,yes,yes
12247,18,other,bca,4th year,no formal,no,yes
12248,19,male,ba,2nd year,phd,yes,yes
12249,24,male,pharmacy,2nd year,no formal,no,yes
12250,17,female,diploma,4th year,no formal,yes,yes
12251,18,other,bba,3rd year,graduate,yes,no
12252,19,other,b.sc,2nd year,post graduate,yes,yes
12253,21,other,b.tech,1st year,high school,yes,no
12254,18,other,bba,1st year,post graduate,no,yes
12255,24,male,b.sc,1st year,high school,yes,yes
12256,17,male,b.com,3rd year,phd,yes,yes
12257,24,other,diploma,2nd year,graduate,yes,yes
12258,21,female,b.tech,4th year,graduate,yes,yes
12259,17,other,pharmacy,4th year,no formal,yes,no
12260,17,female,ba,2nd year,high school,yes,no
12261,17,female,nursing,2nd year,no formal,yes,yes
12262,19,male,b.sc,1st year,phd,yes,no
12263,19,female,bba,2nd year,graduate,yes,yes
12264,22,other,pharmacy,3rd year,high school,yes,no
12265,19,other,bca,4th year,high school,yes,yes
12266,22,female,nursing,3rd year,post graduate,yes,yes
12267,19,other,diploma,4th year,post graduate,yes,no
12268,19,male,diploma,3rd year,high school,yes,no
12269,19,female,ba,3rd year,high school,yes,no
12270,19,female,bba,2nd year,phd,yes,no
12271,23,other,b.tech,2nd year,no formal,yes,yes
12272,18,other,b.com,2nd year,graduate,yes,yes
12273,19,male,b.tech,4th year,phd,yes,yes
12274,24,other,b.com,3rd year,high school,yes,no
12275,22,other,diploma,1st year,no formal,yes,yes
12276,18,male,b.sc,1st year,phd,yes,yes
12277,23,male,bba,1st year,phd,no,no
12278,18,male,bba,4th year,no formal,yes,yes
12279,18,male,b.sc,1st year,high school,yes,no
12280,20,other,nursing,1st year,no formal,yes,no
12281,22,other,diploma,2nd year,phd,no,yes
12282,18,female,b.sc,2nd year,phd,no,no
12283,23,female,b.tech,4th year,phd,yes,no
12284,18,female,b.tech,4th year,high school,no,yes
12285,23,other,b.com,1st year,post graduate,yes,no
12286,17,male,b.sc,3rd year,no formal,yes,yes
12287,20,other,b.tech,4th year,no formal,yes,yes
12288,22,other,bba,4th year,graduate,yes,no
12289,19,other,bba,2nd year,phd,yes,yes
12290,21,other,b.tech,1st year,high school,no,yes
12291,22,other,bca,4th year,graduate,yes,yes
12292,22,male,ba,2nd year,phd,yes,no
12293,20,other,b.sc,1st year,graduate,no,no
12294,23,male,b.sc,3rd year,phd,yes,no
12295,22,male,diploma,4th year,post graduate,no,yes
12296,19,male,b.tech,4th year,phd,yes,yes
12297,22,female,b.sc,4th year,high school,yes,no
12298,24,male,diploma,3rd year,phd,yes,yes
12299,23,female,bca,4th year,phd,yes,yes
12300,22,male,pharmacy,1st year,phd,no,yes
12301,23,other,b.tech,2nd year,phd,yes,yes
12302,23,male,b.sc,1st year,high school,yes,yes
12303,19,female,bca,1st year,phd,yes,yes
12304,22,male,b.com,4th year,post graduate,yes,yes
12305,18,other,ba,2nd year,no formal,yes,yes
12306,19,female,b.com,3rd year,phd,yes,yes
12307,24,female,nursing,1st year,post graduate,no,yes
12308,19,female,nursing,1st year,post graduate,yes,no
12309,23,female,nursing,1st year,no formal,no,no
12310,20,female,bba,2nd year,phd,yes,yes
12311,18,male,bba,3rd year,phd,yes,yes
12312,17,other,bca,1st year,phd,yes,no
12313,21,female,b.tech,3rd year,high school,yes,yes
12314,20,male,bba,1st year,no formal,no,yes
12315,21,male,b.com,4th year,post graduate,no,yes
12316,17,other,pharmacy,4th year,graduate,yes,yes
12317,19,male,b.sc,3rd year,high school,no,yes
12318,17,other,b.tech,3rd year,high school,no,yes
12319,19,other,pharmacy,3rd year,post graduate,yes,yes
12320,24,other,b.sc,1st year,phd,yes,no
12321,18,female,bba,4th year,graduate,yes,no
12322,22,male,ba,4th year,phd,yes,no
12323,17,male,b.com,3rd year,graduate,no,no
12324,21,male,bba,4th year,graduate,yes,no
12325,24,female,diploma,2nd year,high school,no,yes
12326,19,female,b.sc,4th year,no formal,yes,no
12327,18,other,bca,1st year,high school,no,no
12328,21,male,pharmacy,3rd year,high school,yes,no
12329,19,female,b.com,2nd year,post graduate,yes,no
12330,24,male,diploma,4th year,no formal,yes,no
12331,23,female,pharmacy,3rd year,graduate,yes,yes
12332,22,male,pharmacy,1st year,graduate,yes,yes
12333,22,female,bca,2nd year,graduate,yes,no
12334,21,female,pharmacy,4th year,phd,yes,yes
12335,22,other,diploma,4th year,no formal,yes,yes
12336,20,other,bba,2nd year,high school,yes,yes
12337,24,female,b.sc,2nd year,high school,yes,yes
12338,19,male,nursing,1st year,post graduate,yes,yes
12339,17,other,b.com,1st year,post graduate,yes,yes
12340,22,other,diploma,1st year,phd,yes,yes
12341,22,other,bca,2nd year,graduate,yes,no
12342,24,other,ba,1st year,phd,yes,no
12343,20,other,diploma,1st year,no formal,no,yes
12344,20,male,bca,4th year,no formal,yes,yes
12345,21,female,diploma,4th year,post graduate,no,yes
12346,20,female,pharmacy,4th year,high school,yes,yes
12347,23,male,b.com,4th year,high school,yes,yes
12348,20,male,diploma,1st year,high school,yes,yes
12349,23,male,b.tech,1st year,no formal,yes,no
12350,20,other,diploma,4th year,high school,yes,yes
12351,18,other,b.sc,1st year,phd,yes,yes
12352,24,other,b.sc,4th year,no formal,yes,no
12353,21,male,b.sc,1st year,phd,yes,yes
12354,22,other,nursing,1st year,graduate,yes,no
12355,21,male,ba,4th year,post graduate,yes,yes
12356,19,other,ba,3rd year,post graduate,yes,yes
12357,24,male,ba,1st year,no formal,yes,no
12358,19,male,bca,1st year,high school,yes,no
12359,24,male,pharmacy,4th year,phd,yes,no
12360,20,other,diploma,2nd year,post graduate,no,no
12361,17,female,b.tech,4th year,high school,no,yes
12362,17,other,bba,3rd year,graduate,yes,yes
12363,24,male,b.tech,4th year,graduate,no,yes
12364,21,other,b.sc,4th year,no formal,no,yes
12365,20,female,b.sc,3rd year,phd,yes,no
12366,23,female,diploma,1st year,high school,no,yes
12367,21,other,nursing,4th year,phd,yes,no
12368,22,male,b.com,2nd year,high school,yes,no
12369,22,other,pharmacy,2nd year,post graduate,yes,yes
12370,18,male,b.com,3rd year,graduate,yes,yes
12371,17,female,b.com,2nd year,phd,yes,yes
12372,22,male,b.sc,3rd year,post graduate,yes,yes
12373,17,female,b.tech,2nd year,graduate,yes,no
12374,22,female,bca,4th year,high school,yes,yes
12375,18,female,ba,1st year,phd,yes,yes
12376,19,other,b.sc,2nd year,no formal,yes,yes
12377,22,other,bca,4th year,graduate,yes,yes
12378,21,other,ba,4th year,high school,yes,yes
12379,23,female,ba,4th year,graduate,yes,no
12380,21,male,pharmacy,3rd year,no formal,yes,no
12381,17,male,ba,3rd year,post graduate,yes,yes
12382,23,male,bba,1st year,post graduate,yes,yes
12383,18,female,diploma,2nd year,post graduate,yes,no
12384,18,male,pharmacy,3rd year,post graduate,yes,yes
12385,24,other,diploma,2nd year,no formal,yes,no
12386,18,other,bba,2nd year,post graduate,yes,yes
12387,21,male,b.com,3rd year,high school,no,yes
12388,20,other,b.sc,3rd year,post graduate,yes,yes
12389,23,female,b.sc,2nd year,post graduate,yes,no
12390,17,female,diploma,2nd year,high school,yes,yes
12391,17,other,diploma,1st year,no formal,yes,no
12392,20,female,ba,2nd year,no formal,no,yes
12393,20,male,pharmacy,2nd year,graduate,yes,yes
12394,23,female,pharmacy,4th year,graduate,yes,yes
12395,21,male,bca,2nd year,no formal,no,yes
12396,18,male,b.com,4th year,post graduate,yes,yes
12397,24,other,bba,3rd year,high school,yes,yes
12398,20,male,nursing,2nd year,phd,yes,yes
12399,24,female,bba,2nd year,post graduate,yes,no
12400,24,male,bba,4th year,post graduate,no,yes
12401,17,female,bba,4th year,high school,yes,no
12402,21,male,nursing,4th year,post graduate,yes,yes
12403,20,female,ba,4th year,post graduate,yes,no
12404,20,female,b.sc,1st year,phd,yes,yes
12405,19,female,bba,4th year,graduate,yes,no
12406,21,male,bca,3rd year,post graduate,yes,yes
12407,20,female,pharmacy,3rd year,graduate,yes,yes
12408,18,other,b.sc,2nd year,phd,yes,no
12409,19,other,pharmacy,3rd year,post graduate,yes,yes
12410,18,female,nursing,4th year,no formal,yes,yes
12411,23,male,diploma,3rd year,post graduate,yes,yes
12412,22,female,b.com,1st year,no formal,no,no
12413,20,female,b.sc,4th year,no formal,yes,no
12414,20,other,ba,4th year,graduate,yes,yes
12415,17,female,b.sc,3rd year,graduate,yes,yes
12416,19,male,bca,1st year,graduate,yes,no
12417,24,other,diploma,2nd year,graduate,yes,no
12418,17,female,bba,2nd year,high school,yes,yes
12419,18,female,diploma,4th year,phd,yes,yes
12420,23,male,nursing,4th year,post graduate,yes,yes
12421,21,other,pharmacy,1st year,post graduate,yes,yes
12422,17,other,diploma,1st year,graduate,yes,yes
12423,20,other,b.com,1st year,post graduate,no,yes
12424,22,female,b.sc,4th year,graduate,yes,no
12425,19,female,pharmacy,4th year,phd,yes,no
12426,20,male,diploma,1st year,no formal,yes,yes
12427,22,female,nursing,4th year,post graduate,no,yes
12428,21,male,ba,3rd year,graduate,no,no
12429,24,female,b.sc,2nd year,high school,yes,no
12430,18,other,bca,3rd year,post graduate,yes,yes
12431,19,other,bca,1st year,phd,yes,yes
12432,18,female,b.sc,1st year,high school,yes,yes
12433,22,other,bba,2nd year,graduate,yes,yes
12434,21,female,ba,3rd year,high school,yes,no
12435,19,other,b.com,4th year,phd,no,yes
12436,22,female,nursing,3rd year,graduate,yes,no
12437,20,female,bba,2nd year,high school,yes,no
12438,18,female,pharmacy,3rd year,phd,yes,yes
12439,21,female,b.tech,1st year,high school,no,no
12440,20,female,pharmacy,3rd year,no formal,yes,yes
12441,20,other,bca,4th year,high school,yes,no
12442,20,male,diploma,2nd year,high school,no,yes
12443,24,male,b.com,3rd year,high school,yes,no
12444,18,female,b.tech,2nd year,no formal,yes,yes
12445,19,female,b.com,4th year,phd,yes,no
12446,21,female,ba,1st year,high school,yes,yes
12447,17,male,ba,1st year,phd,yes,no
12448,18,other,b.sc,4th year,post graduate,yes,yes
12449,21,female,b.tech,3rd year,phd,yes,no
12450,21,female,diploma,2nd year,high school,yes,yes
12451,22,other,diploma,4th year,post graduate,no,no
12452,17,female,b.sc,2nd year,high school,no,yes
12453,23,male,nursing,2nd year,high school,yes,yes
12454,20,other,pharmacy,1st year,phd,yes,yes
12455,18,female,pharmacy,3rd year,phd,yes,yes
12456,19,other,b.sc,4th year,high school,yes,yes
12457,18,female,ba,4th year,no formal,yes,yes
12458,20,male,b.tech,3rd year,graduate,yes,yes
12459,20,female,b.tech,1st year,phd,yes,no
12460,20,other,nursing,1st year,phd,yes,yes
12461,20,other,pharmacy,2nd year,graduate,yes,yes
12462,24,male,b.sc,4th year,graduate,yes,yes
12463,24,other,bba,3rd year,phd,no,no
12464,20,other,b.tech,4th year,no formal,yes,yes
12465,24,female,nursing,4th year,high school,yes,no
12466,23,male,bba,4th year,no formal,yes,no
12467,23,female,b.com,2nd year,graduate,no,yes
12468,18,female,pharmacy,3rd year,phd,yes,no
12469,20,male,b.sc,1st year,high school,yes,yes
12470,19,other,b.com,2nd year,phd,yes,no
12471,17,female,diploma,2nd year,graduate,yes,yes
12472,17,male,ba,1st year,high school,yes,no
12473,21,female,diploma,1st year,phd,yes,no
12474,20,other,b.com,2nd year,post graduate,yes,yes
12475,23,female,bca,1st year,graduate,yes,no
12476,22,female,bca,3rd year,no formal,yes,yes
12477,17,male,b.tech,2nd year,graduate,yes,no
12478,23,male,b.com,1st year,high school,yes,yes
12479,20,other,b.com,1st year,graduate,yes,yes
12480,21,other,bca,2nd year,phd,yes,no
12481,24,male,ba,1st year,phd,yes,yes
12482,22,female,bba,3rd year,graduate,yes,no
12483,17,other,b.sc,4th year,high school,no,no
12484,18,other,pharmacy,3rd year,high school,yes,yes
12485,20,female,diploma,1st year,high school,no,yes
12486,17,other,diploma,1st year,graduate,yes,yes
12487,18,male,b.com,4th year,phd,no,yes
12488,23,male,diploma,4th year,phd,yes,no
12489,18,female,b.com,2nd year,high school,no,no
12490,18,male,bba,2nd year,phd,yes,yes
12491,21,other,b.com,2nd year,graduate,no,yes
12492,17,female,b.com,3rd year,post graduate,yes,no
12493,19,female,bca,1st year,high school,yes,yes
12494,24,female,b.com,4th year,phd,yes,yes
12495,22,other,diploma,2nd year,graduate,yes,yes
12496,24,male,bba,1st year,post graduate,yes,yes
12497,19,female,pharmacy,2nd year,high school,no,yes
12498,21,female,b.sc,4th year,phd,yes,yes
12499,18,male,pharmacy,2nd year,graduate,yes,no
12500,20,other,b.sc,4th year,post graduate,no,no
12501,18,other,bba,4th year,graduate,no,yes
12502,23,male,ba,4th year,graduate,no,no
12503,18,other,diploma,1st year,high school,yes,yes
12504,18,other,b.sc,2nd year,phd,no,yes
12505,20,other,b.com,4th year,high school,yes,no
12506,20,female,b.com,1st year,high school,no,yes
12507,19,male,pharmacy,1st year,graduate,yes,yes
12508,19,male,bba,1st year,graduate,yes,yes
12509,19,male,b.sc,1st year,high school,yes,yes
12510,24,male,nursing,4th year,phd,yes,yes
12511,21,female,b.com,2nd year,post graduate,yes,yes
12512,24,male,b.com,1st year,phd,yes,yes
12513,24,other,bba,3rd year,high school,yes,no
12514,22,female,nursing,2nd year,graduate,yes,yes
12515,23,female,nursing,1st year,graduate,yes,yes
12516,17,male,b.tech,4th year,graduate,yes,yes
12517,24,female,pharmacy,3rd year,no formal,yes,yes
12518,20,other,pharmacy,2nd year,phd,yes,no
12519,22,female,b.com,4th year,phd,yes,no
12520,18,other,bba,1st year,graduate,yes,yes
12521,17,male,ba,3rd year,high school,yes,yes
12522,24,male,bba,4th year,graduate,yes,yes
12523,20,female,bca,1st year,no formal,yes,no
12524,18,other,bca,2nd year,no formal,yes,yes
12525,22,other,bba,1st year,high school,yes,no
12526,17,other,bba,3rd year,high school,yes,no
12527,20,male,bba,3rd year,high school,yes,yes
12528,22,male,ba,1st year,high school,no,no
12529,22,female,b.sc,1st year,no formal,yes,no
12530,20,other,ba,2nd year,graduate,no,yes
12531,19,other,diploma,2nd year,no formal,yes,no
12532,23,male,pharmacy,1st year,post graduate,yes,yes
12533,18,female,nursing,3rd year,post graduate,yes,no
12534,17,female,nursing,4th year,no formal,yes,yes
12535,18,other,nursing,2nd year,no formal,no,no
12536,23,male,bba,2nd year,no formal,no,yes
12537,20,other,diploma,1st year,no formal,yes,yes
12538,17,other,nursing,2nd year,graduate,no,yes
12539,18,male,b.com,3rd year,no formal,yes,yes
12540,17,other,b.sc,4th year,no formal,yes,no
12541,23,female,b.com,1st year,graduate,yes,no
12542,20,other,bba,4th year,phd,no,no
12543,17,male,nursing,3rd year,graduate,yes,no
12544,18,other,bba,3rd year,high school,no,yes
12545,21,male,pharmacy,2nd year,phd,yes,yes
12546,21,male,b.com,4th year,phd,yes,yes
12547,23,female,bba,1st year,phd,yes,no
12548,17,female,pharmacy,1st year,high school,yes,yes
12549,17,male,b.sc,2nd year,no formal,yes,no
12550,17,male,nursing,3rd year,phd,yes,no
12551,20,female,b.sc,2nd year,phd,yes,yes
12552,22,male,pharmacy,4th year,graduate,yes,no
12553,22,male,b.com,1st year,post graduate,no,no
12554,18,male,bca,3rd year,phd,yes,yes
12555,22,other,diploma,2nd year,no formal,yes,no
12556,22,other,ba,2nd year,graduate,yes,yes
12557,18,female,bba,1st year,phd,yes,yes
12558,22,other,diploma,4th year,post graduate,yes,no
12559,20,male,nursing,1st year,no formal,no,yes
12560,17,male,b.tech,1st year,no formal,yes,no
12561,20,female,bba,3rd year,high school,no,no
12562,23,other,nursing,1st year,graduate,yes,yes
12563,22,female,bca,3rd year,no formal,no,no
12564,19,other,b.tech,3rd year,high school,yes,no
12565,23,female,b.sc,1st year,graduate,no,yes
12566,20,male,nursing,1st year,post graduate,no,no
12567,20,other,ba,1st year,graduate,yes,yes
12568,17,female,diploma,1st year,graduate,no,yes
12569,24,other,pharmacy,2nd year,post graduate,yes,no
12570,23,other,b.tech,2nd year,post graduate,yes,yes
12571,18,other,bba,4th year,high school,no,yes
12572,21,other,b.sc,2nd year,high school,yes,no
12573,23,other,nursing,3rd year,no formal,yes,yes
12574,21,female,bba,2nd year,no formal,yes,yes
12575,18,male,nursing,2nd year,phd,no,yes
12576,24,female,b.com,3rd year,post graduate,no,no
12577,19,male,b.sc,3rd year,post graduate,yes,yes
12578,19,male,nursing,3rd year,graduate,yes,no
12579,19,female,bca,2nd year,no formal,yes,no
12580,24,female,b.sc,3rd year,graduate,yes,yes
12581,21,female,diploma,2nd year,no formal,yes,no
12582,22,female,ba,1st year,phd,yes,yes
12583,24,other,b.tech,2nd year,graduate,yes,no
12584,24,male,b.com,2nd year,no formal,yes,no
12585,23,female,diploma,4th year,high school,yes,no
12586,24,male,b.sc,4th year,post graduate,yes,yes
12587,24,other,ba,1st year,graduate,yes,yes
12588,24,female,b.com,2nd year,no formal,yes,no
12589,22,female,diploma,2nd year,high school,yes,yes
12590,18,female,nursing,1st year,post graduate,yes,yes
12591,17,other,nursing,1st year,graduate,no,yes
12592,23,female,diploma,4th year,graduate,yes,no
12593,19,other,b.tech,3rd year,post graduate,yes,yes
12594,23,male,pharmacy,2nd year,post graduate,yes,yes
12595,24,other,b.sc,1st year,graduate,yes,no
12596,22,other,ba,2nd year,post graduate,yes,no
12597,23,male,nursing,2nd year,phd,yes,yes
12598,19,male,b.com,1st year,no formal,no,no
12599,20,other,b.sc,4th year,post graduate,yes,yes
12600,24,female,b.tech,3rd year,high school,yes,no
12601,23,other,ba,2nd year,no formal,yes,no
12602,18,male,bba,1st year,high school,yes,yes
12603,24,female,bba,4th year,phd,yes,no
12604,20,other,b.tech,3rd year,post graduate,yes,yes
12605,23,other,b.sc,4th year,graduate,yes,yes
12606,21,female,b.tech,4th year,high school,no,yes
12607,21,male,b.com,2nd year,graduate,yes,no
12608,18,female,bca,3rd year,graduate,yes,yes
12609,19,female,b.tech,2nd year,graduate,yes,no
12610,22,other,b.sc,1st year,graduate,yes,no
12611,23,other,bba,1st year,post graduate,yes,yes
12612,17,other,bca,1st year,graduate,no,no
12613,17,male,pharmacy,4th year,no formal,yes,yes
12614,22,female,bca,4th year,high school,yes,yes
12615,20,female,pharmacy,2nd year,no formal,yes,yes
12616,23,female,diploma,4th year,phd,yes,no
12617,17,other,bba,3rd year,high school,yes,no
12618,19,other,ba,1st year,phd,no,no
12619,17,male,b.sc,1st year,high school,yes,no
12620,22,other,diploma,2nd year,high school,yes,yes
12621,23,other,pharmacy,4th year,graduate,yes,yes
12622,18,other,ba,3rd year,phd,yes,no
12623,19,female,ba,2nd year,no formal,yes,yes
12624,23,other,b.tech,4th year,post graduate,yes,yes
12625,17,female,bca,2nd year,post graduate,yes,no
12626,24,other,b.com,4th year,high school,no,yes
12627,24,other,b.tech,3rd year,phd,yes,yes
12628,18,other,b.tech,3rd year,graduate,yes,no
12629,18,female,ba,1st year,graduate,yes,yes
12630,22,male,bba,1st year,high school,yes,no
12631,17,female,bba,4th year,graduate,yes,no
12632,21,other,diploma,4th year,phd,yes,no
12633,17,female,bba,2nd year,phd,yes,no
12634,21,other,nursing,4th year,phd,yes,yes
12635,19,female,b.com,2nd year,high school,yes,yes
12636,22,female,b.com,2nd year,post graduate,no,no
12637,24,male,bba,2nd year,phd,yes,yes
12638,20,female,b.tech,2nd year,post graduate,yes,no
12639,22,male,diploma,4th year,no formal,yes,yes
12640,21,female,b.sc,1st year,post graduate,no,yes
12641,24,other,pharmacy,4th year,graduate,yes,yes
12642,18,other,pharmacy,2nd year,graduate,no,yes
12643,18,male,bba,4th year,no formal,yes,yes
12644,20,female,b.com,4th year,graduate,yes,yes
12645,22,male,ba,3rd year,post graduate,yes,yes
12646,23,male,ba,1st year,graduate,yes,yes
12647,19,other,bba,3rd year,high school,yes,yes
12648,17,female,b.tech,4th year,phd,yes,no
12649,21,male,b.sc,4th year,graduate,yes,yes
12650,21,male,nursing,1st year,post graduate,yes,yes
12651,19,male,b.tech,3rd year,no formal,yes,yes
12652,18,female,bba,2nd year,no formal,yes,yes
12653,23,male,nursing,3rd year,high school,yes,yes
12654,23,female,b.tech,3rd year,no formal,no,no
12655,22,female,pharmacy,4th year,graduate,no,yes
12656,21,female,bba,1st year,graduate,yes,no
12657,19,male,ba,3rd year,no formal,yes,yes
12658,20,male,diploma,3rd year,post graduate,yes,yes
12659,17,male,diploma,2nd year,graduate,no,no
12660,18,male,bba,2nd year,high school,yes,yes
12661,20,male,b.tech,2nd year,high school,yes,no
12662,20,male,pharmacy,3rd year,high school,yes,no
12663,17,other,b.tech,1st year,no formal,yes,yes
12664,24,female,nursing,4th year,phd,yes,yes
12665,19,male,ba,1st year,graduate,yes,yes
12666,21,other,bba,2nd year,phd,yes,yes
12667,20,other,diploma,4th year,phd,no,yes
12668,20,other,pharmacy,1st year,graduate,no,yes
12669,23,other,b.sc,2nd year,high school,yes,yes
12670,22,other,nursing,4th year,post graduate,yes,no
12671,23,other,bca,2nd year,high school,yes,yes
12672,20,male,ba,2nd year,graduate,yes,yes
12673,19,other,ba,1st year,graduate,yes,yes
12674,20,male,diploma,1st year,post graduate,yes,no
12675,21,male,b.sc,1st year,no formal,yes,no
12676,19,other,bba,4th year,high school,yes,yes
12677,20,male,diploma,3rd year,post graduate,yes,no
12678,18,female,bba,1st year,graduate,yes,no
12679,21,female,bba,4th year,post graduate,yes,yes
12680,22,male,bba,3rd year,post graduate,yes,yes
12681,21,male,bba,2nd year,high school,no,no
12682,23,female,nursing,2nd year,graduate,yes,no
12683,24,female,nursing,1st year,no formal,yes,no
12684,24,other,pharmacy,3rd year,post graduate,no,yes
12685,17,male,b.tech,3rd year,graduate,yes,yes
12686,24,male,b.com,3rd year,high school,yes,yes
12687,19,male,nursing,2nd year,graduate,yes,yes
12688,20,male,bca,3rd year,no formal,yes,no
12689,20,female,ba,4th year,graduate,no,yes
12690,19,female,bca,3rd year,phd,yes,no
12691,24,female,bba,3rd year,high school,yes,no
12692,22,male,nursing,1st year,high school,yes,no
12693,24,male,bca,2nd year,graduate,no,no
12694,24,female,bba,1st year,high school,yes,no
12695,20,female,bca,2nd year,high school,no,yes
12696,22,other,b.sc,4th year,graduate,yes,no
12697,21,female,diploma,3rd year,post graduate,no,no
12698,20,other,b.sc,4th year,high school,yes,yes
12699,22,male,b.tech,2nd year,high school,yes,yes
12700,22,female,b.tech,4th year,post graduate,yes,yes
12701,24,male,b.tech,3rd year,graduate,yes,yes
12702,23,male,b.tech,3rd year,high school,yes,yes
12703,21,other,b.tech,4th year,phd,yes,yes
12704,24,female,b.com,2nd year,phd,yes,no
12705,17,female,pharmacy,2nd year,phd,no,yes
12706,23,male,b.tech,3rd year,high school,no,yes
12707,20,male,diploma,2nd year,phd,no,yes
12708,20,other,nursing,3rd year,high school,yes,no
12709,23,female,nursing,4th year,no formal,yes,yes
12710,19,other,ba,1st year,graduate,no,yes
12711,24,female,b.tech,3rd year,phd,yes,yes
12712,20,female,ba,2nd year,no formal,yes,yes
12713,19,female,bca,1st year,no formal,yes,yes
12714,19,other,diploma,1st year,no formal,yes,no
12715,20,male,b.sc,4th year,phd,yes,yes
12716,24,female,b.com,2nd year,high school,yes,yes
12717,17,male,bca,1st year,graduate,yes,yes
12718,21,female,diploma,3rd year,no formal,yes,no
12719,23,other,b.com,1st year,phd,yes,yes
12720,20,other,nursing,2nd year,post graduate,no,yes
12721,21,female,nursing,1st year,graduate,yes,no
12722,19,male,ba,3rd year,phd,yes,no
12723,18,other,bba,4th year,high school,yes,no
12724,22,male,bba,4th year,graduate,no,yes
12725,24,female,diploma,1st year,phd,yes,yes
12726,21,other,b.com,4th year,graduate,yes,yes
12727,20,male,b.com,3rd year,high school,no,no
12728,18,female,ba,4th year,post graduate,no,yes
12729,24,other,b.sc,1st year,phd,yes,yes
12730,23,male,bca,4th year,no formal,yes,yes
12731,24,female,pharmacy,2nd year,phd,yes,no
12732,19,male,ba,2nd year,graduate,no,no
12733,22,other,nursing,4th year,no formal,yes,no
12734,20,female,bba,3rd year,phd,yes,yes
12735,18,other,b.sc,3rd year,graduate,yes,no
12736,18,female,bba,3rd year,high school,yes,no
12737,20,female,bba,2nd year,no formal,yes,yes
12738,21,female,b.tech,4th year,no formal,yes,yes
12739,17,male,bba,1st year,graduate,yes,no
12740,22,male,b.sc,3rd year,high school,yes,yes
12741,20,female,nursing,1st year,high school,no,yes
12742,24,female,bba,2nd year,graduate,yes,yes
12743,19,male,b.com,3rd year,phd,yes,yes
12744,17,female,b.tech,4th year,phd,yes,yes
12745,19,other,bca,4th year,no formal,no,no
12746,24,other,diploma,3rd year,high school,yes,yes
12747,19,other,ba,4th year,high school,yes,yes
12748,22,female,pharmacy,1st year,high school,no,no
12749,23,female,b.sc,3rd year,phd,yes,no
12750,19,female,diploma,3rd year,high school,yes,yes
12751,22,male,bba,1st year,post graduate,yes,yes
12752,18,other,b.com,3rd year,phd,yes,yes
12753,19,female,b.com,1st year,high school,no,yes
12754,19,male,bba,3rd year,graduate,yes,yes
12755,22,female,b.tech,1st year,phd,yes,no
12756,24,male,bca,4th year,high school,yes,yes
12757,19,female,ba,2nd year,post graduate,yes,yes
12758,19,male,diploma,3rd year,no formal,yes,yes
12759,23,male,bba,3rd year,phd,yes,yes
12760,20,female,pharmacy,4th year,no formal,yes,yes
12761,21,male,b.tech,2nd year,post graduate,yes,yes
12762,22,other,bba,2nd year,phd,no,yes
12763,18,male,bba,3rd year,no formal,yes,no
12764,23,male,b.com,1st year,graduate,yes,yes
12765,19,other,diploma,3rd year,phd,no,yes
12766,22,other,ba,2nd year,no formal,yes,no
12767,20,male,diploma,4th year,high school,no,no
12768,23,male,pharmacy,3rd year,phd,no,yes
12769,21,male,nursing,4th year,no formal,yes,no
12770,18,female,bca,4th year,phd,yes,yes
12771,18,female,diploma,1st year,post graduate,yes,no
12772,24,female,nursing,3rd year,high school,yes,no
12773,21,male,pharmacy,3rd year,high school,yes,no
12774,19,male,diploma,2nd year,high school,no,no
12775,18,female,pharmacy,1st year,graduate,yes,yes
12776,18,female,pharmacy,2nd year,phd,yes,yes
12777,24,male,b.sc,1st year,post graduate,yes,yes
12778,24,female,bba,4th year,no formal,yes,no
12779,20,female,ba,1st year,graduate,no,no
12780,18,female,pharmacy,1st year,high school,no,yes
12781,20,other,diploma,1st year,graduate,yes,yes
12782,18,other,nursing,1st year,graduate,yes,yes
12783,21,male,ba,1st year,graduate,no,yes
12784,22,other,nursing,3rd year,post graduate,no,no
12785,24,male,b.tech,1st year,high school,yes,no
12786,19,female,pharmacy,3rd year,high school,yes,yes
12787,18,other,b.com,2nd year,no formal,yes,yes
12788,18,other,bba,2nd year,high school,yes,no
12789,20,male,diploma,3rd year,phd,yes,no
12790,21,male,diploma,1st year,post graduate,yes,yes
12791,17,male,b.sc,3rd year,post graduate,no,no
12792,23,male,bba,3rd year,phd,yes,yes
12793,20,male,bba,3rd year,graduate,yes,yes
12794,23,female,diploma,1st year,no formal,yes,no
12795,20,male,b.com,1st year,post graduate,yes,no
12796,18,female,diploma,1st year,no formal,yes,yes
12797,17,other,bca,4th year,no formal,yes,yes
12798,21,female,diploma,2nd year,post graduate,yes,yes
12799,21,male,nursing,1st year,phd,yes,no
12800,23,female,ba,1st year,high school,yes,yes
12801,24,female,ba,2nd year,high school,yes,yes
12802,18,other,nursing,2nd year,post graduate,yes,no
12803,19,other,nursing,4th year,high school,no,no
12804,18,male,nursing,4th year,no formal,no,yes
12805,17,other,bba,4th year,high school,yes,yes
12806,17,other,bca,1st year,phd,yes,no
12807,17,male,b.tech,3rd year,post graduate,no,yes
12808,21,female,bba,2nd year,high school,no,no
12809,18,male,b.com,1st year,phd,no,yes
12810,18,female,nursing,2nd year,high school,yes,yes
12811,17,male,b.sc,3rd year,post graduate,yes,yes
12812,22,male,nursing,1st year,no formal,no,yes
12813,22,female,nursing,4th year,phd,yes,no
12814,24,male,bba,3rd year,high school,yes,yes
12815,17,male,diploma,4th year,graduate,yes,yes
12816,18,female,bca,1st year,graduate,yes,no
12817,20,female,diploma,1st year,graduate,yes,yes
12818,22,other,diploma,4th year,graduate,yes,yes
12819,18,male,b.com,4th year,post graduate,yes,no
12820,18,female,diploma,3rd year,phd,yes,yes
12821,20,male,pharmacy,1st year,high school,yes,yes
12822,17,male,b.com,2nd year,post graduate,yes,yes
12823,20,male,b.com,4th year,graduate,no,no
12824,23,other,b.com,4th year,graduate,yes,yes
12825,21,other,pharmacy,3rd year,graduate,yes,yes
12826,20,female,nursing,2nd year,phd,yes,yes
12827,20,female,ba,4th year,post graduate,yes,yes
12828,24,other,pharmacy,2nd year,no formal,yes,yes
12829,21,female,diploma,1st year,no formal,no,yes
12830,21,female,ba,2nd year,post graduate,yes,no
12831,24,female,nursing,2nd year,graduate,yes,no
12832,18,female,pharmacy,3rd year,graduate,yes,no
12833,17,female,nursing,3rd year,phd,yes,no
12834,20,female,bba,3rd year,high school,yes,no
12835,19,male,b.sc,1st year,high school,yes,yes
12836,18,other,b.sc,3rd year,post graduate,yes,yes
12837,17,other,nursing,1st year,post graduate,yes,no
12838,24,female,diploma,4th year,phd,yes,yes
12839,21,other,diploma,2nd year,phd,no,yes
12840,22,male,b.tech,4th year,high school,no,no
12841,17,female,pharmacy,4th year,no formal,yes,yes
12842,19,other,b.sc,1st year,post graduate,yes,yes
12843,21,other,bca,1st year,no formal,no,no
12844,21,other,pharmacy,4th year,graduate,yes,yes
12845,22,other,b.com,2nd year,high school,yes,yes
12846,22,female,bba,1st year,high school,yes,yes
12847,20,female,nursing,3rd year,phd,no,yes
12848,23,female,b.com,4th year,high school,no,yes
12849,19,other,b.tech,3rd year,phd,yes,yes
12850,17,other,bba,2nd year,high school,yes,yes
12851,24,female,nursing,2nd year,high school,yes,no
12852,17,male,bca,2nd year,high school,yes,yes
12853,19,other,ba,3rd year,post graduate,no,no
12854,17,male,bca,2nd year,post graduate,yes,no
12855,18,female,b.tech,2nd year,no formal,yes,yes
12856,20,male,ba,1st year,high school,yes,no
12857,18,male,nursing,1st year,phd,no,no
12858,20,male,ba,4th year,graduate,yes,no
12859,24,male,pharmacy,4th year,no formal,yes,yes
12860,18,male,bba,1st year,high school,yes,no
12861,24,male,pharmacy,1st year,graduate,no,yes
12862,20,other,bca,2nd year,high school,yes,no
12863,21,other,ba,3rd year,graduate,yes,yes
12864,20,male,pharmacy,4th year,graduate,yes,yes
12865,19,female,b.com,3rd year,graduate,no,yes
12866,17,other,ba,3rd year,graduate,yes,yes
12867,21,other,diploma,3rd year,no formal,no,yes
12868,24,other,nursing,3rd year,graduate,yes,yes
12869,21,female,b.sc,4th year,no formal,yes,yes
12870,21,male,pharmacy,4th year,post graduate,no,yes
12871,22,male,ba,2nd year,graduate,yes,yes
12872,20,other,ba,1st year,post graduate,no,yes
12873,17,male,b.sc,4th year,high school,yes,no
12874,21,female,b.tech,2nd year,high school,yes,yes
12875,23,female,bca,2nd year,post graduate,no,no
12876,19,other,bca,1st year,no formal,no,yes
12877,23,other,b.tech,4th year,graduate,no,yes
12878,23,female,pharmacy,1st year,high school,yes,yes
12879,18,female,bba,4th year,high school,yes,yes
12880,21,female,b.tech,1st year,graduate,yes,yes
12881,22,other,nursing,1st year,graduate,yes,yes
12882,20,male,b.sc,3rd year,high school,yes,yes
12883,22,other,diploma,1st year,no formal,no,yes
12884,24,other,diploma,2nd year,graduate,yes,yes
12885,22,male,nursing,1st year,high school,yes,yes
12886,23,male,nursing,3rd year,no formal,no,yes
12887,23,female,pharmacy,1st year,phd,yes,no
12888,23,other,b.tech,3rd year,graduate,no,yes
12889,23,female,ba,2nd year,no formal,yes,no
12890,18,male,ba,2nd year,high school,no,no
12891,17,female,ba,2nd year,no formal,yes,yes
12892,18,female,b.com,3rd year,phd,yes,yes
12893,18,other,b.com,4th year,graduate,yes,yes
12894,22,female,pharmacy,1st year,phd,yes,yes
12895,21,male,pharmacy,1st year,high school,yes,no
12896,20,male,diploma,4th year,phd,yes,no
12897,17,male,bba,4th year,phd,yes,yes
12898,22,male,bba,2nd year,post graduate,yes,no
12899,19,female,diploma,1st year,graduate,yes,no
12900,23,male,nursing,4th year,phd,yes,yes
12901,17,male,ba,3rd year,graduate,yes,yes
12902,19,other,bba,3rd year,no formal,yes,yes
12903,17,female,pharmacy,2nd year,no formal,yes,yes
12904,19,other,pharmacy,3rd year,graduate,yes,yes
12905,24,female,b.com,2nd year,high school,yes,yes
12906,20,male,b.com,2nd year,post graduate,yes,yes
12907,20,other,b.sc,4th year,graduate,no,no
12908,19,female,b.tech,2nd year,graduate,yes,yes
12909,19,other,diploma,4th year,high school,yes,yes
12910,22,male,ba,2nd year,high school,yes,no
12911,24,other,b.tech,3rd year,high school,yes,no
12912,22,other,b.sc,3rd year,post graduate,no,yes
12913,22,male,bba,3rd year,post graduate,yes,yes
12914,20,other,nursing,3rd year,phd,no,yes
12915,17,other,bca,2nd year,post graduate,yes,yes
12916,22,other,bba,4th year,graduate,yes,no
12917,23,male,b.sc,3rd year,post graduate,yes,no
12918,21,other,b.com,1st year,high school,yes,yes
12919,17,other,nursing,3rd year,phd,yes,yes
12920,22,female,diploma,4th year,no formal,yes,yes
12921,24,female,nursing,3rd year,phd,yes,no
12922,18,male,bba,4th year,no formal,yes,no
12923,18,female,b.com,2nd year,phd,yes,no
12924,22,other,bba,1st year,post graduate,no,no
12925,19,other,pharmacy,2nd year,graduate,yes,yes
12926,22,male,b.sc,1st year,graduate,yes,no
12927,22,male,nursing,1st year,high school,yes,no
12928,19,male,pharmacy,3rd year,high school,yes,no
12929,17,female,nursing,1st year,high school,yes,yes
12930,21,male,bca,1st year,phd,yes,no
12931,20,other,ba,2nd year,high school,yes,yes
12932,23,other,nursing,1st year,graduate,yes,yes
12933,19,male,b.sc,1st year,post graduate,yes,yes
12934,18,other,diploma,3rd year,post graduate,yes,yes
12935,23,other,ba,2nd year,high school,yes,no
12936,22,other,bba,3rd year,phd,yes,yes
12937,21,other,bba,2nd year,no formal,yes,yes
12938,24,female,b.tech,1st year,post graduate,yes,yes
12939,23,other,pharmacy,3rd year,no formal,yes,yes
12940,23,male,diploma,4th year,phd,no,yes
12941,23,other,bca,3rd year,no formal,yes,yes
12942,20,female,b.tech,1st year,phd,yes,no
12943,17,other,nursing,3rd year,post graduate,yes,yes
12944,21,other,pharmacy,1st year,no formal,yes,yes
12945,23,female,nursing,1st year,post graduate,no,yes
12946,24,male,b.com,1st year,high school,no,yes
12947,22,male,b.sc,4th year,phd,yes,no
12948,21,other,ba,4th year,phd,yes,yes
12949,21,other,b.tech,3rd year,phd,yes,yes
12950,17,female,bba,4th year,post graduate,yes,no
12951,17,other,bba,2nd year,phd,yes,yes
12952,17,other,bba,1st year,graduate,yes,yes
12953,24,female,pharmacy,4th year,no formal,yes,yes
12954,23,other,bca,3rd year,phd,yes,yes
12955,19,other,ba,3rd year,no formal,yes,no
12956,20,female,nursing,1st year,post graduate,yes,no
12957,20,male,ba,4th year,graduate,yes,no
12958,18,other,diploma,1st year,high school,yes,no
12959,20,female,pharmacy,1st year,post graduate,yes,no
12960,19,female,pharmacy,1st year,high school,yes,yes
12961,22,other,bba,4th year,phd,no,yes
12962,23,other,bba,4th year,phd,yes,yes
12963,17,male,ba,1st year,phd,yes,no
12964,20,other,bba,2nd year,phd,yes,no
12965,24,male,pharmacy,3rd year,phd,yes,yes
12966,23,female,nursing,3rd year,phd,yes,yes
12967,23,other,bca,1st year,phd,yes,yes
12968,22,male,b.com,1st year,post graduate,yes,yes
12969,17,male,ba,1st year,post graduate,yes,yes
12970,24,other,b.com,4th year,no formal,yes,yes
12971,22,female,b.sc,3rd year,no formal,yes,yes
12972,24,other,b.tech,4th year,high school,yes,yes
12973,24,female,diploma,4th year,high school,no,yes
12974,19,female,diploma,1st year,high school,yes,yes
12975,17,female,b.sc,1st year,high school,yes,yes
12976,22,other,diploma,3rd year,high school,yes,yes
12977,20,female,b.sc,1st year,graduate,yes,yes
12978,17,female,b.com,3rd year,post graduate,yes,yes
12979,19,female,b.com,4th year,phd,yes,yes
12980,24,female,b.sc,4th year,no formal,yes,yes
12981,19,female,diploma,2nd year,graduate,yes,no
12982,19,female,b.tech,2nd year,graduate,yes,yes
12983,22,other,ba,3rd year,post graduate,yes,yes
12984,22,male,bba,1st year,phd,yes,no
12985,19,female,bca,3rd year,high school,no,no
12986,23,female,b.sc,2nd year,post graduate,no,no
12987,21,other,bba,3rd year,graduate,yes,yes
12988,18,female,nursing,3rd year,high school,yes,yes
12989,19,female,ba,4th year,graduate,no,no
12990,23,male,pharmacy,2nd year,no formal,yes,no
12991,17,female,ba,2nd year,no formal,yes,yes
12992,17,male,diploma,1st year,graduate,yes,yes
12993,22,male,b.sc,3rd year,phd,yes,yes
12994,20,other,nursing,4th year,graduate,yes,yes
12995,19,female,bba,2nd year,post graduate,yes,yes
12996,20,other,pharmacy,4th year,phd,yes,yes
12997,18,male,diploma,2nd year,graduate,yes,no
12998,19,other,diploma,2nd year,graduate,yes,yes
12999,18,female,b.sc,1st year,high school,no,yes
13000,21,male,bca,3rd year,high school,yes,no
13001,22,female,diploma,3rd year,phd,yes,yes
13002,24,other,nursing,2nd year,post graduate,yes,yes
13003,17,other,ba,3rd year,no formal,yes,yes
13004,19,male,bca,3rd year,graduate,yes,no
13005,19,other,b.sc,3rd year,post graduate,no,yes
13006,21,male,ba,1st year,phd,yes,yes
13007,21,male,bba,3rd year,post graduate,no,yes
13008,24,other,b.tech,2nd year,no formal,yes,yes
13009,24,female,pharmacy,2nd year,high school,yes,yes
13010,23,female,bca,2nd year,graduate,no,no
13011,18,other,b.sc,3rd year,no formal,yes,no
13012,17,other,pharmacy,4th year,graduate,yes,no
13013,24,other,diploma,1st year,high school,yes,yes
13014,24,male,diploma,1st year,graduate,yes,yes
13015,19,other,pharmacy,2nd year,high school,yes,yes
13016,17,male,ba,2nd year,high school,no,yes
13017,22,other,ba,1st year,phd,yes,no
13018,21,female,bca,2nd year,graduate,no,yes
13019,24,female,nursing,3rd year,no formal,no,no
13020,21,male,nursing,4th year,post graduate,yes,yes
13021,23,other,nursing,3rd year,high school,yes,no
13022,23,male,diploma,2nd year,no formal,yes,no
13023,17,female,b.tech,3rd year,post graduate,yes,yes
13024,18,male,bba,2nd year,high school,yes,yes
13025,23,other,ba,1st year,no formal,yes,yes
13026,18,male,ba,3rd year,no formal,no,yes
13027,18,other,nursing,2nd year,post graduate,yes,yes
13028,23,other,ba,2nd year,high school,yes,no
13029,18,female,nursing,4th year,high school,no,yes
13030,18,male,pharmacy,3rd year,graduate,yes,yes
13031,17,male,bba,3rd year,high school,yes,no
13032,20,female,b.sc,3rd year,no formal,yes,yes
13033,22,female,diploma,2nd year,no formal,yes,no
13034,22,female,nursing,3rd year,no formal,yes,yes
13035,24,male,ba,4th year,phd,yes,yes
13036,22,female,b.sc,3rd year,phd,yes,no
13037,23,male,bba,4th year,post graduate,yes,no
13038,18,female,pharmacy,1st year,graduate,yes,yes
13039,19,male,bba,3rd year,phd,yes,yes
13040,19,female,bba,3rd year,phd,yes,no
13041,17,female,ba,4th year,graduate,yes,yes
13042,24,other,diploma,4th year,post graduate,yes,yes
13043,18,female,ba,1st year,no formal,yes,no
13044,20,male,diploma,2nd year,no formal,yes,no
13045,19,male,pharmacy,4th year,phd,yes,no
13046,17,other,diploma,4th year,graduate,no,yes
13047,24,other,pharmacy,1st year,phd,yes,yes
13048,18,male,nursing,3rd year,graduate,yes,yes
13049,17,other,nursing,2nd year,no formal,yes,no
13050,19,female,b.tech,3rd year,no formal,yes,yes
13051,18,male,ba,3rd year,graduate,no,yes
13052,24,female,b.com,2nd year,no formal,yes,yes
13053,18,other,nursing,2nd year,phd,yes,yes
13054,19,male,b.com,4th year,high school,yes,yes
13055,19,other,pharmacy,2nd year,post graduate,yes,yes
13056,17,male,diploma,1st year,high school,yes,yes
13057,17,other,b.sc,1st year,post graduate,yes,no
13058,21,male,diploma,1st year,high school,yes,yes
13059,18,male,ba,1st year,graduate,yes,yes
13060,17,male,b.com,1st year,high school,no,yes
13061,19,other,pharmacy,3rd year,phd,yes,yes
13062,19,female,nursing,3rd year,graduate,yes,yes
13063,20,other,diploma,4th year,graduate,yes,yes
13064,24,male,b.com,3rd year,high school,yes,no
13065,19,other,bca,1st year,no formal,yes,no
13066,22,other,ba,3rd year,post graduate,yes,yes
13067,23,female,bca,2nd year,no formal,yes,yes
13068,17,other,ba,1st year,no formal,yes,yes
13069,21,male,bca,3rd year,post graduate,no,no
13070,20,male,diploma,3rd year,post graduate,yes,yes
13071,21,male,b.com,2nd year,high school,yes,no
13072,18,male,b.tech,1st year,post graduate,yes,yes
13073,20,other,b.tech,1st year,no formal,yes,no
13074,17,female,pharmacy,4th year,graduate,yes,yes
13075,24,female,pharmacy,1st year,phd,yes,no
13076,21,other,diploma,2nd year,high school,yes,no
13077,17,other,b.tech,3rd year,post graduate,yes,yes
13078,21,female,bca,2nd year,high school,yes,no
13079,24,female,ba,4th year,high school,yes,yes
13080,22,male,b.com,2nd year,high school,yes,yes
13081,19,other,ba,4th year,high school,yes,yes
13082,24,other,nursing,2nd year,no formal,yes,yes
13083,18,female,pharmacy,1st year,phd,yes,yes
13084,18,female,nursing,3rd year,graduate,yes,yes
13085,18,other,b.sc,3rd year,phd,yes,yes
13086,24,female,bba,4th year,post graduate,no,yes
13087,22,female,bba,1st year,phd,yes,yes
13088,21,other,b.com,3rd year,high school,yes,no
13089,22,female,ba,3rd year,no formal,no,yes
13090,19,other,ba,2nd year,phd,yes,yes
13091,17,male,b.tech,2nd year,phd,yes,yes
13092,23,female,ba,2nd year,phd,yes,no
13093,24,female,ba,1st year,phd,yes,no
13094,17,male,b.com,3rd year,high school,no,no
13095,17,other,bca,4th year,graduate,yes,no
13096,21,female,diploma,2nd year,post graduate,yes,yes
13097,17,other,b.tech,1st year,phd,yes,no
13098,22,male,ba,4th year,no formal,yes,yes
13099,24,female,b.tech,4th year,phd,yes,yes
13100,19,female,nursing,3rd year,post graduate,no,yes
13101,19,female,pharmacy,1st year,graduate,yes,yes
13102,23,male,bba,2nd year,post graduate,yes,yes
13103,19,male,pharmacy,3rd year,high school,yes,yes
13104,18,female,bca,4th year,high school,no,yes
13105,17,male,nursing,2nd year,no formal,yes,yes
13106,23,other,pharmacy,1st year,high school,yes,no
13107,24,female,bca,3rd year,high school,yes,yes
13108,17,other,bba,3rd year,graduate,yes,yes
13109,23,male,diploma,1st year,graduate,yes,yes
13110,18,other,b.sc,2nd year,high school,yes,yes
13111,18,female,b.com,1st year,high school,yes,no
13112,20,male,bba,1st year,graduate,yes,yes
13113,20,other,b.sc,2nd year,post graduate,no,yes
13114,23,male,bba,1st year,phd,yes,yes
13115,22,male,nursing,2nd year,high school,yes,yes
13116,18,female,nursing,3rd year,graduate,yes,no
13117,21,other,pharmacy,2nd year,post graduate,yes,yes
13118,24,male,nursing,1st year,high school,no,yes
13119,22,female,b.com,3rd year,post graduate,yes,yes
13120,18,male,diploma,4th year,graduate,yes,yes
13121,18,male,ba,3rd year,no formal,yes,no
13122,20,other,pharmacy,2nd year,post graduate,yes,yes
13123,20,male,b.sc,4th year,no formal,yes,yes
13124,19,female,b.com,2nd year,graduate,yes,yes
13125,17,female,pharmacy,1st year,high school,yes,no
13126,17,male,b.com,3rd year,no formal,yes,no
13127,21,other,bca,3rd year,post graduate,no,no
13128,24,female,b.com,1st year,post graduate,yes,no
13129,21,female,b.com,2nd year,high school,yes,yes
13130,20,other,diploma,1st year,no formal,yes,yes
13131,24,female,nursing,2nd year,phd,yes,yes
13132,22,other,b.com,2nd year,graduate,yes,no
13133,22,male,pharmacy,2nd year,phd,yes,no
13134,21,male,b.tech,3rd year,graduate,yes,yes
13135,23,male,b.tech,3rd year,post graduate,no,no
13136,21,female,pharmacy,2nd year,phd,yes,no
13137,21,other,b.tech,4th year,post graduate,yes,yes
13138,21,other,b.com,2nd year,phd,no,no
13139,23,female,b.sc,2nd year,no formal,yes,yes
13140,24,male,b.com,3rd year,post graduate,no,yes
13141,19,female,b.tech,1st year,post graduate,no,yes
13142,22,female,ba,4th year,phd,yes,yes
13143,17,female,b.com,3rd year,post graduate,no,yes
13144,21,other,b.sc,2nd year,high school,yes,yes
13145,24,female,diploma,1st year,post graduate,no,yes
13146,22,other,b.tech,4th year,post graduate,yes,yes
13147,19,female,bba,1st year,phd,no,yes
13148,21,male,b.com,1st year,post graduate,yes,no
13149,19,male,bca,3rd year,phd,yes,yes
13150,20,other,ba,2nd year,post graduate,no,no
13151,18,female,bba,1st year,no formal,yes,yes
13152,21,male,nursing,2nd year,post graduate,yes,yes
13153,18,male,b.sc,4th year,post graduate,no,no
13154,20,male,ba,2nd year,no formal,no,yes
13155,24,other,bca,3rd year,no formal,yes,no
13156,23,male,diploma,1st year,high school,yes,yes
13157,20,male,bba,3rd year,graduate,yes,no
13158,24,female,diploma,1st year,post graduate,yes,no
13159,17,female,nursing,1st year,phd,no,yes
13160,24,male,nursing,2nd year,no formal,yes,no
13161,19,male,bca,2nd year,phd,yes,no
13162,23,other,pharmacy,2nd year,no formal,yes,yes
13163,24,male,b.tech,4th year,graduate,yes,yes
13164,21,other,bba,2nd year,phd,yes,yes
13165,21,female,nursing,1st year,graduate,yes,yes
13166,22,male,b.tech,2nd year,phd,yes,no
13167,18,male,nursing,1st year,post graduate,yes,yes
13168,18,other,b.tech,1st year,high school,no,yes
13169,19,female,nursing,3rd year,phd,yes,yes
13170,20,other,b.sc,3rd year,no formal,yes,yes
13171,22,other,diploma,3rd year,post graduate,no,yes
13172,19,male,nursing,2nd year,high school,yes,yes
13173,21,male,nursing,4th year,post graduate,no,no
13174,17,other,bca,1st year,no formal,yes,yes
13175,17,male,pharmacy,2nd year,phd,yes,no
13176,24,other,b.sc,1st year,no formal,yes,yes
13177,23,male,b.com,1st year,post graduate,no,yes
13178,23,other,b.sc,3rd year,high school,yes,yes
13179,19,other,diploma,1st year,phd,yes,yes
13180,21,female,pharmacy,3rd year,phd,yes,no
13181,22,other,pharmacy,4th year,phd,no,no
13182,19,other,bba,4th year,high school,yes,yes
13183,22,other,b.sc,3rd year,no formal,yes,no
13184,22,other,b.sc,1st year,no formal,yes,yes
13185,20,female,bca,3rd year,high school,yes,no
13186,20,male,pharmacy,3rd year,post graduate,no,yes
13187,19,other,pharmacy,2nd year,high school,yes,no
13188,23,male,diploma,2nd year,no formal,yes,no
13189,24,female,nursing,1st year,phd,no,no
13190,24,female,bba,4th year,phd,no,no
13191,23,female,b.sc,4th year,graduate,no,yes
13192,19,female,bba,3rd year,high school,yes,no
13193,23,female,b.tech,3rd year,graduate,yes,yes
13194,18,male,diploma,1st year,high school,no,yes
13195,24,other,b.com,3rd year,no formal,yes,yes
13196,19,male,ba,4th year,high school,yes,yes
13197,20,female,b.tech,1st year,no formal,no,yes
13198,17,other,pharmacy,2nd year,no formal,yes,no
13199,17,female,ba,4th year,phd,yes,yes
13200,20,other,nursing,4th year,no formal,no,no
13201,21,female,bba,2nd year,phd,yes,yes
13202,17,male,bca,2nd year,phd,no,no
13203,23,other,bba,2nd year,graduate,yes,no
13204,17,male,diploma,2nd year,phd,no,yes
13205,24,other,b.sc,2nd year,graduate,yes,no
13206,19,male,pharmacy,3rd year,phd,yes,yes
13207,20,other,ba,1st year,phd,yes,yes
13208,18,male,b.tech,1st year,post graduate,no,no
13209,23,other,pharmacy,1st year,graduate,yes,yes
13210,22,female,b.tech,3rd year,no formal,yes,no
13211,17,male,bba,4th year,high school,yes,no
13212,17,male,nursing,1st year,phd,yes,no
13213,21,male,ba,4th year,phd,no,yes
13214,23,other,b.sc,1st year,post graduate,no,no
13215,17,female,b.com,1st year,graduate,yes,yes
13216,18,male,diploma,2nd year,graduate,yes,no
13217,21,male,bca,2nd year,graduate,yes,yes
13218,17,male,bba,4th year,post graduate,yes,no
13219,19,male,bba,1st year,high school,yes,yes
13220,17,other,b.com,4th year,graduate,yes,no
13221,20,female,pharmacy,4th year,post graduate,yes,no
13222,22,female,b.com,2nd year,post graduate,yes,yes
13223,20,male,nursing,3rd year,no formal,yes,yes
13224,19,female,diploma,3rd year,phd,yes,no
13225,20,female,b.tech,4th year,graduate,yes,yes
13226,21,male,b.sc,1st year,phd,yes,yes
13227,18,female,bba,4th year,graduate,yes,no
13228,17,female,b.sc,2nd year,post graduate,yes,yes
13229,18,other,nursing,4th year,no formal,yes,no
13230,24,female,ba,4th year,phd,yes,yes
13231,22,male,nursing,4th year,no formal,no,no
13232,18,other,b.sc,4th year,graduate,no,yes
13233,19,female,b.tech,2nd year,post graduate,yes,no
13234,20,female,bca,3rd year,high school,no,no
13235,18,other,nursing,1st year,phd,yes,yes
13236,23,other,pharmacy,2nd year,post graduate,yes,yes
13237,24,male,nursing,3rd year,phd,yes,no
13238,18,female,diploma,4th year,graduate,yes,yes
13239,17,male,b.tech,2nd year,post graduate,yes,yes
13240,19,other,bca,4th year,no formal,no,yes
13241,21,male,diploma,3rd year,no formal,no,yes
13242,23,other,ba,4th year,graduate,yes,yes
13243,19,male,pharmacy,2nd year,high school,yes,no
13244,19,female,pharmacy,3rd year,graduate,yes,no
13245,18,male,nursing,3rd year,post graduate,yes,yes
13246,17,other,nursing,1st year,high school,yes,yes
13247,17,female,bca,2nd year,phd,yes,yes
13248,20,female,nursing,4th year,post graduate,yes,yes
13249,21,female,b.tech,3rd year,post graduate,no,no
13250,17,male,b.com,3rd year,phd,no,yes
13251,18,female,bca,1st year,no formal,yes,yes
13252,24,other,b.sc,1st year,no formal,yes,no
13253,24,female,nursing,3rd year,phd,yes,no
13254,22,male,b.sc,1st year,post graduate,yes,yes
13255,21,other,ba,1st year,graduate,yes,yes
13256,21,female,b.com,3rd year,no formal,yes,no
13257,19,male,bba,4th year,high school,yes,no
13258,18,male,b.tech,4th year,graduate,yes,yes
13259,20,male,nursing,2nd year,no formal,yes,yes
13260,22,male,nursing,4th year,phd,no,no
13261,22,other,diploma,3rd year,high school,no,yes
13262,22,male,b.sc,4th year,phd,yes,no
13263,21,male,b.com,1st year,graduate,yes,yes
13264,17,male,b.com,3rd year,high school,yes,yes
13265,22,male,bca,4th year,no formal,yes,no
13266,24,male,nursing,4th year,phd,yes,yes
13267,22,female,nursing,4th year,post graduate,yes,no
13268,21,male,pharmacy,1st year,phd,no,yes
13269,18,other,diploma,3rd year,high school,no,no
13270,23,female,b.sc,1st year,no formal,no,yes
13271,20,male,ba,2nd year,high school,no,no
13272,19,female,b.com,1st year,high school,yes,yes
13273,20,male,b.tech,4th year,high school,yes,no
13274,17,other,nursing,4th year,post graduate,yes,no
13275,24,female,bca,1st year,phd,yes,no
13276,22,other,pharmacy,4th year,no formal,no,yes
13277,19,female,nursing,4th year,graduate,yes,yes
13278,23,male,bca,4th year,post graduate,yes,no
13279,17,male,b.tech,2nd year,high school,yes,no
13280,20,female,ba,4th year,graduate,yes,no
13281,22,other,bba,4th year,post graduate,yes,no
13282,17,female,diploma,3rd year,graduate,yes,yes
13283,22,other,bca,2nd year,no formal,no,no
13284,23,female,nursing,4th year,graduate,yes,no
13285,21,male,b.tech,1st year,high school,yes,no
13286,18,female,b.sc,2nd year,no formal,yes,no
13287,22,male,pharmacy,1st year,no formal,yes,no
13288,19,other,ba,4th year,high school,yes,no
13289,22,male,nursing,1st year,phd,yes,no
13290,22,female,nursing,4th year,phd,yes,no
13291,17,female,b.sc,3rd year,no formal,yes,no
13292,17,female,diploma,2nd year,post graduate,yes,yes
13293,17,female,b.sc,3rd year,post graduate,yes,yes
13294,17,other,b.sc,1st year,graduate,no,yes
13295,19,other,b.com,4th year,no formal,no,no
13296,17,male,diploma,2nd year,post graduate,yes,yes
13297,24,other,b.tech,4th year,no formal,yes,no
13298,24,other,diploma,4th year,no formal,yes,yes
13299,18,other,ba,3rd year,high school,yes,no
13300,19,other,b.com,3rd year,no formal,yes,no
13301,22,other,b.com,4th year,phd,yes,no
13302,22,male,ba,2nd year,graduate,yes,yes
13303,21,other,ba,2nd year,phd,yes,yes
13304,24,other,b.com,4th year,no formal,yes,no
13305,22,male,bba,2nd year,no formal,yes,no
13306,22,other,pharmacy,2nd year,no formal,yes,yes
13307,21,other,bba,1st year,no formal,yes,yes
13308,21,female,b.sc,2nd year,post graduate,yes,yes
13309,19,other,bca,1st year,no formal,yes,yes
13310,21,male,nursing,4th year,phd,yes,no
13311,24,other,bca,3rd year,post graduate,no,no
13312,20,other,bba,2nd year,high school,yes,yes
13313,18,male,diploma,4th year,high school,yes,no
13314,21,female,nursing,2nd year,high school,yes,no
13315,23,female,b.tech,2nd year,graduate,no,yes
13316,24,male,pharmacy,3rd year,post graduate,yes,yes
13317,21,other,pharmacy,2nd year,graduate,yes,yes
13318,23,female,pharmacy,2nd year,phd,yes,yes
13319,19,male,bba,3rd year,post graduate,yes,yes
13320,20,female,nursing,2nd year,high school,yes,no
13321,20,male,b.tech,2nd year,high school,no,yes
13322,19,male,ba,1st year,phd,yes,no
13323,22,other,nursing,4th year,post graduate,yes,yes
13324,24,other,b.com,4th year,phd,no,yes
13325,19,male,diploma,3rd year,no formal,yes,no
13326,18,male,b.com,3rd year,no formal,yes,no
13327,23,other,bca,4th year,graduate,yes,yes
13328,23,female,bca,4th year,high school,yes,yes
13329,24,male,nursing,2nd year,post graduate,yes,yes
13330,19,other,ba,3rd year,post graduate,no,no
13331,22,male,nursing,4th year,graduate,yes,yes
13332,22,male,ba,1st year,no formal,yes,yes
13333,23,female,ba,4th year,high school,yes,yes
13334,23,other,b.tech,2nd year,high school,yes,yes
13335,24,female,b.tech,1st year,high school,yes,yes
13336,20,female,diploma,2nd year,phd,yes,no
13337,17,male,b.tech,3rd year,post graduate,yes,no
13338,18,female,b.sc,3rd year,post graduate,yes,yes
13339,24,other,b.sc,1st year,no formal,yes,yes
13340,23,female,ba,3rd year,post graduate,yes,no
13341,17,male,b.sc,3rd year,graduate,yes,yes
13342,19,other,bca,3rd year,post graduate,yes,yes
13343,18,male,nursing,4th year,graduate,yes,no
13344,19,other,bba,4th year,graduate,yes,yes
13345,22,other,bca,2nd year,high school,yes,yes
13346,21,male,pharmacy,2nd year,post graduate,yes,yes
13347,20,male,pharmacy,4th year,graduate,yes,no
13348,20,female,bca,4th year,phd,yes,yes
13349,22,other,b.tech,1st year,phd,yes,no
13350,22,female,nursing,2nd year,post graduate,yes,yes
13351,17,male,diploma,4th year,graduate,no,yes
13352,18,other,b.com,3rd year,graduate,yes,yes
13353,19,male,b.sc,4th year,graduate,yes,no
13354,20,other,b.sc,1st year,post graduate,yes,no
13355,24,other,b.com,4th year,phd,yes,yes
13356,24,female,diploma,1st year,post graduate,no,yes
13357,22,male,pharmacy,1st year,post graduate,yes,yes
13358,17,other,b.sc,3rd year,graduate,no,yes
13359,17,other,ba,4th year,high school,yes,yes
13360,20,female,nursing,2nd year,high school,yes,no
13361,21,male,b.tech,1st year,phd,yes,no
13362,22,male,pharmacy,4th year,graduate,yes,no
13363,18,male,b.tech,1st year,graduate,yes,yes
13364,24,female,b.com,3rd year,graduate,yes,yes
13365,20,female,b.tech,1st year,high school,yes,no
13366,21,female,diploma,3rd year,no formal,yes,yes
13367,17,female,ba,1st year,high school,yes,no
13368,23,female,ba,2nd year,high school,yes,yes
13369,21,male,bba,2nd year,no formal,yes,yes
13370,18,female,b.com,4th year,no formal,yes,yes
13371,19,other,diploma,3rd year,phd,yes,no
13372,19,other,ba,4th year,no formal,yes,no
13373,17,other,nursing,3rd year,no formal,yes,yes
13374,24,other,bca,2nd year,graduate,yes,yes
13375,23,male,diploma,2nd year,phd,yes,yes
13376,24,male,pharmacy,3rd year,post graduate,yes,no
13377,19,female,bba,3rd year,no formal,yes,yes
13378,21,female,b.com,4th year,post graduate,yes,yes
13379,20,other,diploma,4th year,graduate,yes,no
13380,20,other,diploma,1st year,post graduate,yes,yes
13381,21,other,bba,4th year,high school,no,yes
13382,20,male,ba,2nd year,graduate,yes,no
13383,23,other,pharmacy,3rd year,phd,yes,no
13384,17,other,b.com,4th year,post graduate,yes,yes
13385,18,other,b.tech,4th year,high school,no,no
13386,24,female,bca,2nd year,post graduate,yes,no
13387,24,male,b.tech,1st year,phd,yes,yes
13388,23,male,diploma,4th year,post graduate,yes,no
13389,19,other,nursing,4th year,post graduate,yes,yes
13390,20,other,diploma,2nd year,post graduate,yes,yes
13391,17,other,b.com,1st year,graduate,no,yes
13392,19,female,pharmacy,3rd year,high school,yes,yes
13393,22,female,b.tech,4th year,graduate,yes,no
13394,19,male,b.tech,2nd year,graduate,yes,yes
13395,20,female,b.com,1st year,post graduate,yes,no
13396,17,male,bba,2nd year,post graduate,yes,yes
13397,20,other,diploma,3rd year,no formal,yes,yes
13398,22,other,b.com,4th year,no formal,no,yes
13399,21,male,pharmacy,4th year,no formal,yes,no
13400,21,other,nursing,3rd year,high school,no,no
13401,24,other,b.com,2nd year,high school,yes,yes
13402,18,female,b.tech,4th year,graduate,no,yes
13403,19,female,diploma,1st year,post graduate,yes,yes
13404,21,male,b.sc,2nd year,graduate,no,yes
13405,20,other,b.com,4th year,graduate,no,no
13406,24,male,diploma,4th year,phd,yes,yes
13407,17,other,b.sc,4th year,post graduate,yes,yes
13408,17,female,ba,3rd year,post graduate,yes,yes
13409,19,other,pharmacy,4th year,post graduate,yes,yes
13410,20,female,diploma,1st year,no formal,yes,yes
13411,24,other,bca,3rd year,post graduate,yes,no
13412,20,female,pharmacy,2nd year,graduate,yes,no
13413,20,female,diploma,3rd year,post graduate,yes,yes
13414,18,female,bba,1st year,post graduate,yes,no
13415,20,other,bca,2nd year,no formal,yes,no
13416,21,female,bba,1st year,post graduate,yes,yes
13417,21,female,ba,3rd year,phd,no,no
13418,21,female,pharmacy,4th year,graduate,yes,no
13419,20,female,bca,1st year,post graduate,no,no
13420,18,female,diploma,4th year,no formal,no,yes
13421,18,female,ba,3rd year,post graduate,no,yes
13422,18,male,b.sc,1st year,phd,yes,yes
13423,21,other,b.sc,3rd year,high school,yes,no
13424,23,female,nursing,1st year,graduate,yes,no
13425,24,other,bba,4th year,graduate,yes,no
13426,19,female,bba,2nd year,no formal,no,no
13427,17,female,b.sc,1st year,no formal,yes,yes
13428,22,female,nursing,4th year,no formal,yes,yes
13429,17,other,b.com,3rd year,no formal,yes,yes
13430,22,male,bca,3rd year,post graduate,yes,yes
13431,20,female,ba,4th year,post graduate,yes,yes
13432,23,male,b.com,3rd year,post graduate,yes,yes
13433,22,other,b.sc,4th year,no formal,yes,yes
13434,22,female,nursing,3rd year,high school,no,yes
13435,20,other,b.tech,1st year,phd,yes,no
13436,23,male,b.tech,4th year,graduate,yes,yes
13437,21,male,b.com,4th year,no formal,yes,no
13438,22,female,nursing,2nd year,phd,yes,no
13439,19,male,diploma,3rd year,graduate,no,no
13440,20,female,nursing,1st year,graduate,no,no
13441,23,male,b.sc,2nd year,graduate,yes,yes
13442,20,male,pharmacy,3rd year,high school,yes,yes
13443,17,male,b.sc,2nd year,post graduate,yes,yes
13444,20,female,b.tech,4th year,high school,yes,yes
13445,20,other,bba,1st year,high school,yes,yes
13446,20,female,ba,3rd year,no formal,yes,no
13447,17,male,b.com,3rd year,no formal,no,yes
13448,18,male,b.sc,4th year,phd,yes,yes
13449,19,other,b.com,4th year,high school,yes,yes
13450,20,other,ba,4th year,no formal,yes,no
13451,17,female,bca,4th year,graduate,yes,yes
13452,20,female,ba,1st year,no formal,yes,yes
13453,19,female,b.com,2nd year,graduate,yes,no
13454,17,other,bca,3rd year,no formal,yes,yes
13455,19,other,bca,4th year,high school,yes,yes
13456,19,male,ba,4th year,no formal,yes,yes
13457,18,female,b.tech,3rd year,phd,no,yes
13458,23,other,pharmacy,1st year,graduate,yes,yes
13459,17,female,bba,2nd year,no formal,yes,no
13460,21,other,b.com,3rd year,phd,no,no
13461,22,other,diploma,4th year,phd,yes,no
13462,23,male,ba,2nd year,no formal,yes,yes
13463,21,female,b.sc,2nd year,no formal,yes,yes
13464,21,female,diploma,4th year,no formal,yes,no
13465,23,male,b.tech,4th year,high school,yes,yes
13466,23,female,b.com,1st year,graduate,no,yes
13467,18,male,bca,2nd year,post graduate,no,yes
13468,23,female,diploma,2nd year,phd,no,yes
13469,20,female,pharmacy,3rd year,phd,no,no
13470,17,female,diploma,3rd year,phd,no,no
13471,21,female,b.com,4th year,no formal,no,yes
13472,24,other,diploma,3rd year,phd,yes,no
13473,18,other,diploma,4th year,post graduate,yes,no
13474,17,other,diploma,1st year,no formal,yes,yes
13475,24,male,diploma,3rd year,phd,yes,yes
13476,21,other,nursing,1st year,post graduate,yes,yes
13477,18,other,bca,3rd year,post graduate,no,no
13478,23,other,pharmacy,4th year,post graduate,no,yes
13479,20,other,bca,4th year,post graduate,yes,no
13480,19,other,b.tech,4th year,no formal,no,no
13481,19,other,b.sc,2nd year,graduate,yes,yes
13482,21,other,bba,3rd year,post graduate,yes,no
13483,18,female,ba,2nd year,phd,no,no
13484,19,female,nursing,1st year,post graduate,no,no
13485,19,female,diploma,2nd year,high school,yes,yes
13486,17,other,b.tech,3rd year,post graduate,yes,no
13487,23,female,bba,1st year,high school,yes,no
13488,17,female,bba,3rd year,high school,yes,yes
13489,24,other,pharmacy,2nd year,post graduate,yes,yes
13490,17,male,bca,2nd year,high school,no,no
13491,19,other,b.sc,3rd year,high school,yes,no
13492,17,female,b.sc,1st year,graduate,yes,yes
13493,19,other,b.com,2nd year,no formal,yes,no
13494,21,male,ba,1st year,no formal,yes,yes
13495,17,male,b.tech,1st year,graduate,yes,no
13496,21,other,nursing,1st year,no formal,no,yes
13497,23,other,b.tech,1st year,post graduate,yes,yes
13498,20,female,b.tech,3rd year,post graduate,yes,yes
13499,17,female,b.sc,2nd year,phd,no,yes
13500,22,female,b.sc,2nd year,no formal,yes,no
13501,18,female,bca,4th year,post graduate,yes,no
13502,17,male,nursing,3rd year,no formal,yes,yes
13503,20,female,pharmacy,1st year,post graduate,no,no
13504,19,female,nursing,3rd year,no formal,yes,no
13505,17,male,diploma,3rd year,post graduate,yes,yes
13506,23,female,bca,3rd year,no formal,yes,yes
13507,21,other,b.com,4th year,no formal,yes,yes
13508,24,other,ba,3rd year,high school,yes,yes
13509,20,female,nursing,4th year,high school,yes,yes
13510,20,female,b.tech,3rd year,post graduate,no,yes
13511,23,male,nursing,3rd year,no formal,yes,no
13512,17,female,nursing,1st year,post graduate,no,no
13513,19,female,b.tech,4th year,graduate,no,yes
13514,23,male,b.com,1st year,no formal,yes,yes
13515,19,male,b.com,4th year,phd,yes,no
13516,24,female,pharmacy,3rd year,graduate,yes,yes
13517,19,other,ba,2nd year,phd,yes,yes
13518,20,female,diploma,2nd year,no formal,yes,yes
13519,24,other,bca,1st year,graduate,yes,no
13520,18,other,b.tech,2nd year,no formal,yes,yes
13521,24,other,diploma,1st year,graduate,yes,no
13522,17,other,bca,2nd year,post graduate,yes,yes
13523,19,female,nursing,1st year,phd,yes,yes
13524,21,other,pharmacy,1st year,phd,yes,no
13525,21,male,bca,3rd year,high school,yes,yes
13526,24,male,nursing,1st year,high school,yes,no
13527,24,female,b.sc,2nd year,post graduate,yes,yes
13528,22,male,bca,3rd year,post graduate,no,no
13529,22,other,bca,3rd year,high school,yes,no
13530,19,other,b.sc,3rd year,high school,yes,yes
13531,23,male,bba,2nd year,no formal,yes,yes
13532,22,other,diploma,3rd year,post graduate,yes,yes
13533,17,male,ba,3rd year,no formal,yes,no
13534,23,male,bca,1st year,graduate,yes,no
13535,19,other,diploma,4th year,high school,yes,no
13536,20,other,bca,4th year,graduate,yes,no
13537,20,other,ba,2nd year,phd,no,no
13538,23,female,b.com,2nd year,phd,yes,yes
13539,19,female,bca,3rd year,phd,yes,yes
13540,20,male,pharmacy,3rd year,post graduate,yes,yes
13541,17,other,bba,4th year,graduate,yes,yes
13542,19,other,bba,2nd year,phd,yes,yes
13543,17,female,pharmacy,2nd year,graduate,yes,no
13544,21,other,b.com,2nd year,high school,yes,no
13545,24,female,nursing,2nd year,phd,no,no
13546,20,other,b.com,4th year,phd,yes,no
13547,24,female,b.com,4th year,graduate,no,yes
13548,24,male,b.com,1st year,phd,yes,yes
13549,17,female,b.tech,1st year,graduate,yes,no
13550,21,female,bba,1st year,graduate,yes,yes
13551,21,male,ba,2nd year,graduate,yes,yes
13552,20,other,b.com,1st year,graduate,yes,yes
13553,23,male,diploma,3rd year,phd,yes,yes
13554,20,other,bba,4th year,phd,yes,yes
13555,17,other,b.sc,3rd year,post graduate,yes,no
13556,21,female,b.sc,4th year,graduate,yes,yes
13557,18,female,nursing,1st year,no formal,yes,yes
13558,19,female,b.com,3rd year,high school,yes,yes
13559,21,other,ba,3rd year,no formal,yes,yes
13560,22,male,b.sc,2nd year,no formal,yes,no
13561,19,female,nursing,3rd year,post graduate,yes,no
13562,20,female,ba,1st year,high school,yes,yes
13563,17,male,diploma,3rd year,no formal,yes,yes
13564,20,other,ba,4th year,high school,yes,yes
13565,21,female,nursing,2nd year,no formal,yes,no
13566,21,male,ba,1st year,no formal,yes,no
13567,19,male,pharmacy,1st year,graduate,no,no
13568,17,male,diploma,2nd year,post graduate,no,yes
13569,21,female,bba,4th year,post graduate,no,yes
13570,22,female,bba,4th year,high school,yes,yes
13571,17,female,bca,3rd year,post graduate,yes,no
13572,21,female,diploma,2nd year,no formal,yes,no
13573,17,female,diploma,2nd year,no formal,yes,no
13574,20,female,b.tech,4th year,high school,yes,yes
13575,22,male,b.com,3rd year,post graduate,yes,no
13576,22,male,ba,4th year,no formal,no,no
13577,22,other,bba,2nd year,no formal,yes,yes
13578,23,other,b.tech,4th year,graduate,yes,no
13579,18,male,b.sc,2nd year,graduate,yes,yes
13580,23,male,bba,3rd year,graduate,yes,yes
13581,19,female,bba,4th year,graduate,yes,yes
13582,19,female,bca,2nd year,phd,yes,yes
13583,23,female,b.tech,4th year,no formal,yes,yes
13584,19,female,nursing,3rd year,post graduate,yes,no
13585,17,male,b.com,2nd year,post graduate,yes,yes
13586,22,female,bba,4th year,post graduate,no,no
13587,22,other,pharmacy,2nd year,no formal,yes,yes
13588,21,female,ba,3rd year,high school,no,yes
13589,18,other,b.com,1st year,phd,yes,no
13590,22,other,b.com,4th year,post graduate,yes,no
13591,18,other,bca,4th year,phd,yes,yes
13592,21,female,pharmacy,4th year,post graduate,yes,yes
13593,21,female,bca,4th year,no formal,yes,yes
13594,23,female,b.sc,3rd year,phd,yes,yes
13595,24,male,pharmacy,3rd year,phd,yes,yes
13596,18,female,b.tech,4th year,post graduate,yes,yes
13597,17,male,ba,3rd year,no formal,yes,yes
13598,21,female,b.sc,2nd year,phd,yes,yes
13599,24,male,b.tech,1st year,phd,yes,yes
13600,18,female,pharmacy,4th year,phd,yes,yes
13601,20,other,b.tech,1st year,high school,no,yes
13602,20,female,pharmacy,4th year,phd,yes,yes
13603,19,other,bba,4th year,no formal,yes,yes
13604,22,female,b.com,1st year,graduate,yes,no
13605,19,other,nursing,4th year,post graduate,yes,yes
13606,20,male,b.tech,3rd year,high school,yes,no
13607,23,other,diploma,2nd year,phd,yes,no
13608,20,other,diploma,3rd year,graduate,yes,no
13609,17,other,ba,2nd year,no formal,yes,yes
13610,24,male,b.com,4th year,phd,yes,no
13611,19,other,b.tech,2nd year,no formal,yes,no
13612,23,other,b.tech,1st year,phd,no,yes
13613,23,male,b.tech,2nd year,phd,yes,no
13614,21,female,bba,3rd year,phd,yes,no
13615,17,female,bba,2nd year,high school,no,no
13616,24,male,ba,3rd year,graduate,yes,no
13617,22,female,diploma,4th year,post graduate,yes,no
13618,20,female,ba,2nd year,phd,yes,yes
13619,23,male,nursing,4th year,high school,yes,no
13620,23,female,bca,4th year,graduate,yes,no
13621,23,female,pharmacy,4th year,high school,yes,yes
13622,18,other,diploma,3rd year,post graduate,no,yes
13623,22,male,b.sc,4th year,post graduate,yes,yes
13624,19,other,bca,2nd year,graduate,yes,no
13625,17,other,bca,2nd year,phd,yes,no
13626,19,other,b.tech,4th year,high school,yes,yes
13627,17,male,b.tech,4th year,post graduate,yes,yes
13628,17,female,b.tech,1st year,graduate,yes,no
13629,22,female,b.sc,2nd year,no formal,yes,yes
13630,21,other,nursing,2nd year,high school,yes,no
13631,20,other,b.com,4th year,phd,yes,yes
13632,18,female,b.sc,2nd year,graduate,yes,no
13633,23,male,bba,3rd year,post graduate,yes,no
13634,22,other,ba,4th year,post graduate,yes,no
13635,21,female,pharmacy,4th year,graduate,yes,yes
13636,18,male,b.tech,4th year,high school,yes,yes
13637,17,other,nursing,3rd year,post graduate,no,no
13638,17,other,b.com,3rd year,post graduate,yes,no
13639,17,female,b.com,3rd year,high school,no,yes
13640,24,female,bba,2nd year,no formal,yes,yes
13641,19,female,pharmacy,3rd year,high school,no,no
13642,22,male,b.com,2nd year,no formal,yes,yes
13643,24,other,ba,4th year,post graduate,yes,yes
13644,24,other,bca,3rd year,high school,yes,yes
13645,19,other,diploma,2nd year,high school,no,no
13646,20,other,ba,3rd year,high school,no,yes
13647,20,female,b.sc,1st year,phd,yes,yes
13648,17,other,nursing,2nd year,phd,yes,no
13649,23,other,pharmacy,4th year,phd,yes,yes
13650,21,male,bca,1st year,post graduate,no,no
13651,19,female,nursing,3rd year,no formal,no,yes
13652,21,female,b.com,4th year,post graduate,yes,yes
13653,22,female,nursing,3rd year,graduate,yes,yes
13654,17,other,nursing,3rd year,post graduate,yes,no
13655,22,female,pharmacy,3rd year,post graduate,yes,no
13656,23,male,pharmacy,1st year,post graduate,yes,no
13657,22,male,ba,1st year,post graduate,yes,yes
13658,21,other,b.sc,4th year,phd,yes,yes
13659,17,other,diploma,2nd year,phd,yes,yes
13660,22,female,diploma,2nd year,graduate,no,yes
13661,23,female,bca,1st year,no formal,yes,yes
13662,20,male,bca,3rd year,no formal,yes,no
13663,21,male,b.tech,1st year,no formal,yes,no
13664,21,other,diploma,1st year,phd,yes,yes
13665,17,female,bba,1st year,graduate,no,yes
13666,19,male,b.tech,4th year,graduate,yes,yes
13667,23,female,nursing,4th year,high school,no,yes
13668,24,other,b.tech,1st year,phd,yes,yes
13669,19,female,b.com,1st year,high school,yes,yes
13670,20,other,b.com,4th year,phd,yes,no
13671,24,female,nursing,3rd year,post graduate,yes,yes
13672,18,female,b.tech,3rd year,high school,yes,yes
13673,19,other,ba,3rd year,post graduate,no,yes
13674,17,female,ba,1st year,phd,yes,yes
13675,18,male,ba,3rd year,no formal,yes,yes
13676,22,female,nursing,1st year,no formal,yes,yes
13677,19,female,b.com,1st year,no formal,yes,yes
13678,24,female,ba,4th year,post graduate,yes,no
13679,24,female,ba,2nd year,graduate,yes,no
13680,24,other,ba,1st year,post graduate,yes,yes
13681,22,female,pharmacy,2nd year,graduate,yes,no
13682,22,male,b.com,1st year,phd,yes,yes
13683,21,male,b.sc,2nd year,graduate,yes,yes
13684,24,female,ba,3rd year,graduate,yes,yes
13685,17,other,b.tech,2nd year,graduate,no,yes
13686,22,male,nursing,1st year,high school,yes,no
13687,18,female,pharmacy,4th year,phd,yes,no
13688,19,female,nursing,3rd year,no formal,yes,yes
13689,19,other,nursing,1st year,no formal,yes,no
13690,21,other,ba,3rd year,graduate,yes,yes
13691,23,male,diploma,4th year,post graduate,yes,yes
13692,17,male,ba,1st year,graduate,yes,yes
13693,21,other,nursing,4th year,post graduate,yes,no
13694,18,male,b.sc,2nd year,high school,yes,yes
13695,17,female,b.sc,3rd year,high school,no,no
13696,20,male,pharmacy,1st year,post graduate,yes,yes
13697,21,other,ba,4th year,high school,yes,no
13698,18,male,b.com,4th year,graduate,yes,yes
13699,20,female,diploma,3rd year,post graduate,yes,no
13700,24,female,ba,1st year,no formal,yes,yes
13701,19,male,diploma,1st year,high school,yes,yes
13702,24,other,ba,3rd year,no formal,no,yes
13703,23,female,nursing,4th year,high school,yes,yes
13704,19,female,b.tech,3rd year,phd,no,no
13705,21,male,diploma,2nd year,no formal,yes,no
13706,22,male,b.com,4th year,post graduate,yes,yes
13707,20,male,ba,3rd year,no formal,yes,yes
13708,20,female,pharmacy,2nd year,graduate,yes,yes
13709,19,other,bba,4th year,no formal,yes,no
13710,18,other,b.tech,1st year,graduate,yes,yes
13711,17,other,bba,4th year,phd,no,yes
13712,19,female,b.com,3rd year,no formal,yes,yes
13713,23,male,bba,3rd year,high school,yes,yes
13714,18,male,b.sc,3rd year,high school,yes,yes
13715,18,other,bca,1st year,post graduate,yes,no
13716,19,other,b.com,4th year,phd,yes,yes
13717,21,female,bba,4th year,high school,yes,no
13718,18,male,pharmacy,1st year,no formal,yes,no
13719,18,other,bca,1st year,phd,yes,yes
13720,17,other,diploma,4th year,no formal,yes,yes
13721,19,male,diploma,2nd year,phd,yes,yes
13722,18,other,pharmacy,1st year,graduate,yes,yes
13723,23,female,nursing,4th year,post graduate,yes,no
13724,24,other,nursing,3rd year,phd,no,yes
13725,19,female,ba,2nd year,post graduate,yes,yes
13726,17,male,bca,3rd year,high school,yes,no
13727,17,female,nursing,2nd year,high school,yes,yes
13728,19,male,bca,1st year,post graduate,yes,yes
13729,20,male,b.sc,3rd year,graduate,no,yes
13730,21,other,bba,4th year,phd,yes,no
13731,19,other,b.sc,4th year,post graduate,yes,yes
13732,19,female,diploma,3rd year,phd,yes,no
13733,19,male,nursing,1st year,high school,no,yes
13734,21,female,diploma,1st year,graduate,yes,yes
13735,22,male,bba,2nd year,phd,yes,yes
13736,17,female,bca,1st year,high school,yes,yes
13737,20,female,bba,1st year,phd,yes,yes
13738,22,male,bba,4th year,graduate,yes,no
13739,22,female,b.com,2nd year,graduate,yes,no
13740,21,female,diploma,4th year,phd,yes,no
13741,21,other,ba,1st year,high school,yes,no
13742,22,other,b.sc,1st year,post graduate,yes,no
13743,20,other,nursing,3rd year,high school,yes,no
13744,21,other,bba,2nd year,phd,yes,no
13745,19,male,bba,1st year,graduate,yes,yes
13746,20,female,bba,3rd year,graduate,no,yes
13747,17,female,b.tech,4th year,high school,yes,yes
13748,19,other,bba,2nd year,no formal,yes,no
13749,18,female,bba,4th year,phd,yes,yes
13750,18,other,bba,2nd year,graduate,yes,yes
13751,20,female,b.tech,4th year,post graduate,yes,yes
13752,21,male,diploma,2nd year,phd,yes,yes
13753,24,other,bca,1st year,high school,yes,no
13754,17,other,diploma,3rd year,no formal,yes,no
13755,24,male,bba,2nd year,post graduate,yes,yes
13756,19,male,b.com,1st year,post graduate,yes,no
13757,22,other,nursing,1st year,post graduate,yes,yes
13758,22,male,ba,2nd year,high school,yes,yes
13759,24,male,bba,1st year,phd,yes,yes
13760,17,female,b.tech,1st year,graduate,yes,yes
13761,24,male,b.sc,3rd year,no formal,yes,yes
13762,17,male,b.sc,1st year,graduate,yes,no
13763,24,other,ba,4th year,post graduate,yes,yes
13764,22,male,b.com,4th year,graduate,yes,no
13765,20,other,b.com,1st year,graduate,yes,no
13766,20,female,diploma,1st year,phd,yes,yes
13767,17,male,diploma,1st year,graduate,yes,yes
13768,23,male,nursing,1st year,high school,yes,yes
13769,22,female,nursing,2nd year,high school,yes,no
13770,24,female,b.com,4th year,post graduate,yes,yes
13771,22,other,bca,4th year,post graduate,yes,no
13772,24,male,nursing,4th year,no formal,yes,no
13773,24,female,b.com,4th year,post graduate,yes,no
13774,20,other,ba,4th year,high school,yes,no
13775,22,male,bba,3rd year,no formal,yes,no
13776,19,other,nursing,1st year,no formal,yes,yes
13777,23,other,b.sc,4th year,phd,yes,yes
13778,21,male,bba,3rd year,high school,no,yes
13779,20,male,b.com,4th year,graduate,yes,no
13780,22,other,diploma,3rd year,graduate,yes,yes
13781,19,other,b.com,3rd year,graduate,yes,yes
13782,21,male,ba,4th year,high school,yes,yes
13783,20,other,ba,3rd year,no formal,yes,yes
13784,19,male,b.tech,1st year,no formal,no,yes
13785,24,male,diploma,3rd year,graduate,no,no
13786,17,female,b.com,2nd year,phd,yes,no
13787,23,other,bba,1st year,phd,yes,yes
13788,18,male,diploma,2nd year,post graduate,yes,yes
13789,18,female,nursing,4th year,high school,yes,yes
13790,18,male,pharmacy,3rd year,phd,yes,yes
13791,17,male,b.sc,1st year,high school,yes,no
13792,17,other,bca,2nd year,phd,yes,yes
13793,23,female,b.com,3rd year,no formal,no,yes
13794,24,other,diploma,3rd year,graduate,no,yes
13795,21,other,ba,4th year,high school,yes,no
13796,17,other,b.tech,3rd year,graduate,yes,no
13797,23,male,nursing,1st year,post graduate,no,yes
13798,21,other,diploma,4th year,phd,no,yes
13799,21,other,b.com,3rd year,no formal,yes,no
13800,24,female,nursing,4th year,graduate,yes,yes
13801,20,male,ba,1st year,no formal,yes,yes
13802,19,male,ba,3rd year,graduate,yes,yes
13803,23,female,b.com,1st year,phd,yes,yes
13804,21,male,bba,1st year,high school,no,yes
13805,22,male,pharmacy,4th year,high school,yes,yes
13806,22,female,b.tech,4th year,high school,no,yes
13807,23,female,bca,4th year,phd,yes,no
13808,19,other,b.sc,1st year,phd,yes,no
13809,17,other,b.sc,4th year,phd,yes,no
13810,20,male,b.tech,1st year,high school,yes,no
13811,22,male,b.com,2nd year,high school,no,yes
13812,23,male,diploma,2nd year,no formal,yes,yes
13813,19,male,diploma,4th year,no formal,yes,yes
13814,22,female,nursing,3rd year,post graduate,no,no
13815,23,other,b.sc,2nd year,graduate,yes,yes
13816,23,other,b.tech,1st year,phd,yes,no
13817,23,other,pharmacy,2nd year,post graduate,yes,yes
13818,24,female,pharmacy,2nd year,phd,yes,no
13819,22,female,diploma,3rd year,no formal,yes,yes
13820,19,other,nursing,1st year,post graduate,yes,no
13821,20,male,nursing,2nd year,no formal,yes,no
13822,22,female,bca,3rd year,high school,no,yes
13823,18,female,bba,3rd year,graduate,no,yes
13824,21,female,pharmacy,3rd year,graduate,yes,no
13825,21,female,diploma,2nd year,high school,yes,yes
13826,22,female,nursing,3rd year,no formal,yes,yes
13827,20,male,b.sc,1st year,no formal,yes,no
13828,22,other,b.com,2nd year,high school,yes,yes
13829,17,other,bca,4th year,post graduate,yes,no
13830,22,other,pharmacy,4th year,phd,yes,no
13831,23,other,bca,3rd year,high school,yes,yes
13832,24,female,ba,2nd year,phd,yes,yes
13833,24,male,b.tech,4th year,phd,yes,yes
13834,19,male,b.sc,2nd year,high school,yes,yes
13835,17,other,b.com,4th year,no formal,yes,yes
13836,22,male,b.sc,3rd year,high school,yes,no
13837,17,female,diploma,1st year,no formal,yes,no
13838,19,male,diploma,3rd year,phd,yes,yes
13839,22,male,ba,4th year,phd,no,yes
13840,21,male,pharmacy,4th year,high school,yes,yes
13841,21,male,ba,3rd year,graduate,yes,no
13842,23,male,bba,1st year,high school,no,yes
13843,18,female,bba,1st year,no formal,no,yes
13844,23,other,bca,4th year,high school,yes,yes
13845,21,male,b.sc,2nd year,no formal,yes,yes
13846,20,other,b.com,2nd year,graduate,yes,no
13847,20,female,diploma,3rd year,graduate,no,no
13848,21,other,nursing,4th year,high school,no,yes
13849,21,female,ba,2nd year,post graduate,yes,yes
13850,19,other,b.sc,3rd year,post graduate,yes,yes
13851,18,other,nursing,3rd year,graduate,yes,yes
13852,18,other,bca,2nd year,high school,yes,no
13853,19,female,ba,3rd year,high school,yes,yes
13854,19,other,bca,1st year,graduate,yes,no
13855,21,other,nursing,2nd year,post graduate,yes,yes
13856,24,male,b.tech,2nd year,high school,no,yes
13857,17,other,ba,3rd year,post graduate,no,yes
13858,19,male,pharmacy,2nd year,high school,yes,no
13859,17,female,b.com,2nd year,graduate,yes,yes
13860,24,male,pharmacy,4th year,high school,yes,yes
13861,22,other,b.com,4th year,no formal,yes,no
13862,18,other,bba,4th year,graduate,yes,yes
13863,20,other,b.tech,3rd year,post graduate,no,yes
13864,22,male,diploma,2nd year,graduate,yes,no
13865,24,male,b.com,2nd year,post graduate,yes,yes
13866,21,female,nursing,4th year,no formal,yes,yes
13867,19,male,b.sc,3rd year,no formal,yes,yes
13868,22,female,b.sc,4th year,phd,no,yes
13869,22,male,bba,4th year,graduate,yes,yes
13870,22,female,b.tech,4th year,high school,no,no
13871,17,female,b.com,3rd year,post graduate,no,yes
13872,22,female,diploma,2nd year,post graduate,yes,no
13873,17,other,bba,4th year,phd,yes,yes
13874,24,other,bca,1st year,phd,yes,yes
13875,24,male,b.tech,2nd year,high school,no,yes
13876,21,female,diploma,4th year,no formal,yes,no
13877,22,other,b.tech,3rd year,graduate,yes,no
13878,17,other,bca,3rd year,no formal,yes,yes
13879,23,female,nursing,3rd year,graduate,yes,no
13880,19,male,diploma,2nd year,no formal,yes,yes
13881,19,female,ba,4th year,post graduate,yes,no
13882,22,other,b.sc,2nd year,phd,yes,yes
13883,24,male,nursing,2nd year,high school,no,yes
13884,20,female,b.sc,1st year,graduate,yes,yes
13885,21,female,bba,1st year,phd,yes,yes
13886,21,male,b.com,1st year,high school,yes,yes
13887,19,female,b.tech,2nd year,post graduate,yes,no
13888,21,other,ba,2nd year,no formal,yes,yes
13889,24,female,bba,3rd year,post graduate,yes,yes
13890,20,other,diploma,3rd year,no formal,yes,yes
13891,23,female,diploma,1st year,no formal,yes,yes
13892,23,other,nursing,3rd year,graduate,no,no
13893,23,female,nursing,1st year,phd,yes,yes
13894,22,other,ba,3rd year,post graduate,no,no
13895,24,male,ba,1st year,graduate,yes,yes
13896,22,female,bca,1st year,high school,yes,yes
13897,24,male,bba,4th year,graduate,yes,no
13898,22,male,b.com,1st year,high school,no,yes
13899,23,male,b.tech,4th year,no formal,yes,no
13900,24,male,bba,2nd year,phd,yes,no
13901,24,male,bba,4th year,graduate,no,yes
13902,21,other,pharmacy,1st year,phd,no,yes
13903,22,female,nursing,2nd year,graduate,yes,yes
13904,24,other,b.com,4th year,high school,yes,no
13905,20,other,b.tech,1st year,no formal,yes,yes
13906,17,other,nursing,2nd year,post graduate,yes,yes
13907,24,female,bba,1st year,post graduate,yes,no
13908,22,other,b.tech,2nd year,phd,yes,no
13909,20,female,diploma,4th year,high school,yes,yes
13910,22,female,ba,3rd year,high school,yes,no
13911,17,other,b.sc,2nd year,high school,yes,yes
13912,20,male,bca,3rd year,no formal,yes,yes
13913,19,male,nursing,2nd year,phd,yes,yes
13914,19,male,diploma,1st year,high school,no,yes
13915,24,other,b.com,3rd year,no formal,no,no
13916,21,female,bca,3rd year,no formal,no,no
13917,18,male,bba,1st year,high school,yes,yes
13918,19,other,nursing,1st year,no formal,no,no
13919,18,male,b.sc,3rd year,phd,no,yes
13920,24,male,nursing,2nd year,phd,yes,yes
13921,19,female,ba,4th year,phd,yes,no
13922,19,other,bca,2nd year,phd,yes,yes
13923,19,other,bba,2nd year,no formal,no,yes
13924,18,other,ba,3rd year,post graduate,yes,yes
13925,23,other,b.com,4th year,phd,no,yes
13926,21,male,ba,3rd year,phd,yes,yes
13927,20,female,bca,3rd year,graduate,yes,yes
13928,20,other,bca,4th year,phd,yes,no
13929,22,other,bca,4th year,no formal,no,no
13930,17,female,bca,3rd year,post graduate,no,no
13931,24,male,b.tech,2nd year,high school,yes,yes
13932,21,other,ba,1st year,phd,yes,yes
13933,18,female,b.com,3rd year,phd,yes,yes
13934,21,female,ba,3rd year,phd,no,no
13935,23,other,ba,2nd year,no formal,yes,no
13936,18,female,b.sc,2nd year,high school,yes,yes
13937,21,female,pharmacy,2nd year,high school,no,no
13938,21,male,b.tech,3rd year,phd,yes,yes
13939,23,male,bca,4th year,post graduate,yes,yes
13940,21,female,bba,2nd year,phd,yes,no
13941,22,other,diploma,3rd year,phd,yes,yes
13942,23,other,nursing,2nd year,high school,no,no
13943,24,female,bca,2nd year,no formal,no,yes
13944,19,other,diploma,3rd year,post graduate,yes,yes
13945,22,male,b.com,3rd year,post graduate,yes,yes
13946,18,other,pharmacy,3rd year,high school,yes,no
13947,23,female,b.tech,2nd year,post graduate,yes,no
13948,24,male,diploma,4th year,high school,no,yes
13949,19,male,b.sc,4th year,post graduate,yes,yes
13950,21,other,b.com,3rd year,post graduate,yes,yes
13951,23,female,nursing,4th year,post graduate,yes,yes
13952,17,male,diploma,2nd year,no formal,yes,yes
13953,22,other,bca,3rd year,phd,yes,no
13954,23,male,nursing,1st year,post graduate,yes,yes
13955,23,female,b.com,4th year,high school,no,yes
13956,18,other,bca,1st year,graduate,no,yes
13957,23,male,b.sc,3rd year,high school,yes,no
13958,23,other,bba,1st year,no formal,yes,yes
13959,17,other,ba,3rd year,graduate,yes,yes
13960,22,other,bca,2nd year,post graduate,yes,yes
13961,22,other,b.tech,4th year,post graduate,yes,yes
13962,24,other,b.tech,1st year,phd,yes,yes
13963,17,male,b.tech,4th year,post graduate,no,no
13964,24,male,b.com,3rd year,no formal,yes,yes
13965,21,male,bca,4th year,high school,yes,yes
13966,19,male,b.sc,2nd year,graduate,yes,no
13967,20,female,pharmacy,3rd year,phd,yes,yes
13968,23,male,ba,1st year,no formal,yes,no
13969,24,female,b.com,3rd year,phd,yes,yes
13970,19,female,pharmacy,2nd year,high school,yes,yes
13971,24,female,b.sc,3rd year,post graduate,yes,yes
13972,22,female,b.sc,4th year,graduate,no,no
13973,18,male,ba,2nd year,phd,no,yes
13974,21,male,b.tech,2nd year,high school,yes,no
13975,23,other,diploma,3rd year,graduate,no,no
13976,17,female,diploma,4th year,post graduate,yes,no
13977,17,female,ba,2nd year,no formal,no,yes
13978,17,female,nursing,4th year,high school,yes,yes
13979,21,female,b.tech,2nd year,post graduate,yes,yes
13980,17,other,bba,4th year,post graduate,yes,yes
13981,24,female,diploma,3rd year,post graduate,yes,yes
13982,18,female,ba,3rd year,no formal,yes,yes
13983,17,other,pharmacy,3rd year,high school,no,no
13984,19,male,ba,4th year,phd,yes,yes
13985,23,other,pharmacy,4th year,phd,no,no
13986,24,female,bca,2nd year,graduate,no,no
13987,19,male,b.com,3rd year,graduate,yes,yes
13988,21,other,nursing,3rd year,no formal,yes,no
13989,23,other,b.tech,3rd year,post graduate,yes,yes
13990,23,male,b.sc,1st year,no formal,yes,no
13991,18,other,nursing,2nd year,no formal,yes,yes
13992,23,male,pharmacy,1st year,graduate,yes,yes
13993,23,male,ba,1st year,phd,yes,no
13994,22,other,bca,4th year,phd,yes,yes
13995,21,other,diploma,3rd year,graduate,no,yes
13996,20,other,diploma,3rd year,graduate,no,no
13997,24,female,pharmacy,2nd year,graduate,yes,yes
13998,23,male,b.tech,1st year,graduate,yes,yes
13999,21,female,b.sc,2nd year,post graduate,no,no
14000,22,female,pharmacy,1st year,post graduate,yes,yes
14001,20,male,bba,3rd year,graduate,no,yes
14002,22,female,bba,2nd year,high school,yes,yes
14003,17,male,ba,4th year,phd,yes,no
14004,24,male,ba,4th year,post graduate,yes,yes
14005,21,male,b.com,3rd year,graduate,yes,no
14006,21,male,ba,4th year,high school,no,yes
14007,18,male,b.tech,2nd year,graduate,yes,yes
14008,21,other,b.com,1st year,phd,no,no
14009,17,other,pharmacy,3rd year,high school,yes,yes
14010,24,female,b.sc,1st year,phd,no,yes
14011,22,female,diploma,4th year,high school,yes,no
14012,20,male,b.tech,1st year,no formal,yes,yes
14013,23,other,diploma,4th year,no formal,no,yes
14014,23,other,b.com,3rd year,no formal,no,yes
14015,17,other,diploma,1st year,high school,no,no
14016,17,female,bba,3rd year,post graduate,yes,yes
14017,19,male,diploma,3rd year,graduate,no,yes
14018,17,female,diploma,3rd year,post graduate,yes,no
14019,21,female,bca,2nd year,no formal,yes,yes
14020,21,male,diploma,3rd year,post graduate,no,yes
14021,21,male,pharmacy,2nd year,post graduate,yes,no
14022,17,male,bca,1st year,graduate,yes,yes
14023,24,other,b.sc,3rd year,post graduate,yes,no
14024,24,male,b.sc,2nd year,no formal,yes,no
14025,21,other,bba,2nd year,graduate,yes,yes
14026,17,other,ba,2nd year,post graduate,yes,yes
14027,20,male,bca,3rd year,no formal,yes,yes
14028,22,female,diploma,3rd year,no formal,yes,no
14029,22,male,b.sc,4th year,post graduate,yes,no
14030,18,other,diploma,3rd year,graduate,yes,no
14031,23,female,pharmacy,2nd year,high school,yes,no
14032,24,male,b.com,4th year,high school,yes,yes
14033,21,other,pharmacy,2nd year,phd,yes,yes
14034,20,other,pharmacy,1st year,high school,yes,no
14035,21,other,ba,4th year,high school,yes,yes
14036,17,female,nursing,4th year,phd,yes,no
14037,21,other,pharmacy,2nd year,high school,yes,yes
14038,17,female,nursing,1st year,graduate,yes,no
14039,17,female,ba,2nd year,high school,yes,yes
14040,21,female,bca,2nd year,graduate,yes,no
14041,21,male,bca,1st year,high school,yes,yes
14042,24,female,ba,1st year,phd,yes,yes
14043,21,other,bca,1st year,no formal,yes,yes
14044,24,male,pharmacy,2nd year,graduate,no,no
14045,23,female,b.tech,1st year,post graduate,no,yes
14046,19,male,pharmacy,1st year,phd,yes,no
14047,24,female,ba,4th year,no formal,yes,no
14048,20,other,nursing,1st year,phd,no,yes
14049,21,other,b.tech,4th year,high school,yes,no
14050,17,male,pharmacy,3rd year,post graduate,yes,no
14051,18,other,bba,2nd year,no formal,yes,yes
14052,21,male,pharmacy,4th year,no formal,yes,no
14053,19,male,ba,1st year,graduate,no,yes
14054,21,other,diploma,3rd year,no formal,yes,no
14055,17,male,bca,2nd year,graduate,no,no
14056,19,male,b.sc,4th year,graduate,yes,yes
14057,22,male,b.com,4th year,graduate,yes,no
14058,21,female,bba,3rd year,no formal,no,no
14059,24,female,bba,1st year,post graduate,yes,no
14060,24,other,bca,4th year,high school,yes,no
14061,23,other,nursing,4th year,post graduate,yes,no
14062,17,other,diploma,1st year,high school,yes,yes
14063,21,female,b.tech,1st year,high school,yes,yes
14064,18,male,bba,4th year,no formal,yes,no
14065,19,other,b.sc,4th year,phd,no,no
14066,18,female,bba,2nd year,high school,yes,no
14067,20,male,bba,4th year,no formal,yes,yes
14068,17,female,pharmacy,2nd year,high school,yes,yes
14069,21,female,ba,4th year,no formal,yes,yes
14070,18,female,bba,3rd year,no formal,yes,no
14071,21,female,bba,3rd year,no formal,yes,yes
14072,22,other,b.sc,1st year,post graduate,yes,no
14073,18,male,b.tech,4th year,graduate,yes,no
14074,17,other,diploma,1st year,phd,yes,no
14075,23,male,b.com,1st year,phd,no,yes
14076,22,male,ba,2nd year,post graduate,yes,no
14077,19,other,pharmacy,4th year,graduate,yes,yes
14078,24,male,b.com,4th year,phd,yes,yes
14079,18,other,pharmacy,3rd year,phd,yes,no
14080,24,other,bca,4th year,no formal,yes,no
14081,17,female,b.com,3rd year,graduate,no,no
14082,22,female,pharmacy,1st year,post graduate,no,no
14083,17,other,bca,4th year,phd,yes,no
14084,18,other,b.com,2nd year,graduate,yes,no
14085,20,female,bba,3rd year,post graduate,yes,no
14086,17,male,ba,3rd year,graduate,yes,no
14087,20,female,nursing,2nd year,post graduate,yes,yes
14088,18,male,bba,2nd year,post graduate,no,yes
14089,17,male,b.tech,2nd year,graduate,yes,yes
14090,24,other,diploma,2nd year,post graduate,yes,yes
14091,24,female,diploma,4th year,no formal,yes,no
14092,24,other,ba,2nd year,no formal,yes,no
14093,18,other,pharmacy,2nd year,phd,no,yes
14094,20,male,ba,3rd year,high school,yes,no
14095,19,other,b.com,1st year,high school,yes,no
14096,19,other,diploma,1st year,post graduate,yes,no
14097,20,male,b.sc,1st year,graduate,yes,yes
14098,21,female,pharmacy,1st year,graduate,yes,no
14099,20,other,diploma,2nd year,phd,no,no
14100,19,male,b.com,1st year,high school,no,no
14101,24,male,b.tech,2nd year,high school,no,no
14102,24,female,bca,3rd year,no formal,yes,yes
14103,19,other,bca,2nd year,phd,yes,yes
14104,18,male,nursing,2nd year,no formal,yes,no
14105,21,other,b.com,3rd year,graduate,yes,yes
14106,19,other,b.sc,3rd year,graduate,yes,yes
14107,24,male,ba,4th year,phd,yes,yes
14108,20,male,nursing,4th year,graduate,yes,no
14109,17,female,pharmacy,1st year,no formal,yes,yes
14110,18,female,ba,2nd year,high school,yes,yes
14111,17,male,b.tech,3rd year,graduate,yes,no
14112,20,male,b.tech,1st year,post graduate,yes,yes
14113,19,female,bba,3rd year,no formal,yes,yes
14114,23,other,b.tech,1st year,post graduate,yes,no
14115,24,female,diploma,2nd year,no formal,yes,yes
14116,18,other,b.tech,4th year,no formal,no,no
14117,24,other,ba,3rd year,no formal,yes,no
14118,21,female,nursing,3rd year,no formal,yes,yes
14119,19,other,bba,1st year,post graduate,yes,no
14120,20,female,diploma,4th year,phd,no,yes
14121,20,other,ba,2nd year,no formal,yes,yes
14122,18,other,nursing,4th year,phd,yes,yes
14123,23,other,ba,4th year,high school,yes,yes
14124,17,male,diploma,4th year,phd,yes,no
14125,17,male,pharmacy,1st year,phd,no,no
14126,19,other,ba,4th year,post graduate,yes,no
14127,18,other,b.com,3rd year,graduate,no,no
14128,17,female,pharmacy,2nd year,phd,yes,yes
14129,20,male,diploma,4th year,graduate,yes,yes
14130,20,other,nursing,3rd year,no formal,yes,no
14131,18,female,ba,3rd year,high school,yes,no
14132,23,male,ba,4th year,no formal,yes,no
14133,24,female,b.sc,3rd year,high school,yes,no
14134,22,male,diploma,3rd year,no formal,yes,no
14135,21,male,nursing,4th year,graduate,yes,yes
14136,24,male,nursing,4th year,graduate,no,yes
14137,19,other,b.com,3rd year,graduate,yes,no
14138,20,male,bba,4th year,high school,yes,no
14139,17,female,bba,4th year,high school,yes,yes
14140,22,male,b.sc,3rd year,graduate,yes,yes
14141,17,female,b.tech,1st year,high school,yes,no
14142,22,other,ba,3rd year,no formal,yes,yes
14143,23,other,bba,2nd year,post graduate,yes,yes
14144,18,male,pharmacy,3rd year,graduate,no,yes
14145,21,female,nursing,2nd year,no formal,yes,no
14146,19,male,diploma,2nd year,phd,yes,yes
14147,20,female,pharmacy,4th year,high school,yes,no
14148,21,male,diploma,1st year,post graduate,yes,yes
14149,18,female,bba,1st year,no formal,no,yes
14150,23,female,pharmacy,3rd year,high school,yes,yes
14151,20,other,pharmacy,3rd year,high school,yes,no
14152,20,female,b.sc,4th year,no formal,no,yes
14153,23,other,b.com,1st year,graduate,yes,yes
14154,18,male,pharmacy,4th year,high school,yes,no
14155,20,other,b.tech,4th year,high school,yes,no
14156,24,other,bba,1st year,graduate,no,yes
14157,20,other,ba,4th year,phd,no,no
14158,17,other,diploma,4th year,high school,yes,no
14159,19,male,pharmacy,1st year,no formal,no,yes
14160,24,male,b.com,1st year,post graduate,no,yes
14161,23,male,b.sc,3rd year,graduate,yes,yes
14162,23,other,b.com,3rd year,phd,yes,no
14163,19,female,diploma,4th year,post graduate,yes,yes
14164,23,female,ba,4th year,no formal,yes,no
14165,20,female,bca,1st year,post graduate,yes,no
14166,23,female,ba,4th year,no formal,yes,yes
14167,24,female,diploma,4th year,graduate,yes,yes
14168,18,other,b.tech,3rd year,no formal,yes,yes
14169,24,male,ba,2nd year,post graduate,yes,no
14170,22,other,b.com,3rd year,phd,yes,no
14171,22,female,bca,3rd year,phd,yes,yes
14172,23,female,bca,2nd year,no formal,yes,no
14173,18,other,diploma,1st year,phd,yes,yes
14174,22,female,pharmacy,3rd year,post graduate,yes,yes
14175,18,male,nursing,2nd year,phd,no,yes
14176,19,male,b.tech,1st year,graduate,yes,no
14177,17,other,diploma,2nd year,post graduate,no,yes
14178,18,female,b.tech,1st year,graduate,no,no
14179,24,female,ba,2nd year,post graduate,yes,yes
14180,19,other,bca,4th year,post graduate,yes,yes
14181,20,male,b.com,3rd year,high school,yes,yes
14182,20,male,diploma,1st year,high school,yes,yes
14183,22,female,nursing,2nd year,phd,yes,no
14184,21,other,bca,3rd year,phd,yes,yes
14185,21,male,bba,4th year,no formal,yes,yes
14186,23,other,pharmacy,2nd year,no formal,yes,no
14187,20,other,bca,4th year,post graduate,yes,yes
14188,23,male,b.com,1st year,post graduate,yes,yes
14189,24,male,bca,4th year,high school,yes,yes
14190,22,other,bba,1st year,phd,yes,yes
14191,17,male,b.tech,3rd year,no formal,yes,no
14192,19,other,pharmacy,1st year,no formal,yes,no
14193,21,other,nursing,4th year,graduate,yes,yes
14194,20,male,bca,1st year,graduate,yes,yes
14195,19,male,diploma,2nd year,high school,yes,no
14196,19,female,bca,3rd year,post graduate,no,yes
14197,17,female,ba,1st year,phd,yes,yes
14198,18,other,pharmacy,3rd year,no formal,yes,yes
14199,23,female,bba,2nd year,post graduate,yes,yes
14200,17,other,ba,2nd year,graduate,no,yes
14201,23,male,diploma,2nd year,phd,yes,yes
14202,19,male,b.sc,4th year,high school,no,no
14203,23,male,b.com,2nd year,post graduate,yes,yes
14204,19,female,b.sc,4th year,post graduate,no,no
14205,23,male,b.tech,1st year,high school,no,yes
14206,21,other,nursing,3rd year,graduate,yes,yes
14207,23,other,ba,2nd year,post graduate,yes,yes
14208,17,other,nursing,3rd year,graduate,no,no
14209,23,other,bca,4th year,post graduate,yes,yes
14210,19,male,b.com,3rd year,post graduate,yes,yes
14211,19,other,b.sc,2nd year,high school,yes,no
14212,17,female,bba,1st year,post graduate,no,no
14213,24,other,b.tech,4th year,graduate,no,yes
14214,22,other,bca,2nd year,high school,yes,yes
14215,24,female,bba,1st year,phd,yes,no
14216,21,male,b.sc,2nd year,no formal,yes,yes
14217,18,other,bba,1st year,post graduate,yes,no
14218,19,female,nursing,3rd year,high school,yes,no
14219,20,female,pharmacy,4th year,post graduate,yes,no
14220,18,female,ba,2nd year,phd,yes,yes
14221,24,other,b.tech,3rd year,post graduate,yes,no
14222,24,female,nursing,4th year,high school,yes,no
14223,21,male,bba,4th year,post graduate,yes,yes
14224,21,other,diploma,1st year,high school,yes,no
14225,22,female,b.tech,1st year,no formal,yes,no
14226,22,male,b.com,2nd year,high school,yes,yes
14227,17,female,b.com,2nd year,post graduate,yes,no
14228,21,other,diploma,1st year,high school,yes,yes
14229,23,other,diploma,1st year,no formal,yes,no
14230,23,male,diploma,4th year,graduate,yes,yes
14231,21,female,ba,1st year,phd,yes,yes
14232,24,other,b.com,2nd year,graduate,yes,yes
14233,21,female,b.sc,1st year,graduate,yes,no
14234,20,female,b.com,3rd year,high school,no,yes
14235,20,male,b.sc,3rd year,graduate,yes,yes
14236,22,male,nursing,3rd year,high school,yes,no
14237,24,other,diploma,2nd year,phd,yes,no
14238,18,other,diploma,1st year,post graduate,no,no
14239,19,female,nursing,2nd year,post graduate,yes,yes
14240,22,other,diploma,4th year,post graduate,yes,yes
14241,23,other,b.com,1st year,high school,yes,yes
14242,20,female,b.com,4th year,post graduate,yes,no
14243,22,female,b.sc,4th year,phd,yes,no
14244,17,male,diploma,3rd year,no formal,yes,yes
14245,19,male,nursing,4th year,phd,yes,no
14246,24,female,diploma,2nd year,phd,yes,yes
14247,21,female,bba,3rd year,no formal,yes,yes
14248,23,other,b.com,3rd year,no formal,yes,yes
14249,18,male,ba,3rd year,graduate,yes,yes
14250,19,male,b.com,3rd year,post graduate,yes,no
14251,24,male,b.sc,1st year,graduate,yes,yes
14252,24,other,ba,4th year,post graduate,yes,yes
14253,24,other,b.com,3rd year,phd,yes,no
14254,19,male,diploma,1st year,high school,yes,yes
14255,23,other,pharmacy,3rd year,graduate,yes,no
14256,20,other,b.sc,4th year,no formal,yes,yes
14257,23,female,b.tech,1st year,no formal,yes,no
14258,23,female,nursing,4th year,post graduate,no,no
14259,20,female,b.com,2nd year,phd,yes,yes
14260,19,male,b.com,2nd year,graduate,yes,no
14261,24,male,nursing,2nd year,post graduate,yes,yes
14262,20,other,nursing,3rd year,phd,yes,no
14263,20,male,bca,1st year,no formal,yes,no
14264,22,male,b.sc,2nd year,post graduate,yes,yes
14265,24,other,diploma,4th year,post graduate,yes,no
14266,18,other,diploma,1st year,phd,no,yes
14267,24,other,ba,2nd year,high school,yes,yes
14268,20,male,bca,3rd year,post graduate,yes,yes
14269,17,other,bba,2nd year,phd,no,yes
14270,19,male,bca,1st year,graduate,no,yes
14271,20,male,bba,3rd year,high school,yes,yes
14272,22,other,pharmacy,1st year,phd,yes,yes
14273,21,male,b.tech,2nd year,no formal,yes,no
14274,18,female,b.tech,3rd year,phd,yes,no
14275,20,male,b.sc,3rd year,phd,yes,no
14276,18,male,b.sc,4th year,no formal,yes,yes
14277,19,other,bba,4th year,high school,yes,yes
14278,22,female,b.tech,1st year,graduate,yes,yes
14279,23,other,b.sc,2nd year,no formal,yes,no
14280,18,male,bba,1st year,no formal,yes,no
14281,21,other,pharmacy,4th year,high school,yes,yes
14282,20,other,nursing,1st year,phd,yes,yes
14283,19,other,b.sc,4th year,graduate,yes,no
14284,22,male,b.tech,1st year,post graduate,yes,no
14285,18,male,diploma,1st year,post graduate,yes,yes
14286,23,female,nursing,4th year,graduate,yes,yes
14287,20,male,pharmacy,1st year,no formal,yes,yes
14288,17,male,ba,2nd year,phd,yes,yes
14289,23,other,b.tech,3rd year,graduate,yes,yes
14290,23,other,pharmacy,3rd year,high school,yes,yes
14291,21,other,b.com,4th year,graduate,yes,no
14292,22,other,ba,2nd year,graduate,yes,yes
14293,18,male,ba,3rd year,phd,yes,yes
14294,19,other,pharmacy,4th year,high school,yes,yes
14295,19,male,ba,1st year,phd,yes,no
14296,23,female,bca,2nd year,no formal,yes,yes
14297,19,male,bba,2nd year,high school,no,no
14298,22,male,pharmacy,4th year,no formal,yes,yes
14299,19,other,pharmacy,3rd year,phd,yes,yes
14300,21,male,bca,3rd year,graduate,yes,yes
14301,18,other,b.tech,1st year,graduate,yes,no
14302,21,other,ba,4th year,no formal,yes,yes
14303,17,female,bca,1st year,no formal,yes,no
14304,22,male,nursing,2nd year,phd,yes,yes
14305,17,female,diploma,3rd year,phd,yes,yes
14306,24,female,bba,4th year,high school,no,yes
14307,23,female,diploma,2nd year,post graduate,yes,no
14308,21,female,b.com,2nd year,high school,yes,no
14309,24,female,bca,1st year,phd,no,no
14310,23,other,bba,3rd year,no formal,yes,yes
14311,18,male,diploma,1st year,no formal,no,no
14312,22,female,nursing,3rd year,high school,no,no
14313,20,male,nursing,1st year,no formal,yes,no
14314,23,female,diploma,2nd year,post graduate,no,yes
14315,23,male,diploma,2nd year,phd,yes,no
14316,24,other,b.sc,3rd year,phd,yes,yes
14317,20,female,b.sc,2nd year,phd,yes,yes
14318,18,other,nursing,1st year,no formal,yes,yes
14319,18,male,bba,4th year,no formal,yes,no
14320,18,female,ba,4th year,no formal,yes,no
14321,24,other,bca,2nd year,post graduate,yes,no
14322,21,other,b.tech,2nd year,no formal,yes,yes
14323,19,male,b.sc,1st year,post graduate,yes,yes
14324,20,female,b.sc,1st year,graduate,yes,yes
14325,18,male,bca,2nd year,post graduate,yes,yes
14326,21,female,b.tech,3rd year,no formal,yes,yes
14327,20,male,b.tech,3rd year,graduate,yes,yes
14328,23,male,diploma,3rd year,no formal,yes,no
14329,17,other,diploma,1st year,no formal,yes,yes
14330,24,other,b.com,1st year,post graduate,yes,yes
14331,17,other,diploma,2nd year,graduate,no,yes
14332,20,other,b.tech,2nd year,post graduate,yes,yes
14333,19,female,ba,3rd year,no formal,yes,no
14334,22,male,ba,3rd year,high school,yes,yes
14335,22,other,ba,1st year,no formal,yes,no
14336,18,male,nursing,4th year,graduate,yes,yes
14337,20,male,b.tech,3rd year,graduate,no,no
14338,21,other,bca,2nd year,post graduate,yes,no
14339,20,female,b.com,3rd year,no formal,yes,no
14340,17,male,bba,2nd year,no formal,yes,yes
14341,18,female,b.sc,1st year,phd,yes,yes
14342,21,other,diploma,3rd year,post graduate,yes,yes
14343,19,female,b.tech,1st year,no formal,yes,yes
14344,21,other,b.tech,1st year,high school,yes,yes
14345,18,female,b.com,2nd year,graduate,yes,yes
14346,22,female,nursing,4th year,graduate,yes,yes
14347,18,male,b.tech,3rd year,post graduate,no,yes
14348,22,male,b.sc,4th year,high school,yes,no
14349,23,other,bba,4th year,graduate,no,yes
14350,19,female,b.tech,4th year,post graduate,yes,yes
14351,18,other,bba,3rd year,no formal,yes,yes
14352,17,female,ba,2nd year,graduate,yes,no
14353,19,female,bca,2nd year,high school,no,no
14354,17,female,b.tech,1st year,post graduate,yes,yes
14355,24,female,b.sc,3rd year,no formal,yes,yes
14356,24,other,b.sc,3rd year,high school,yes,yes
14357,24,other,diploma,4th year,post graduate,no,no
14358,24,other,diploma,1st year,graduate,yes,yes
14359,21,other,b.sc,4th year,no formal,no,no
14360,19,male,ba,2nd year,phd,yes,yes
14361,20,other,diploma,1st year,no formal,yes,yes
14362,19,other,b.tech,2nd year,graduate,yes,no
14363,23,female,b.tech,4th year,no formal,yes,yes
14364,20,male,bca,2nd year,graduate,yes,yes
14365,20,male,bca,1st year,high school,yes,yes
14366,22,other,diploma,2nd year,post graduate,yes,yes
14367,19,other,bba,3rd year,post graduate,yes,yes
14368,19,male,pharmacy,2nd year,phd,yes,yes
14369,18,female,b.sc,1st year,no formal,no,yes
14370,17,female,b.sc,1st year,post graduate,yes,yes
14371,17,male,bca,1st year,high school,yes,no
14372,20,female,nursing,3rd year,post graduate,yes,yes
14373,24,other,b.tech,2nd year,phd,no,no
14374,19,male,diploma,2nd year,phd,yes,yes
14375,22,other,pharmacy,2nd year,phd,yes,yes
14376,19,other,bca,3rd year,phd,yes,no
14377,19,female,nursing,4th year,post graduate,yes,yes
14378,18,male,b.com,3rd year,phd,yes,no
14379,21,male,nursing,3rd year,post graduate,yes,yes
14380,22,male,bba,3rd year,no formal,yes,no
14381,19,female,b.com,1st year,phd,yes,no
14382,21,female,b.sc,4th year,post graduate,yes,yes
14383,20,male,nursing,3rd year,phd,yes,yes
14384,19,female,diploma,4th year,high school,yes,no
14385,22,other,nursing,2nd year,graduate,yes,yes
14386,21,male,diploma,1st year,graduate,no,yes
14387,17,other,b.com,3rd year,no formal,yes,yes
14388,20,male,b.sc,2nd year,post graduate,yes,yes
14389,20,female,bca,1st year,high school,yes,yes
14390,23,male,b.com,4th year,no formal,yes,yes
14391,19,male,bca,3rd year,high school,yes,no
14392,24,other,pharmacy,4th year,post graduate,no,yes
14393,21,female,diploma,1st year,post graduate,yes,no
14394,18,female,bba,1st year,high school,yes,yes
14395,20,female,pharmacy,2nd year,high school,yes,no
14396,24,male,bba,4th year,phd,yes,yes
14397,19,other,bba,3rd year,graduate,yes,no
14398,22,female,pharmacy,4th year,high school,yes,no
14399,23,male,ba,4th year,phd,yes,yes
14400,22,other,b.sc,4th year,no formal,no,yes
14401,17,male,b.sc,2nd year,post graduate,yes,yes
14402,19,other,bca,1st year,graduate,yes,yes
14403,19,male,bba,4th year,high school,no,no
14404,19,male,diploma,3rd year,post graduate,yes,no
14405,24,male,b.sc,2nd year,high school,yes,yes
14406,17,female,b.com,2nd year,post graduate,yes,no
14407,21,female,b.sc,4th year,high school,yes,yes
14408,24,male,b.com,2nd year,post graduate,yes,yes
14409,24,male,pharmacy,4th year,graduate,yes,yes
14410,21,male,pharmacy,1st year,phd,yes,yes
14411,24,female,bba,2nd year,graduate,yes,no
14412,20,other,b.tech,1st year,no formal,yes,yes
14413,21,male,pharmacy,4th year,post graduate,no,no
14414,21,other,b.sc,4th year,no formal,yes,yes
14415,17,female,b.tech,1st year,post graduate,no,no
14416,17,male,ba,3rd year,high school,yes,no
14417,24,male,pharmacy,4th year,phd,yes,yes
14418,18,other,nursing,3rd year,high school,yes,no
14419,19,other,ba,3rd year,graduate,yes,no
14420,21,other,bba,2nd year,graduate,no,no
14421,21,female,b.tech,1st year,no formal,no,no
14422,21,other,b.com,4th year,high school,yes,yes
14423,24,other,diploma,4th year,phd,yes,yes
14424,23,other,ba,4th year,high school,yes,yes
14425,24,female,pharmacy,1st year,post graduate,yes,no
14426,22,female,bba,3rd year,graduate,yes,yes
14427,24,other,nursing,2nd year,high school,yes,yes
14428,21,other,diploma,2nd year,post graduate,yes,yes
14429,21,female,bba,2nd year,no formal,yes,yes
14430,23,male,nursing,1st year,phd,no,yes
14431,23,female,nursing,3rd year,post graduate,no,no
14432,17,female,b.com,3rd year,post graduate,yes,yes
14433,24,other,b.com,4th year,no formal,yes,yes
14434,22,male,diploma,4th year,high school,yes,yes
14435,24,male,b.tech,3rd year,high school,yes,yes
14436,22,other,diploma,4th year,high school,yes,yes
14437,24,other,ba,2nd year,no formal,yes,yes
14438,19,male,diploma,1st year,no formal,yes,yes
14439,18,male,b.sc,4th year,graduate,yes,no
14440,18,female,bca,2nd year,graduate,yes,yes
14441,19,other,bba,2nd year,high school,yes,yes
14442,18,other,b.tech,2nd year,graduate,yes,yes
14443,20,female,bba,4th year,phd,yes,yes
14444,18,male,bca,2nd year,phd,no,yes
14445,18,female,ba,3rd year,phd,yes,yes
14446,21,male,bca,3rd year,high school,no,no
14447,23,female,b.com,3rd year,no formal,yes,no
14448,18,male,bca,3rd year,high school,yes,yes
14449,21,male,b.com,1st year,high school,yes,no
14450,22,other,b.com,4th year,no formal,no,yes
14451,22,other,b.tech,2nd year,high school,yes,yes
14452,17,male,b.tech,1st year,graduate,yes,no
14453,22,female,b.sc,1st year,high school,no,yes
14454,17,female,b.sc,2nd year,phd,yes,yes
14455,18,male,diploma,3rd year,phd,no,yes
14456,19,female,b.sc,3rd year,high school,yes,no
14457,23,female,ba,4th year,graduate,no,yes
14458,18,other,b.sc,4th year,graduate,yes,yes
14459,23,female,ba,2nd year,high school,yes,yes
14460,24,other,b.com,4th year,no formal,yes,no
14461,24,female,b.com,3rd year,high school,yes,no
14462,19,male,b.tech,4th year,graduate,yes,no
14463,17,female,bba,1st year,high school,yes,yes
14464,18,other,b.com,3rd year,high school,yes,yes
14465,23,male,bca,3rd year,graduate,yes,yes
14466,18,other,pharmacy,1st year,no formal,yes,yes
14467,22,female,bba,3rd year,post graduate,no,no
14468,19,other,bba,3rd year,post graduate,no,no
14469,23,other,nursing,1st year,phd,yes,yes
14470,21,female,ba,4th year,no formal,no,no
14471,21,female,b.sc,4th year,post graduate,yes,no
14472,23,male,diploma,2nd year,no formal,yes,no
14473,24,other,bca,1st year,post graduate,yes,no
14474,19,other,bba,1st year,high school,yes,yes
14475,21,male,ba,1st year,phd,yes,yes
14476,22,female,b.tech,1st year,no formal,yes,no
14477,23,female,bca,2nd year,phd,no,yes
14478,20,male,bba,3rd year,post graduate,yes,yes
14479,19,male,bba,3rd year,no formal,yes,no
14480,23,male,b.com,3rd year,high school,no,yes
14481,24,male,b.sc,3rd year,graduate,no,yes
14482,21,male,bca,1st year,post graduate,yes,yes
14483,17,male,bca,4th year,post graduate,yes,no
14484,19,female,b.sc,1st year,graduate,yes,no
14485,20,female,b.sc,2nd year,post graduate,yes,no
14486,22,male,bba,3rd year,high school,no,no
14487,22,male,b.tech,1st year,high school,yes,no
14488,23,female,b.sc,2nd year,no formal,no,no
14489,17,other,bca,4th year,post graduate,yes,yes
14490,20,other,b.com,1st year,post graduate,yes,no
14491,22,other,bba,3rd year,phd,yes,no
14492,24,male,diploma,3rd year,graduate,yes,yes
14493,18,other,b.sc,1st year,post graduate,yes,no
14494,24,male,b.com,1st year,post graduate,no,yes
14495,17,male,b.com,1st year,phd,yes,no
14496,18,male,ba,1st year,graduate,no,yes
14497,23,male,bca,3rd year,post graduate,yes,no
14498,23,female,b.tech,2nd year,phd,yes,no
14499,24,male,bba,3rd year,graduate,yes,no
14500,21,other,diploma,2nd year,graduate,yes,yes
14501,21,other,nursing,2nd year,post graduate,yes,yes
14502,21,female,bba,1st year,phd,yes,yes
14503,21,male,bca,4th year,graduate,yes,no
14504,21,other,nursing,1st year,graduate,yes,yes
14505,19,male,diploma,4th year,high school,yes,yes
14506,23,other,bba,1st year,phd,no,yes
14507,19,other,bca,4th year,no formal,yes,no
14508,21,male,pharmacy,3rd year,phd,yes,no
14509,22,male,diploma,4th year,high school,yes,no
14510,21,other,b.com,4th year,high school,yes,yes
14511,21,other,bba,2nd year,high school,yes,no
14512,17,female,diploma,1st year,post graduate,yes,no
14513,19,male,bba,3rd year,high school,yes,no
14514,20,female,ba,3rd year,no formal,yes,yes
14515,20,female,bca,4th year,graduate,yes,yes
14516,24,male,ba,1st year,phd,yes,no
14517,24,other,diploma,4th year,phd,no,yes
14518,22,female,diploma,4th year,high school,yes,yes
14519,19,male,pharmacy,3rd year,post graduate,no,yes
14520,17,other,pharmacy,2nd year,graduate,yes,no
14521,23,female,diploma,1st year,high school,yes,yes
14522,24,female,diploma,1st year,no formal,no,yes
14523,20,female,diploma,4th year,no formal,no,yes
14524,23,male,b.com,2nd year,phd,yes,yes
14525,24,male,pharmacy,2nd year,phd,yes,yes
14526,21,male,bba,1st year,phd,yes,yes
14527,18,male,nursing,2nd year,phd,yes,yes
14528,17,female,b.sc,1st year,graduate,no,yes
14529,23,female,b.com,4th year,no formal,no,no
14530,21,other,bca,2nd year,no formal,yes,no
14531,18,other,bca,2nd year,post graduate,yes,yes
14532,17,female,ba,3rd year,post graduate,yes,yes
14533,24,male,b.sc,3rd year,phd,no,yes
14534,19,male,b.com,1st year,high school,no,yes
14535,19,male,diploma,1st year,high school,no,yes
14536,22,male,b.tech,2nd year,phd,yes,yes
14537,19,male,b.sc,3rd year,phd,yes,yes
14538,24,other,pharmacy,4th year,high school,yes,yes
14539,22,female,pharmacy,4th year,phd,yes,yes
14540,19,other,b.tech,2nd year,graduate,yes,no
14541,19,male,b.sc,4th year,phd,yes,no
14542,23,male,b.com,1st year,no formal,yes,yes
14543,21,male,bca,1st year,graduate,no,yes
14544,24,female,b.sc,3rd year,phd,yes,no
14545,19,female,pharmacy,1st year,phd,yes,no
14546,17,female,bba,1st year,graduate,yes,yes
14547,24,other,bba,4th year,no formal,no,no
14548,18,female,b.sc,4th year,phd,no,no
14549,23,other,b.com,3rd year,no formal,no,yes
14550,22,male,diploma,1st year,high school,no,no
14551,18,female,bca,1st year,phd,yes,yes
14552,23,female,b.com,1st year,graduate,yes,yes
14553,17,female,ba,2nd year,high school,yes,no
14554,20,other,b.sc,4th year,no formal,yes,yes
14555,19,female,ba,3rd year,no formal,yes,yes
14556,22,female,b.sc,4th year,post graduate,no,no
14557,21,other,pharmacy,4th year,post graduate,yes,no
14558,21,female,b.com,3rd year,no formal,yes,no
14559,20,female,bba,1st year,phd,no,yes
14560,22,male,bca,1st year,graduate,yes,no
14561,18,male,b.tech,2nd year,post graduate,yes,no
14562,22,male,b.sc,3rd year,post graduate,yes,yes
14563,17,female,pharmacy,4th year,no formal,yes,no
14564,17,other,diploma,4th year,no formal,yes,yes
14565,22,male,b.com,4th year,post graduate,yes,yes
14566,18,other,ba,2nd year,post graduate,yes,yes
14567,23,other,nursing,4th year,phd,yes,no
14568,18,male,b.sc,4th year,phd,yes,no
14569,18,male,b.com,1st year,graduate,yes,yes
14570,24,other,b.com,3rd year,graduate,yes,no
14571,18,female,bca,2nd year,graduate,yes,no
14572,24,male,bba,4th year,post graduate,yes,no
14573,19,other,bba,4th year,phd,no,no
14574,23,female,ba,1st year,no formal,yes,no
14575,24,female,b.com,3rd year,graduate,yes,yes
14576,17,other,bba,4th year,graduate,yes,no
14577,19,male,nursing,3rd year,high school,yes,no
14578,21,female,nursing,4th year,phd,yes,no
14579,23,male,nursing,3rd year,graduate,yes,yes
14580,18,female,b.tech,4th year,no formal,yes,yes
14581,18,other,bba,4th year,post graduate,no,yes
14582,19,female,ba,4th year,phd,yes,yes
14583,18,other,pharmacy,1st year,no formal,no,yes
14584,19,male,ba,4th year,graduate,yes,no
14585,18,female,b.com,2nd year,high school,yes,yes
14586,23,other,b.com,3rd year,no formal,yes,yes
14587,23,male,b.sc,3rd year,graduate,no,yes
14588,18,male,ba,3rd year,high school,yes,yes
14589,21,other,b.com,1st year,phd,yes,yes
14590,22,male,bca,4th year,graduate,yes,no
14591,22,male,b.com,3rd year,post graduate,yes,no
14592,24,other,bca,3rd year,phd,no,no
14593,22,male,bca,3rd year,graduate,yes,yes
14594,22,female,diploma,3rd year,post graduate,yes,no
14595,17,male,nursing,2nd year,graduate,no,yes
14596,17,female,b.tech,3rd year,graduate,yes,yes
14597,21,male,b.tech,2nd year,high school,yes,yes
14598,24,male,bba,4th year,phd,yes,yes
14599,20,other,bba,1st year,high school,yes,yes
14600,22,male,diploma,1st year,high school,no,no
14601,18,male,b.com,3rd year,high school,yes,no
14602,20,male,bba,3rd year,high school,yes,yes
14603,23,other,bca,3rd year,high school,yes,yes
14604,22,female,bca,3rd year,post graduate,yes,no
14605,17,male,bba,1st year,post graduate,no,no
14606,24,female,bca,4th year,graduate,yes,yes
14607,24,female,b.sc,4th year,high school,no,no
14608,20,female,bba,1st year,high school,yes,no
14609,19,male,bba,1st year,post graduate,yes,yes
14610,21,other,b.tech,3rd year,post graduate,yes,yes
14611,23,other,pharmacy,2nd year,graduate,no,yes
14612,20,other,bca,1st year,high school,yes,no
14613,17,other,diploma,1st year,graduate,yes,yes
14614,17,male,bba,3rd year,graduate,yes,no
14615,23,female,pharmacy,2nd year,no formal,yes,yes
14616,23,other,b.tech,4th year,phd,yes,yes
14617,23,female,pharmacy,2nd year,post graduate,yes,yes
14618,18,other,b.sc,3rd year,high school,yes,yes
14619,18,female,nursing,2nd year,phd,yes,yes
14620,20,other,b.tech,3rd year,post graduate,yes,no
14621,18,male,b.com,3rd year,graduate,yes,no
14622,20,other,bca,2nd year,phd,yes,yes
14623,21,other,bca,4th year,high school,yes,yes
14624,19,male,b.tech,3rd year,high school,yes,no
14625,17,other,ba,1st year,phd,yes,no
14626,20,male,nursing,4th year,no formal,yes,yes
14627,22,other,b.sc,2nd year,phd,yes,yes
14628,21,other,pharmacy,3rd year,phd,yes,no
14629,19,male,diploma,2nd year,high school,yes,yes
14630,19,female,pharmacy,1st year,graduate,no,no
14631,21,female,pharmacy,3rd year,phd,yes,yes
14632,18,other,b.com,3rd year,high school,yes,no
14633,23,male,pharmacy,3rd year,high school,yes,yes
14634,23,other,bba,3rd year,no formal,yes,no
14635,17,male,b.com,3rd year,high school,yes,yes
14636,24,male,pharmacy,3rd year,no formal,yes,no
14637,17,other,bba,1st year,high school,no,yes
14638,20,female,diploma,3rd year,graduate,no,no
14639,22,other,bca,4th year,post graduate,yes,yes
14640,19,other,b.com,4th year,phd,yes,yes
14641,18,other,pharmacy,1st year,high school,yes,yes
14642,17,male,nursing,4th year,graduate,yes,no
14643,22,male,bba,1st year,no formal,no,no
14644,17,other,bca,1st year,high school,no,yes
14645,20,other,b.tech,1st year,high school,yes,no
14646,20,other,diploma,3rd year,phd,yes,no
14647,24,other,pharmacy,1st year,phd,yes,yes
14648,24,male,pharmacy,3rd year,high school,yes,no
14649,23,other,bca,2nd year,no formal,yes,yes
14650,22,male,pharmacy,4th year,no formal,yes,yes
14651,21,other,nursing,1st year,graduate,yes,yes
14652,19,female,bba,2nd year,phd,no,no
14653,18,male,nursing,3rd year,graduate,yes,yes
14654,24,other,b.sc,1st year,high school,no,no
14655,20,other,diploma,2nd year,phd,yes,yes
14656,20,female,bca,3rd year,graduate,yes,no
14657,18,other,bba,3rd year,high school,yes,yes
14658,19,male,bca,2nd year,phd,yes,yes
14659,22,male,nursing,1st year,phd,yes,yes
14660,20,male,bca,2nd year,high school,yes,yes
14661,21,male,ba,1st year,phd,yes,yes
14662,18,female,ba,4th year,graduate,yes,yes
14663,17,female,bca,3rd year,high school,yes,yes
14664,24,male,bca,2nd year,phd,yes,yes
14665,20,female,b.com,2nd year,no formal,yes,yes
14666,19,male,bba,1st year,high school,yes,yes
14667,19,female,b.com,2nd year,high school,yes,yes
14668,22,other,pharmacy,1st year,phd,no,no
14669,21,female,bba,3rd year,phd,no,yes
14670,20,male,nursing,1st year,no formal,no,yes
14671,24,male,ba,1st year,no formal,yes,yes
14672,24,other,ba,1st year,phd,yes,yes
14673,18,male,b.com,1st year,graduate,yes,yes
14674,22,other,bca,2nd year,high school,yes,yes
14675,24,male,bca,1st year,no formal,yes,yes
14676,20,female,bca,1st year,graduate,yes,no
14677,17,female,nursing,1st year,no formal,yes,yes
14678,18,female,bba,3rd year,graduate,yes,yes
14679,22,other,nursing,1st year,no formal,yes,yes
14680,24,male,b.tech,2nd year,high school,yes,no
14681,18,female,ba,2nd year,no formal,yes,no
14682,21,female,diploma,3rd year,no formal,yes,yes
14683,20,male,ba,1st year,post graduate,yes,yes
14684,19,female,diploma,4th year,post graduate,yes,no
14685,22,other,bca,1st year,graduate,no,no
14686,24,male,bba,4th year,phd,no,no
14687,18,male,bca,2nd year,phd,no,yes
14688,17,female,pharmacy,2nd year,no formal,yes,no
14689,19,male,diploma,1st year,high school,yes,no
14690,19,male,pharmacy,2nd year,post graduate,no,no
14691,22,other,b.tech,4th year,graduate,yes,yes
14692,21,male,nursing,3rd year,high school,yes,yes
14693,17,male,pharmacy,3rd year,graduate,yes,yes
14694,19,female,pharmacy,2nd year,graduate,no,yes
14695,22,female,bba,4th year,graduate,yes,yes
14696,20,female,bba,4th year,graduate,no,no
14697,21,female,bca,2nd year,no formal,yes,no
14698,19,male,pharmacy,3rd year,post graduate,yes,yes
14699,19,other,nursing,2nd year,no formal,yes,no
14700,18,male,pharmacy,1st year,graduate,yes,no
14701,17,female,pharmacy,3rd year,graduate,no,yes
14702,17,male,bca,2nd year,no formal,yes,no
14703,21,female,b.com,1st year,high school,yes,no
14704,18,female,b.sc,4th year,high school,yes,yes
14705,21,female,pharmacy,3rd year,high school,yes,yes
14706,24,female,b.sc,3rd year,high school,no,yes
14707,22,male,b.tech,4th year,high school,no,no
14708,21,male,bba,3rd year,graduate,yes,no
14709,17,other,diploma,4th year,no formal,yes,no
14710,20,female,diploma,3rd year,no formal,yes,no
14711,24,female,b.com,1st year,graduate,yes,no
14712,20,other,bba,2nd year,high school,no,yes
14713,23,other,pharmacy,3rd year,graduate,yes,yes
14714,22,female,nursing,2nd year,no formal,yes,yes
14715,19,other,pharmacy,2nd year,high school,no,yes
14716,18,female,diploma,3rd year,high school,yes,yes
14717,17,male,b.tech,2nd year,no formal,yes,yes
14718,19,female,b.sc,1st year,graduate,yes,no
14719,19,other,b.sc,3rd year,no formal,no,no
14720,22,other,b.sc,3rd year,phd,yes,no
14721,21,female,nursing,4th year,no formal,yes,no
14722,20,other,diploma,1st year,no formal,yes,no
14723,22,male,pharmacy,2nd year,graduate,yes,yes
14724,23,male,b.com,4th year,no formal,yes,yes
14725,22,female,pharmacy,2nd year,post graduate,yes,yes
14726,24,male,pharmacy,3rd year,high school,yes,yes
14727,19,other,b.tech,2nd year,no formal,no,yes
14728,23,male,nursing,1st year,post graduate,yes,yes
14729,20,female,b.tech,3rd year,no formal,yes,no
14730,18,other,bba,4th year,post graduate,no,no
14731,18,male,b.sc,4th year,post graduate,yes,no
14732,17,male,bca,3rd year,high school,yes,no
14733,24,female,b.tech,2nd year,post graduate,yes,no
14734,18,other,nursing,3rd year,no formal,yes,no
14735,23,male,bba,1st year,phd,yes,no
14736,23,male,nursing,2nd year,phd,no,no
14737,20,other,ba,1st year,no formal,yes,yes
14738,24,female,bca,3rd year,graduate,no,yes
14739,24,other,diploma,3rd year,graduate,yes,yes
14740,24,male,pharmacy,3rd year,post graduate,yes,yes
14741,20,male,ba,1st year,high school,yes,yes
14742,19,female,bba,2nd year,high school,yes,no
14743,17,male,b.com,1st year,high school,no,no
14744,23,female,b.tech,3rd year,phd,no,yes
14745,23,other,nursing,3rd year,graduate,yes,yes
14746,21,other,bca,1st year,post graduate,yes,yes
14747,17,other,ba,3rd year,no formal,no,yes
14748,23,female,diploma,4th year,no formal,yes,yes
14749,19,other,nursing,1st year,phd,yes,yes
14750,21,female,pharmacy,4th year,no formal,yes,no
14751,22,female,ba,2nd year,post graduate,yes,yes
14752,18,other,b.tech,2nd year,no formal,yes,yes
14753,17,other,bba,3rd year,graduate,yes,yes
14754,17,other,ba,2nd year,phd,no,no
14755,24,male,b.sc,2nd year,graduate,yes,no
14756,24,other,bca,1st year,high school,yes,yes
14757,20,other,ba,1st year,no formal,yes,no
14758,20,other,nursing,4th year,high school,no,yes
14759,20,male,b.tech,1st year,phd,yes,no
14760,19,female,diploma,1st year,graduate,yes,yes
14761,21,other,bca,4th year,graduate,yes,no
14762,19,other,b.com,4th year,post graduate,yes,yes
14763,21,male,ba,1st year,graduate,yes,yes
14764,20,female,nursing,4th year,graduate,yes,yes
14765,22,other,ba,3rd year,no formal,yes,no
14766,24,other,bca,2nd year,graduate,yes,no
14767,18,male,bba,1st year,high school,yes,yes
14768,17,other,pharmacy,4th year,high school,yes,yes
14769,21,other,bca,3rd year,high school,yes,yes
14770,17,male,nursing,2nd year,no formal,yes,no
14771,18,male,pharmacy,2nd year,graduate,yes,yes
14772,23,male,b.sc,2nd year,no formal,yes,no
14773,20,male,nursing,2nd year,graduate,yes,yes
14774,21,other,pharmacy,4th year,phd,yes,yes
14775,23,female,b.tech,1st year,phd,yes,no
14776,18,other,bba,2nd year,phd,no,yes
14777,20,male,b.com,3rd year,no formal,yes,no
14778,17,female,pharmacy,1st year,phd,no,no
14779,20,other,ba,3rd year,phd,no,yes
14780,18,other,b.sc,3rd year,high school,yes,yes
14781,24,male,b.tech,3rd year,high school,yes,no
14782,19,female,nursing,3rd year,no formal,yes,no
14783,18,female,b.tech,2nd year,phd,yes,yes
14784,17,female,b.com,3rd year,graduate,yes,yes
14785,18,female,bba,4th year,high school,yes,yes
14786,18,female,b.tech,2nd year,no formal,yes,yes
14787,18,other,b.sc,2nd year,graduate,yes,yes
14788,22,male,pharmacy,3rd year,phd,yes,yes
14789,24,male,bba,1st year,high school,no,no
14790,23,female,b.com,2nd year,post graduate,yes,no
14791,24,female,nursing,1st year,high school,yes,yes
14792,24,other,b.tech,2nd year,phd,no,yes
14793,20,other,b.com,1st year,post graduate,no,no
14794,20,male,nursing,1st year,phd,no,no
14795,22,female,diploma,2nd year,post graduate,no,no
14796,19,other,ba,3rd year,graduate,yes,yes
14797,21,other,pharmacy,2nd year,no formal,yes,no
14798,24,other,bca,4th year,high school,no,no
14799,18,female,diploma,4th year,high school,yes,no
14800,23,male,pharmacy,1st year,phd,yes,no
14801,24,male,bba,3rd year,graduate,yes,no
14802,21,other,bba,1st year,graduate,yes,yes
14803,19,female,bca,1st year,phd,yes,yes
14804,19,other,b.tech,4th year,phd,yes,no
14805,18,male,ba,3rd year,post graduate,yes,yes
14806,19,female,diploma,2nd year,high school,yes,yes
14807,22,other,ba,1st year,no formal,yes,yes
14808,21,male,diploma,2nd year,graduate,yes,no
14809,18,male,ba,4th year,phd,no,yes
14810,21,male,b.sc,3rd year,graduate,yes,no
14811,23,male,b.sc,1st year,phd,yes,no
14812,17,female,bba,2nd year,no formal,no,yes
14813,17,male,b.sc,1st year,no formal,yes,no
14814,24,male,ba,1st year,graduate,no,no
14815,22,female,bba,1st year,high school,no,yes
14816,21,male,b.tech,4th year,no formal,yes,no
14817,24,female,ba,1st year,phd,yes,yes
14818,21,other,b.com,1st year,high school,yes,yes
14819,21,other,b.com,4th year,high school,no,no
14820,18,other,pharmacy,4th year,graduate,no,yes
14821,23,other,pharmacy,3rd year,phd,yes,no
14822,23,other,b.com,4th year,no formal,no,no
14823,19,male,nursing,1st year,high school,yes,yes
14824,22,other,b.com,1st year,post graduate,yes,yes
14825,22,female,ba,2nd year,post graduate,yes,yes
14826,17,male,pharmacy,4th year,no formal,yes,no
14827,18,female,b.tech,1st year,no formal,yes,yes
14828,21,male,ba,3rd year,post graduate,yes,yes
14829,21,female,nursing,1st year,high school,yes,yes
14830,22,female,pharmacy,4th year,no formal,yes,yes
14831,19,male,pharmacy,1st year,phd,no,no
14832,23,female,nursing,3rd year,post graduate,no,yes
14833,20,male,pharmacy,3rd year,graduate,yes,yes
14834,18,male,bba,2nd year,graduate,yes,no
14835,17,male,b.com,4th year,phd,no,yes
14836,24,other,ba,3rd year,post graduate,yes,yes
14837,22,female,b.sc,2nd year,graduate,yes,yes
14838,20,male,b.sc,3rd year,graduate,yes,no
14839,18,other,pharmacy,2nd year,graduate,no,no
14840,17,female,b.sc,3rd year,high school,yes,yes
14841,18,male,bca,3rd year,graduate,yes,no
14842,17,female,b.com,2nd year,post graduate,no,yes
14843,21,male,bca,3rd year,post graduate,yes,no
14844,18,female,bba,4th year,high school,no,yes
14845,18,other,b.tech,3rd year,phd,yes,yes
14846,19,male,ba,2nd year,high school,no,no
14847,22,other,diploma,2nd year,post graduate,no,yes
14848,20,male,nursing,4th year,graduate,yes,yes
14849,18,female,b.com,4th year,phd,no,yes
14850,22,other,b.com,2nd year,post graduate,yes,yes
14851,20,male,diploma,3rd year,post graduate,yes,yes
14852,18,other,ba,1st year,post graduate,yes,no
14853,22,male,b.tech,3rd year,no formal,yes,yes
14854,24,female,b.sc,1st year,phd,yes,yes
14855,21,male,ba,2nd year,post graduate,no,no
14856,18,male,b.com,4th year,no formal,yes,yes
14857,19,female,b.sc,1st year,high school,yes,yes
14858,21,female,nursing,4th year,no formal,yes,yes
14859,24,other,bba,2nd year,no formal,yes,yes
14860,24,male,diploma,2nd year,graduate,yes,no
14861,24,female,b.tech,2nd year,post graduate,no,yes
14862,23,male,ba,4th year,post graduate,no,yes
14863,21,other,bba,3rd year,phd,yes,yes
14864,22,male,bca,1st year,no formal,yes,no
14865,22,other,pharmacy,1st year,post graduate,yes,yes
14866,22,male,bba,1st year,high school,yes,yes
14867,22,female,bba,1st year,no formal,yes,yes
14868,18,male,pharmacy,1st year,phd,yes,yes
14869,24,other,ba,4th year,no formal,no,yes
14870,17,male,ba,2nd year,high school,yes,yes
14871,20,other,b.sc,4th year,graduate,no,yes
14872,20,other,diploma,3rd year,high school,yes,yes
14873,24,female,b.tech,1st year,no formal,no,yes
14874,17,female,b.sc,1st year,high school,yes,no
14875,20,female,ba,4th year,post graduate,yes,no
14876,19,female,ba,1st year,no formal,yes,no
14877,17,female,b.tech,1st year,no formal,yes,no
14878,18,male,bba,2nd year,high school,yes,yes
14879,20,male,pharmacy,2nd year,phd,yes,no
14880,24,other,b.tech,1st year,no formal,yes,yes
14881,20,other,bba,3rd year,post graduate,no,yes
14882,24,male,bca,3rd year,high school,no,yes
14883,22,other,b.com,2nd year,graduate,no,yes
14884,23,male,bca,3rd year,high school,no,yes
14885,23,female,ba,3rd year,phd,yes,no
14886,22,female,b.sc,1st year,graduate,no,yes
14887,22,other,nursing,2nd year,no formal,yes,yes
14888,18,other,pharmacy,1st year,high school,yes,yes
14889,22,other,ba,4th year,high school,yes,yes
14890,17,other,b.tech,3rd year,phd,yes,no
14891,22,female,b.sc,4th year,no formal,yes,yes
14892,22,female,pharmacy,4th year,high school,yes,yes
14893,23,female,nursing,1st year,no formal,no,no
14894,22,female,bba,2nd year,no formal,yes,yes
14895,19,female,nursing,4th year,phd,yes,yes
14896,19,male,b.com,3rd year,post graduate,yes,no
14897,21,male,ba,3rd year,phd,no,yes
14898,20,female,b.sc,4th year,phd,yes,no
14899,19,male,bba,3rd year,phd,yes,no
14900,20,female,diploma,4th year,graduate,yes,no
14901,21,other,pharmacy,4th year,graduate,yes,yes
14902,18,male,diploma,2nd year,high school,yes,no
14903,22,male,bca,4th year,no formal,yes,yes
14904,19,male,diploma,4th year,phd,yes,yes
14905,19,other,bca,1st year,high school,yes,yes
14906,20,other,ba,3rd year,post graduate,yes,yes
14907,17,other,bba,1st year,phd,yes,no
14908,21,male,b.sc,3rd year,high school,yes,yes
14909,22,female,b.tech,4th year,no formal,yes,yes
14910,24,male,nursing,3rd year,high school,no,no
14911,19,male,bba,4th year,phd,no,yes
14912,21,other,nursing,2nd year,no formal,yes,yes
14913,21,other,b.sc,1st year,high school,yes,yes
14914,22,other,ba,4th year,no formal,yes,no
14915,21,female,b.com,1st year,post graduate,yes,yes
14916,23,female,nursing,1st year,no formal,yes,yes
14917,23,other,ba,3rd year,high school,yes,yes
14918,17,female,bca,2nd year,high school,yes,yes
14919,19,female,b.tech,2nd year,no formal,yes,no
14920,22,male,bba,1st year,phd,yes,yes
14921,21,other,ba,1st year,high school,yes,yes
14922,20,other,bca,3rd year,phd,yes,no
14923,18,female,bca,3rd year,graduate,no,yes
14924,21,male,b.tech,2nd year,no formal,yes,yes
14925,22,other,b.tech,2nd year,no formal,yes,no
14926,17,other,b.sc,2nd year,no formal,yes,yes
14927,21,female,b.sc,4th year,high school,yes,yes
14928,24,male,diploma,4th year,graduate,yes,yes
14929,21,other,b.com,2nd year,no formal,yes,yes
14930,24,female,pharmacy,1st year,high school,yes,yes
14931,19,other,b.tech,3rd year,no formal,yes,no
14932,17,female,bba,1st year,phd,no,no
14933,22,female,diploma,3rd year,high school,yes,yes
14934,18,male,b.tech,3rd year,phd,yes,no
14935,17,female,bba,4th year,high school,no,yes
14936,18,female,b.tech,2nd year,graduate,yes,yes
14937,24,male,nursing,3rd year,graduate,no,no
14938,23,other,bba,1st year,no formal,yes,yes
14939,19,female,nursing,4th year,post graduate,yes,no
14940,21,male,bca,2nd year,phd,yes,yes
14941,19,other,b.com,4th year,phd,no,no
14942,18,other,b.sc,1st year,graduate,no,yes
14943,24,female,b.sc,2nd year,post graduate,yes,yes
14944,23,male,b.tech,2nd year,graduate,no,yes
14945,19,male,b.com,4th year,no formal,yes,yes
14946,19,female,diploma,4th year,post graduate,yes,yes
14947,23,female,ba,3rd year,graduate,yes,yes
14948,20,female,b.sc,2nd year,high school,yes,yes
14949,20,other,b.tech,3rd year,no formal,yes,yes
14950,20,female,ba,2nd year,high school,no,no
14951,20,other,b.sc,3rd year,graduate,yes,yes
14952,21,female,diploma,2nd year,post graduate,yes,yes
14953,17,other,ba,3rd year,high school,yes,no
14954,20,other,b.sc,4th year,no formal,yes,no
14955,20,male,b.com,1st year,high school,yes,yes
14956,19,female,ba,4th year,no formal,no,yes
14957,19,other,b.tech,3rd year,graduate,yes,yes
14958,20,female,b.sc,2nd year,graduate,yes,yes
14959,19,female,pharmacy,4th year,post graduate,no,yes
14960,24,female,ba,3rd year,no formal,no,yes
14961,21,female,diploma,3rd year,post graduate,yes,no
14962,21,female,pharmacy,2nd year,post graduate,yes,yes
14963,19,other,b.sc,3rd year,phd,yes,yes
14964,24,male,diploma,1st year,phd,yes,yes
14965,17,other,nursing,2nd year,post graduate,no,no
14966,21,male,b.tech,2nd year,phd,yes,no
14967,18,male,b.com,1st year,high school,no,no
14968,23,female,b.sc,3rd year,no formal,no,yes
14969,20,female,b.tech,4th year,no formal,no,no
14970,19,other,b.com,2nd year,phd,yes,no
14971,17,male,b.sc,2nd year,no formal,yes,yes
14972,23,male,pharmacy,2nd year,no formal,yes,no
14973,20,male,b.com,3rd year,post graduate,yes,no
14974,19,female,diploma,3rd year,high school,no,yes
14975,23,female,b.tech,1st year,graduate,no,yes
14976,17,male,bca,4th year,no formal,yes,no
14977,20,other,diploma,3rd year,graduate,no,yes
14978,18,female,b.sc,4th year,phd,no,yes
14979,18,other,ba,4th year,graduate,yes,yes
14980,17,other,pharmacy,3rd year,high school,yes,no
14981,18,female,bca,3rd year,no formal,no,no
14982,24,other,nursing,3rd year,post graduate,no,yes
14983,20,other,ba,3rd year,post graduate,no,yes
14984,24,other,b.com,3rd year,post graduate,yes,no
14985,19,male,bba,1st year,no formal,yes,no
14986,23,other,ba,2nd year,high school,no,yes
14987,17,male,pharmacy,3rd year,no formal,yes,no
14988,17,male,ba,3rd year,post graduate,no,yes
14989,17,female,bca,2nd year,high school,yes,no
14990,24,female,bca,1st year,high school,yes,no
14991,22,female,ba,1st year,graduate,yes,no
14992,22,male,ba,4th year,no formal,yes,yes
14993,24,male,nursing,1st year,post graduate,yes,no
14994,19,other,b.sc,2nd year,graduate,yes,yes
14995,22,male,ba,1st year,graduate,yes,no
14996,21,other,diploma,1st year,post graduate,yes,yes
14997,21,male,b.tech,4th year,post graduate,yes,yes
14998,22,male,diploma,2nd year,no formal,yes,yes
14999,20,male,nursing,4th year,no formal,yes,yes
15000,17,male,ba,4th year,phd,yes,yes
15001,17,other,bca,3rd year,phd,yes,no
15002,21,female,bba,2nd year,high school,yes,no
15003,21,other,bca,4th year,no formal,yes,yes
15004,22,other,b.tech,3rd year,post graduate,yes,yes
15005,21,male,bca,4th year,phd,yes,no
15006,18,male,bba,2nd year,no formal,no,yes
15007,19,other,b.tech,3rd year,no formal,yes,yes
15008,20,female,nursing,3rd year,high school,yes,no
15009,24,female,b.sc,3rd year,post graduate,yes,yes
15010,21,female,bca,3rd year,graduate,no,yes
15011,22,other,nursing,3rd year,graduate,yes,no
15012,22,female,pharmacy,4th year,graduate,yes,yes
15013,19,male,bca,4th year,phd,yes,yes
15014,24,female,diploma,2nd year,high school,yes,no
15015,22,male,bca,4th year,no formal,no,yes
15016,23,male,diploma,2nd year,graduate,yes,no
15017,22,male,pharmacy,1st year,graduate,yes,no
15018,21,other,bba,1st year,high school,no,yes
15019,17,other,ba,3rd year,phd,yes,yes
15020,21,male,b.sc,2nd year,no formal,yes,no
15021,18,other,pharmacy,4th year,no formal,yes,yes
15022,21,other,pharmacy,4th year,no formal,no,no
15023,22,female,diploma,3rd year,phd,no,no
15024,21,male,bca,1st year,phd,yes,yes
15025,19,female,b.sc,1st year,phd,no,yes
15026,17,female,pharmacy,4th year,no formal,yes,no
15027,22,female,b.tech,2nd year,no formal,yes,yes
15028,22,female,bca,1st year,high school,yes,yes
15029,20,male,b.com,2nd year,graduate,yes,yes
15030,22,female,bba,4th year,high school,yes,no
15031,23,other,b.tech,1st year,post graduate,yes,no
15032,21,male,b.sc,3rd year,post graduate,yes,yes
15033,17,female,ba,2nd year,post graduate,no,yes
15034,23,female,ba,4th year,high school,yes,yes
15035,20,female,nursing,2nd year,no formal,yes,no
15036,22,male,bca,3rd year,high school,no,yes
15037,24,male,b.tech,2nd year,no formal,yes,yes
15038,19,female,pharmacy,3rd year,phd,yes,yes
15039,21,other,bca,1st year,phd,yes,no
15040,17,other,nursing,1st year,phd,no,yes
15041,24,other,pharmacy,3rd year,post graduate,yes,no
15042,17,female,bba,2nd year,no formal,yes,yes
15043,21,male,b.sc,1st year,graduate,yes,yes
15044,19,female,bba,4th year,post graduate,yes,no
15045,17,other,diploma,3rd year,no formal,no,no
15046,20,female,b.tech,1st year,phd,yes,yes
15047,24,female,pharmacy,1st year,phd,yes,yes
15048,18,female,ba,4th year,phd,yes,no
15049,19,other,bca,2nd year,high school,yes,yes
15050,18,other,pharmacy,2nd year,high school,yes,yes
15051,17,other,nursing,3rd year,post graduate,yes,no
15052,18,female,diploma,2nd year,post graduate,yes,yes
15053,21,other,b.com,1st year,high school,yes,yes
15054,23,other,bba,3rd year,high school,no,no
15055,22,other,bba,3rd year,high school,yes,no
15056,23,other,nursing,1st year,post graduate,yes,no
15057,22,male,b.tech,1st year,no formal,yes,no
15058,20,female,b.tech,3rd year,graduate,yes,yes
15059,24,male,b.sc,4th year,high school,no,no
15060,18,female,pharmacy,4th year,post graduate,no,no
15061,22,other,bba,3rd year,post graduate,yes,no
15062,17,other,diploma,1st year,phd,yes,no
15063,23,male,b.tech,2nd year,high school,yes,yes
15064,17,other,b.tech,2nd year,no formal,yes,no
15065,18,male,bca,4th year,high school,no,yes
15066,20,male,diploma,1st year,high school,yes,no
15067,22,female,ba,2nd year,no formal,no,no
15068,17,male,b.tech,3rd year,graduate,yes,no
15069,19,other,bba,2nd year,post graduate,yes,no
15070,19,male,bca,3rd year,high school,no,no
15071,22,male,b.sc,1st year,high school,yes,no
15072,24,other,b.com,4th year,graduate,yes,no
15073,21,male,diploma,2nd year,no formal,yes,no
15074,21,other,b.sc,2nd year,post graduate,yes,no
15075,19,other,b.tech,4th year,high school,yes,yes
15076,23,male,bca,1st year,post graduate,no,yes
15077,17,female,b.tech,2nd year,post graduate,yes,no
15078,18,female,ba,1st year,post graduate,yes,yes
15079,18,male,bca,3rd year,graduate,no,no
15080,19,other,b.tech,2nd year,no formal,yes,no
15081,20,other,bca,3rd year,no formal,yes,yes
15082,24,other,nursing,3rd year,no formal,yes,no
15083,22,male,pharmacy,3rd year,no formal,yes,yes
15084,20,male,b.com,4th year,phd,yes,yes
15085,18,other,b.com,4th year,no formal,yes,yes
15086,22,male,bca,1st year,graduate,yes,yes
15087,19,female,bca,3rd year,graduate,yes,no
15088,24,female,bca,4th year,post graduate,yes,yes
15089,20,male,b.com,1st year,no formal,yes,no
15090,21,female,b.tech,2nd year,no formal,no,no
15091,24,male,b.tech,3rd year,phd,no,yes
15092,19,male,pharmacy,4th year,post graduate,yes,no
15093,20,female,ba,1st year,post graduate,yes,no
15094,21,male,bba,4th year,no formal,yes,yes
15095,19,male,bca,1st year,post graduate,yes,no
15096,17,other,b.sc,4th year,post graduate,no,yes
15097,19,female,ba,3rd year,phd,no,yes
15098,17,female,ba,2nd year,no formal,yes,yes
15099,22,male,b.tech,1st year,graduate,no,yes
15100,17,male,bca,2nd year,no formal,yes,yes
15101,19,female,b.sc,3rd year,high school,yes,yes
15102,24,female,b.tech,1st year,high school,yes,yes
15103,21,female,bca,3rd year,no formal,yes,yes
15104,22,male,b.com,1st year,high school,yes,no
15105,22,other,diploma,1st year,phd,yes,yes
15106,19,female,bba,3rd year,phd,yes,yes
15107,22,other,b.tech,4th year,graduate,yes,yes
15108,18,female,diploma,4th year,graduate,yes,yes
15109,22,female,b.tech,3rd year,phd,yes,yes
15110,22,male,b.com,3rd year,graduate,no,yes
15111,24,other,diploma,3rd year,graduate,yes,yes
15112,24,male,ba,2nd year,no formal,yes,no
15113,17,other,ba,1st year,no formal,yes,yes
15114,19,other,b.sc,1st year,graduate,yes,no
15115,21,female,ba,2nd year,high school,yes,no
15116,19,other,b.com,3rd year,no formal,yes,yes
15117,21,other,pharmacy,2nd year,post graduate,no,yes
15118,23,male,diploma,1st year,post graduate,yes,yes
15119,19,male,pharmacy,4th year,no formal,yes,yes
15120,24,female,ba,1st year,phd,yes,yes
15121,24,other,pharmacy,4th year,high school,no,yes
15122,24,male,b.com,1st year,high school,no,yes
15123,17,other,b.com,2nd year,no formal,no,no
15124,19,other,b.com,4th year,phd,no,no
15125,17,male,bca,4th year,phd,yes,yes
15126,17,other,bca,2nd year,phd,yes,yes
15127,17,female,b.tech,1st year,no formal,yes,no
15128,20,female,bca,4th year,phd,no,yes
15129,17,male,pharmacy,4th year,no formal,no,yes
15130,19,female,ba,2nd year,post graduate,yes,no
15131,24,female,diploma,1st year,post graduate,yes,no
15132,24,female,bca,3rd year,phd,yes,no
15133,24,other,pharmacy,4th year,graduate,no,no
15134,17,male,bca,4th year,high school,yes,no
15135,22,male,bba,3rd year,post graduate,yes,yes
15136,22,female,b.tech,4th year,graduate,yes,yes
15137,18,other,nursing,3rd year,no formal,yes,yes
15138,24,male,ba,1st year,post graduate,no,no
15139,20,other,pharmacy,3rd year,post graduate,yes,yes
15140,24,other,b.com,1st year,high school,yes,no
15141,17,other,ba,3rd year,post graduate,yes,yes
15142,22,female,nursing,1st year,high school,yes,yes
15143,18,male,b.sc,1st year,graduate,yes,yes
15144,24,male,b.com,2nd year,high school,yes,yes
15145,21,female,nursing,3rd year,post graduate,no,yes
15146,17,female,b.com,1st year,no formal,no,yes
15147,18,other,pharmacy,4th year,no formal,yes,no
15148,19,other,bba,3rd year,graduate,yes,yes
15149,17,other,nursing,4th year,post graduate,no,yes
15150,17,female,bba,2nd year,post graduate,no,no
15151,24,male,b.tech,3rd year,no formal,yes,yes
15152,24,female,nursing,4th year,post graduate,yes,no
15153,21,other,ba,1st year,phd,yes,no
15154,24,other,ba,4th year,post graduate,yes,yes
15155,22,other,diploma,3rd year,no formal,yes,yes
15156,17,male,b.com,3rd year,post graduate,no,no
15157,22,female,ba,3rd year,high school,yes,yes
15158,17,female,bca,3rd year,no formal,yes,yes
15159,23,male,bca,4th year,graduate,yes,no
15160,19,female,diploma,1st year,no formal,yes,no
15161,18,male,b.tech,1st year,no formal,yes,no
15162,19,male,pharmacy,1st year,no formal,yes,no
15163,22,male,bca,4th year,high school,no,yes
15164,23,other,bca,2nd year,phd,no,no
15165,21,other,nursing,4th year,high school,no,yes
15166,18,female,bba,4th year,phd,yes,yes
15167,24,male,b.tech,2nd year,no formal,yes,yes
15168,23,female,b.sc,1st year,graduate,yes,yes
15169,20,female,pharmacy,4th year,high school,yes,yes
15170,21,male,pharmacy,2nd year,high school,yes,no
15171,24,female,b.tech,2nd year,graduate,yes,no
15172,20,other,diploma,4th year,phd,yes,yes
15173,17,other,bca,2nd year,post graduate,yes,yes
15174,18,other,b.sc,2nd year,no formal,yes,yes
15175,21,other,nursing,2nd year,phd,yes,yes
15176,24,male,bba,4th year,no formal,no,yes
15177,22,female,b.com,2nd year,graduate,yes,yes
15178,21,female,bca,4th year,post graduate,yes,yes
15179,19,male,pharmacy,3rd year,graduate,yes,yes
15180,20,male,b.sc,1st year,graduate,yes,yes
15181,17,female,bca,1st year,post graduate,yes,no
15182,19,other,diploma,3rd year,phd,no,no
15183,21,male,bca,1st year,high school,no,yes
15184,24,female,bca,1st year,phd,no,yes
15185,24,male,diploma,2nd year,no formal,yes,yes
15186,23,male,b.com,2nd year,phd,yes,no
15187,17,female,b.tech,4th year,high school,no,yes
15188,23,female,pharmacy,4th year,post graduate,yes,no
15189,18,other,b.com,4th year,high school,yes,no
15190,21,other,pharmacy,1st year,phd,yes,yes
15191,24,male,b.com,4th year,graduate,no,no
15192,24,female,b.com,4th year,post graduate,yes,yes
15193,22,other,b.tech,3rd year,high school,yes,yes
15194,19,male,ba,4th year,graduate,yes,no
15195,21,other,pharmacy,4th year,post graduate,yes,yes
15196,22,other,pharmacy,3rd year,graduate,yes,no
15197,21,male,b.com,2nd year,no formal,yes,yes
15198,20,male,ba,2nd year,phd,yes,yes
15199,20,other,diploma,2nd year,high school,yes,no
15200,21,female,pharmacy,2nd year,no formal,yes,yes
15201,17,other,bca,3rd year,post graduate,yes,no
15202,24,female,b.sc,2nd year,graduate,yes,no
15203,17,female,ba,2nd year,graduate,yes,yes
15204,24,male,diploma,1st year,high school,yes,no
15205,17,male,b.tech,3rd year,no formal,yes,yes
15206,21,male,bca,1st year,post graduate,yes,no
15207,20,male,diploma,2nd year,high school,no,no
15208,21,male,ba,1st year,post graduate,yes,yes
15209,20,other,bba,2nd year,phd,yes,yes
15210,24,male,diploma,3rd year,high school,yes,no
15211,17,female,bca,3rd year,graduate,yes,no
15212,24,female,b.tech,1st year,post graduate,yes,yes
15213,22,male,bca,3rd year,graduate,yes,yes
15214,23,other,b.com,2nd year,graduate,yes,yes
15215,18,female,diploma,2nd year,graduate,no,no
15216,17,male,b.com,3rd year,no formal,yes,yes
15217,20,male,pharmacy,1st year,post graduate,yes,yes
15218,19,other,b.sc,1st year,post graduate,no,yes
15219,23,female,pharmacy,1st year,graduate,yes,no
15220,24,female,b.tech,2nd year,no formal,yes,yes
15221,20,female,diploma,1st year,no formal,yes,yes
15222,23,male,ba,1st year,phd,yes,yes
15223,17,male,b.sc,3rd year,no formal,yes,yes
15224,22,female,b.sc,1st year,phd,yes,no
15225,17,female,b.tech,2nd year,no formal,no,yes
15226,22,male,b.sc,1st year,no formal,yes,yes
15227,20,female,ba,4th year,high school,yes,no
15228,20,female,b.sc,1st year,high school,yes,no
15229,19,male,pharmacy,2nd year,high school,no,yes
15230,20,female,nursing,2nd year,no formal,yes,yes
15231,23,male,bba,3rd year,no formal,yes,yes
15232,23,female,b.tech,1st year,post graduate,no,yes
15233,19,male,pharmacy,4th year,phd,no,yes
15234,19,other,diploma,2nd year,no formal,yes,yes
15235,21,female,b.sc,1st year,post graduate,yes,yes
15236,22,male,b.tech,3rd year,graduate,no,no
15237,18,other,bca,3rd year,post graduate,yes,yes
15238,22,other,b.tech,3rd year,high school,yes,no
15239,24,male,bca,4th year,high school,no,no
15240,23,male,ba,2nd year,post graduate,yes,yes
15241,21,male,nursing,4th year,post graduate,yes,yes
15242,19,male,ba,4th year,post graduate,yes,yes
15243,19,other,bba,3rd year,no formal,no,no
15244,22,male,bba,4th year,graduate,no,no
15245,20,female,pharmacy,1st year,phd,yes,yes
15246,17,other,diploma,3rd year,graduate,yes,yes
15247,22,female,diploma,1st year,phd,yes,no
15248,18,other,b.com,2nd year,post graduate,yes,yes
15249,24,male,bba,3rd year,high school,no,no
15250,20,other,b.sc,1st year,graduate,yes,yes
15251,19,male,ba,2nd year,high school,yes,yes
15252,17,other,nursing,2nd year,graduate,yes,yes
15253,18,female,b.tech,1st year,no formal,yes,yes
15254,24,female,b.sc,3rd year,no formal,yes,yes
15255,21,other,bca,4th year,post graduate,yes,no
15256,24,other,nursing,4th year,high school,yes,yes
15257,24,male,pharmacy,4th year,phd,yes,yes
15258,17,other,bca,4th year,high school,yes,yes
15259,20,male,bca,1st year,post graduate,no,yes
15260,23,other,b.com,1st year,graduate,yes,yes
15261,20,other,ba,1st year,high school,yes,yes
15262,21,female,b.com,4th year,post graduate,yes,no
15263,21,other,b.tech,1st year,graduate,yes,no
15264,22,other,ba,4th year,phd,no,no
15265,24,female,b.sc,2nd year,high school,no,yes
15266,24,male,bca,3rd year,high school,yes,no
15267,22,female,diploma,4th year,no formal,yes,yes
15268,21,other,pharmacy,4th year,graduate,yes,yes
15269,19,male,nursing,1st year,graduate,yes,yes
15270,17,other,b.com,2nd year,post graduate,yes,no
15271,22,male,pharmacy,1st year,no formal,yes,yes
15272,17,female,pharmacy,2nd year,high school,no,no
15273,22,female,bba,2nd year,high school,yes,no
15274,20,male,b.sc,4th year,graduate,no,no
15275,23,female,diploma,3rd year,high school,yes,yes
15276,24,male,b.sc,1st year,graduate,yes,yes
15277,21,female,ba,2nd year,phd,yes,yes
15278,21,other,bba,3rd year,high school,no,no
15279,20,male,nursing,3rd year,phd,yes,yes
15280,19,other,pharmacy,4th year,no formal,yes,yes
15281,17,other,nursing,1st year,graduate,yes,yes
15282,17,other,bba,4th year,no formal,yes,yes
15283,22,male,b.tech,4th year,graduate,yes,no
15284,24,other,nursing,1st year,high school,no,no
15285,17,male,nursing,3rd year,no formal,no,yes
15286,19,female,bba,3rd year,phd,yes,yes
15287,21,male,bba,4th year,post graduate,yes,no
15288,22,other,nursing,1st year,no formal,yes,yes
15289,22,other,b.sc,1st year,post graduate,yes,yes
15290,22,male,nursing,4th year,no formal,no,yes
15291,17,female,bba,1st year,graduate,yes,no
15292,19,male,diploma,2nd year,post graduate,yes,yes
15293,20,female,b.sc,2nd year,no formal,yes,yes
15294,17,female,bca,3rd year,phd,yes,no
15295,19,other,b.com,2nd year,no formal,yes,no
15296,20,male,bba,4th year,no formal,yes,yes
15297,24,male,bba,1st year,graduate,no,yes
15298,19,female,pharmacy,3rd year,post graduate,no,yes
15299,24,other,diploma,3rd year,graduate,yes,no
15300,22,other,bca,3rd year,no formal,yes,no
15301,22,male,ba,1st year,no formal,yes,no
15302,23,male,ba,2nd year,no formal,no,yes
15303,23,other,bca,4th year,phd,yes,no
15304,18,other,nursing,3rd year,phd,yes,yes
15305,20,female,bca,1st year,no formal,yes,yes
15306,21,male,bca,3rd year,post graduate,yes,yes
15307,24,male,b.com,4th year,phd,yes,no
15308,17,other,bca,4th year,graduate,yes,no
15309,20,male,bca,1st year,no formal,yes,no
15310,18,male,diploma,1st year,no formal,yes,yes
15311,18,female,b.com,1st year,post graduate,yes,yes
15312,23,other,ba,2nd year,graduate,no,yes
15313,18,other,ba,4th year,no formal,yes,no
15314,23,female,ba,2nd year,no formal,yes,yes
15315,24,female,b.com,4th year,graduate,yes,yes
15316,23,female,b.sc,1st year,high school,yes,yes
15317,18,male,bba,4th year,phd,yes,yes
15318,18,male,nursing,4th year,post graduate,yes,yes
15319,20,male,b.tech,4th year,graduate,yes,yes
15320,21,male,bca,3rd year,graduate,yes,yes
15321,23,other,nursing,3rd year,graduate,yes,yes
15322,20,female,nursing,1st year,post graduate,yes,no
15323,18,female,nursing,4th year,graduate,no,yes
15324,24,male,b.com,3rd year,no formal,no,yes
15325,24,female,b.tech,3rd year,graduate,yes,yes
15326,22,male,pharmacy,2nd year,post graduate,yes,yes
15327,22,other,diploma,1st year,phd,yes,yes
15328,24,other,ba,3rd year,phd,no,no
15329,20,male,nursing,3rd year,post graduate,yes,no
15330,18,male,ba,1st year,phd,yes,no
15331,21,other,diploma,4th year,no formal,yes,yes
15332,20,male,pharmacy,1st year,no formal,yes,yes
15333,23,male,diploma,3rd year,no formal,yes,yes
15334,23,female,bca,1st year,no formal,no,no
15335,20,other,b.sc,4th year,post graduate,yes,no
15336,19,female,pharmacy,2nd year,graduate,yes,yes
15337,20,male,ba,2nd year,graduate,yes,no
15338,22,female,bca,3rd year,graduate,yes,no
15339,22,female,bca,4th year,graduate,yes,no
15340,21,female,b.com,3rd year,phd,yes,no
15341,21,female,bca,3rd year,high school,yes,no
15342,24,female,ba,1st year,high school,yes,yes
15343,19,female,ba,4th year,no formal,no,no
15344,18,female,nursing,3rd year,graduate,yes,yes
15345,23,female,diploma,1st year,high school,yes,yes
15346,24,female,bba,2nd year,high school,yes,no
15347,21,other,b.tech,3rd year,graduate,yes,yes
15348,20,male,diploma,4th year,phd,yes,yes
15349,19,other,diploma,3rd year,post graduate,yes,yes
15350,20,other,b.sc,2nd year,no formal,yes,yes
15351,17,female,diploma,2nd year,high school,yes,yes
15352,21,male,ba,3rd year,phd,yes,no
15353,19,female,diploma,4th year,high school,yes,yes
15354,19,other,nursing,3rd year,phd,yes,yes
15355,21,male,diploma,4th year,phd,yes,no
15356,24,female,pharmacy,3rd year,no formal,yes,no
15357,18,other,b.tech,2nd year,phd,no,yes
15358,24,female,b.com,2nd year,post graduate,yes,yes
15359,21,male,b.tech,2nd year,graduate,yes,no
15360,24,female,b.sc,1st year,high school,no,yes
15361,20,male,ba,3rd year,graduate,yes,yes
15362,24,other,b.tech,1st year,high school,yes,yes
15363,22,female,ba,4th year,post graduate,yes,no
15364,22,female,b.sc,4th year,graduate,yes,no
15365,21,other,b.sc,2nd year,graduate,yes,yes
15366,20,female,nursing,3rd year,phd,yes,no
15367,21,male,diploma,1st year,no formal,yes,yes
15368,23,other,bba,3rd year,high school,yes,yes
15369,23,female,bca,4th year,post graduate,yes,yes
15370,17,female,b.com,3rd year,high school,no,no
15371,22,male,bba,4th year,no formal,no,yes
15372,23,female,diploma,1st year,graduate,yes,yes
15373,22,female,bba,4th year,no formal,yes,yes
15374,20,male,nursing,2nd year,graduate,yes,no
15375,19,female,bba,1st year,no formal,yes,yes
15376,22,male,ba,3rd year,no formal,yes,yes
15377,22,female,pharmacy,3rd year,post graduate,yes,yes
15378,19,other,pharmacy,1st year,no formal,yes,yes
15379,20,other,b.com,2nd year,no formal,yes,yes
15380,19,male,bba,4th year,no formal,yes,no
15381,17,male,diploma,1st year,graduate,yes,no
15382,17,male,b.com,1st year,graduate,no,yes
15383,17,female,diploma,4th year,graduate,yes,yes
15384,20,male,pharmacy,3rd year,post graduate,yes,yes
15385,21,male,b.com,2nd year,post graduate,yes,yes
15386,20,other,b.sc,2nd year,post graduate,yes,yes
15387,24,other,pharmacy,4th year,phd,yes,yes
15388,18,female,pharmacy,4th year,high school,yes,yes
15389,20,other,nursing,1st year,no formal,yes,yes
15390,18,female,bca,4th year,phd,no,no
15391,19,female,b.tech,2nd year,no formal,yes,yes
15392,21,other,pharmacy,2nd year,graduate,yes,yes
15393,19,male,b.sc,2nd year,post graduate,yes,yes
15394,19,female,b.sc,2nd year,no formal,yes,no
15395,22,male,diploma,3rd year,phd,yes,no
15396,23,other,ba,4th year,phd,yes,yes
15397,18,other,nursing,1st year,phd,yes,yes
15398,17,other,nursing,3rd year,post graduate,yes,yes
15399,18,female,nursing,1st year,post graduate,yes,no
15400,21,female,nursing,1st year,graduate,yes,yes
15401,24,male,bba,2nd year,post graduate,no,yes
15402,18,other,nursing,4th year,no formal,no,yes
15403,17,other,pharmacy,2nd year,high school,yes,yes
15404,21,other,b.com,2nd year,no formal,no,yes
15405,24,female,ba,4th year,no formal,no,yes
15406,21,male,bca,2nd year,graduate,yes,yes
15407,24,female,nursing,4th year,post graduate,yes,yes
15408,22,male,ba,4th year,phd,yes,yes
15409,17,male,b.com,3rd year,no formal,yes,no
15410,20,other,b.com,4th year,post graduate,yes,no
15411,23,other,nursing,4th year,post graduate,yes,yes
15412,21,female,bba,1st year,no formal,yes,no
15413,18,female,b.com,1st year,high school,yes,no
15414,18,female,diploma,2nd year,post graduate,yes,no
15415,22,male,bca,3rd year,no formal,no,no
15416,20,male,bba,2nd year,high school,yes,yes
15417,21,male,bca,3rd year,graduate,no,no
15418,19,other,b.com,4th year,no formal,yes,yes
15419,19,female,b.sc,1st year,no formal,yes,yes
15420,22,other,nursing,4th year,phd,yes,yes
15421,17,male,diploma,2nd year,no formal,yes,no
15422,20,other,pharmacy,4th year,graduate,yes,no
15423,19,other,pharmacy,3rd year,graduate,yes,no
15424,23,female,ba,1st year,post graduate,yes,yes
15425,22,male,bba,4th year,phd,yes,no
15426,20,other,nursing,1st year,no formal,yes,yes
15427,19,other,b.tech,2nd year,phd,yes,yes
15428,18,female,nursing,3rd year,no formal,yes,no
15429,18,male,b.sc,4th year,phd,no,yes
15430,19,female,b.com,1st year,graduate,no,no
15431,23,female,bba,3rd year,no formal,yes,yes
15432,17,other,diploma,1st year,graduate,yes,no
15433,17,other,ba,2nd year,phd,yes,yes
15434,21,female,pharmacy,2nd year,graduate,yes,yes
15435,18,male,nursing,2nd year,no formal,yes,yes
15436,23,female,diploma,3rd year,post graduate,no,yes
15437,23,other,diploma,3rd year,phd,yes,no
15438,23,male,b.tech,3rd year,post graduate,yes,no
15439,20,other,nursing,1st year,graduate,yes,no
15440,20,female,bca,4th year,post graduate,yes,yes
15441,20,other,b.sc,3rd year,high school,yes,no
15442,18,other,nursing,1st year,no formal,yes,yes
15443,21,male,b.tech,4th year,phd,no,yes
15444,23,male,bca,4th year,graduate,yes,no
15445,19,other,bca,3rd year,post graduate,yes,yes
15446,17,other,b.tech,2nd year,graduate,yes,no
15447,21,female,ba,4th year,phd,yes,no
15448,20,male,b.sc,2nd year,graduate,no,yes
15449,23,male,pharmacy,3rd year,high school,yes,no
15450,23,male,nursing,3rd year,high school,yes,yes
15451,24,female,pharmacy,3rd year,graduate,no,no
15452,20,other,bba,4th year,phd,yes,no
15453,24,male,b.com,1st year,no formal,yes,no
15454,17,male,pharmacy,1st year,no formal,yes,no
15455,19,male,b.com,3rd year,high school,yes,no
15456,19,other,ba,4th year,phd,yes,yes
15457,24,female,b.sc,2nd year,post graduate,yes,no
15458,21,other,nursing,3rd year,post graduate,no,yes
15459,19,male,b.sc,4th year,graduate,yes,yes
15460,18,female,b.tech,3rd year,graduate,yes,yes
15461,23,female,nursing,1st year,post graduate,yes,yes
15462,22,female,nursing,4th year,no formal,yes,yes
15463,23,female,nursing,4th year,post graduate,no,yes
15464,20,male,nursing,3rd year,graduate,yes,yes
15465,18,male,b.sc,3rd year,phd,yes,no
15466,19,other,ba,3rd year,no formal,no,no
15467,21,female,diploma,3rd year,graduate,no,no
15468,18,male,b.com,2nd year,phd,yes,no
15469,17,female,nursing,3rd year,phd,no,yes
15470,23,other,pharmacy,3rd year,high school,yes,yes
15471,21,female,pharmacy,4th year,post graduate,no,yes
15472,20,other,diploma,4th year,high school,yes,yes
15473,21,male,nursing,3rd year,post graduate,yes,yes
15474,22,male,bca,4th year,post graduate,no,yes
15475,17,female,b.tech,2nd year,graduate,yes,yes
15476,20,other,ba,4th year,no formal,no,yes
15477,19,other,pharmacy,2nd year,post graduate,yes,yes
15478,17,female,pharmacy,4th year,graduate,yes,no
15479,17,male,b.com,2nd year,graduate,yes,no
15480,20,female,diploma,3rd year,post graduate,yes,no
15481,21,male,b.com,1st year,phd,yes,yes
15482,21,male,ba,4th year,high school,yes,yes
15483,23,male,bca,2nd year,phd,yes,no
15484,20,other,bba,1st year,no formal,yes,yes
15485,21,female,bca,2nd year,post graduate,yes,yes
15486,23,male,b.tech,2nd year,graduate,yes,yes
15487,22,female,b.com,1st year,post graduate,yes,yes
15488,24,other,nursing,3rd year,graduate,yes,yes
15489,18,other,bca,1st year,graduate,yes,yes
15490,23,female,nursing,3rd year,graduate,yes,yes
15491,22,male,pharmacy,2nd year,post graduate,yes,yes
15492,21,female,ba,3rd year,high school,no,no
15493,17,female,b.com,1st year,high school,no,no
15494,21,other,b.com,4th year,graduate,yes,yes
15495,23,female,bca,1st year,high school,yes,no
15496,22,other,b.com,4th year,high school,yes,yes
15497,17,female,ba,2nd year,no formal,yes,yes
15498,19,female,b.sc,4th year,high school,yes,yes
15499,21,male,ba,3rd year,graduate,yes,yes
15500,23,female,pharmacy,4th year,graduate,no,yes
15501,20,male,ba,3rd year,post graduate,yes,no
15502,23,female,diploma,4th year,high school,yes,yes
15503,23,other,ba,3rd year,post graduate,no,no
15504,19,female,ba,3rd year,graduate,no,no
15505,18,female,bca,3rd year,graduate,yes,yes
15506,24,other,b.tech,2nd year,no formal,yes,no
15507,21,male,ba,4th year,post graduate,no,yes
15508,23,male,b.sc,4th year,post graduate,yes,no
15509,24,female,b.sc,3rd year,no formal,no,yes
15510,20,female,diploma,2nd year,no formal,yes,no
15511,17,female,b.sc,2nd year,post graduate,no,yes
15512,24,other,b.sc,3rd year,high school,yes,no
15513,21,female,bca,1st year,phd,yes,yes
15514,17,female,ba,1st year,phd,yes,no
15515,21,female,b.sc,2nd year,graduate,yes,yes
15516,17,other,pharmacy,3rd year,phd,yes,yes
15517,19,other,pharmacy,4th year,graduate,yes,no
15518,19,male,bca,2nd year,phd,yes,no
15519,20,male,bba,1st year,no formal,yes,yes
15520,21,male,nursing,3rd year,graduate,yes,yes
15521,23,female,pharmacy,4th year,phd,yes,yes
15522,19,female,b.tech,4th year,high school,yes,no
15523,22,male,b.tech,3rd year,phd,yes,yes
15524,24,female,b.com,1st year,phd,yes,no
15525,22,female,b.com,3rd year,post graduate,yes,yes
15526,19,other,pharmacy,1st year,post graduate,no,yes
15527,22,female,bba,4th year,no formal,no,no
15528,19,female,nursing,4th year,phd,no,yes
15529,20,female,diploma,3rd year,phd,yes,yes
15530,22,male,diploma,1st year,graduate,no,no
15531,19,female,pharmacy,2nd year,high school,yes,yes
15532,17,male,bca,3rd year,graduate,yes,yes
15533,23,male,diploma,4th year,phd,no,yes
15534,22,female,b.com,4th year,no formal,yes,yes
15535,17,female,b.com,1st year,graduate,yes,yes
15536,20,female,bca,3rd year,no formal,yes,yes
15537,19,other,pharmacy,4th year,phd,yes,yes
15538,24,male,b.tech,1st year,post graduate,no,no
15539,24,other,bba,2nd year,phd,yes,yes
15540,22,female,b.sc,3rd year,phd,yes,no
15541,20,other,nursing,3rd year,no formal,yes,yes
15542,17,other,bba,4th year,graduate,no,yes
15543,18,other,b.tech,3rd year,phd,yes,yes
15544,17,female,b.tech,2nd year,no formal,yes,yes
15545,23,female,bca,3rd year,phd,yes,yes
15546,17,female,b.com,3rd year,high school,yes,no
15547,22,other,b.tech,4th year,graduate,yes,yes
15548,24,male,b.sc,2nd year,no formal,yes,no
15549,19,other,b.sc,4th year,high school,yes,no
15550,22,other,ba,4th year,phd,yes,yes
15551,24,male,diploma,1st year,phd,yes,yes
15552,20,male,nursing,1st year,no formal,yes,no
15553,20,male,bba,2nd year,graduate,no,yes
15554,18,female,pharmacy,2nd year,no formal,no,yes
15555,20,male,nursing,1st year,phd,no,yes
15556,23,male,b.sc,1st year,graduate,yes,yes
15557,22,male,diploma,3rd year,high school,no,yes
15558,18,male,b.com,4th year,graduate,yes,no
15559,21,female,pharmacy,1st year,high school,yes,yes
15560,22,male,nursing,3rd year,post graduate,no,no
15561,17,female,b.tech,2nd year,high school,no,yes
15562,23,male,b.sc,1st year,high school,yes,yes
15563,18,male,ba,3rd year,post graduate,yes,no
15564,19,other,diploma,1st year,phd,yes,no
15565,20,other,bba,1st year,high school,yes,no
15566,21,male,b.tech,4th year,graduate,no,yes
15567,24,male,bca,2nd year,high school,yes,yes
15568,18,other,bca,1st year,no formal,yes,no
15569,19,other,pharmacy,4th year,high school,yes,yes
15570,20,female,b.com,3rd year,no formal,yes,yes
15571,23,other,b.tech,3rd year,post graduate,yes,yes
15572,24,male,diploma,3rd year,graduate,yes,yes
15573,20,female,diploma,2nd year,graduate,yes,yes
15574,22,female,bba,4th year,graduate,yes,yes
15575,24,other,diploma,2nd year,high school,yes,yes
15576,23,male,b.sc,3rd year,graduate,yes,yes
15577,22,female,b.sc,4th year,no formal,yes,no
15578,21,other,ba,4th year,no formal,yes,no
15579,24,male,pharmacy,3rd year,no formal,no,yes
15580,18,male,bba,1st year,no formal,no,no
15581,19,other,bca,1st year,graduate,yes,yes
15582,22,other,pharmacy,2nd year,no formal,yes,yes
15583,17,female,b.com,3rd year,high school,yes,no
15584,21,male,bba,1st year,post graduate,yes,no
15585,23,female,diploma,2nd year,graduate,yes,yes
15586,18,male,b.sc,2nd year,post graduate,yes,no
15587,23,female,ba,2nd year,high school,yes,yes
15588,20,male,bba,3rd year,no formal,no,yes
15589,23,other,b.com,2nd year,no formal,yes,yes
15590,22,other,b.sc,3rd year,graduate,no,yes
15591,18,female,ba,2nd year,phd,yes,yes
15592,22,female,nursing,4th year,phd,yes,no
15593,17,male,ba,2nd year,no formal,yes,no
15594,18,other,nursing,4th year,no formal,yes,no
15595,24,male,diploma,4th year,graduate,yes,no
15596,24,female,b.sc,2nd year,no formal,yes,no
15597,17,other,pharmacy,2nd year,no formal,yes,yes
15598,20,male,bca,3rd year,high school,yes,no
15599,17,male,bca,2nd year,phd,yes,no
15600,19,other,diploma,3rd year,high school,yes,yes
15601,24,female,b.tech,2nd year,no formal,no,no
15602,18,female,b.com,4th year,no formal,yes,no
15603,22,female,nursing,3rd year,post graduate,yes,yes
15604,23,other,bca,1st year,phd,yes,yes
15605,24,female,ba,1st year,phd,no,no
15606,19,female,bba,3rd year,post graduate,yes,yes
15607,22,female,bca,2nd year,graduate,no,yes
15608,20,other,bba,2nd year,post graduate,yes,no
15609,17,female,bba,3rd year,no formal,yes,yes
15610,18,male,bba,2nd year,phd,yes,no
15611,22,female,b.com,4th year,post graduate,no,yes
15612,22,other,bca,3rd year,no formal,yes,no
15613,21,male,diploma,2nd year,high school,yes,no
15614,23,male,diploma,2nd year,phd,no,no
15615,22,other,bca,2nd year,graduate,yes,yes
15616,19,other,bba,1st year,phd,yes,yes
15617,19,male,bca,1st year,high school,yes,yes
15618,24,male,diploma,4th year,graduate,yes,no
15619,24,other,b.com,4th year,no formal,yes,no
15620,17,other,bba,1st year,phd,yes,yes
15621,23,other,diploma,3rd year,phd,yes,yes
15622,18,other,bca,2nd year,phd,no,yes
15623,23,female,bba,3rd year,post graduate,yes,no
15624,21,other,b.com,3rd year,high school,yes,no
15625,22,female,pharmacy,4th year,no formal,yes,yes
15626,22,female,bba,3rd year,high school,no,no
15627,21,female,bba,1st year,post graduate,no,yes
15628,19,female,bba,3rd year,post graduate,yes,yes
15629,23,female,diploma,4th year,phd,yes,no
15630,21,other,b.com,4th year,graduate,yes,yes
15631,21,other,pharmacy,3rd year,high school,yes,yes
15632,19,female,b.tech,2nd year,high school,yes,no
15633,17,male,b.tech,3rd year,phd,yes,no
15634,21,female,bba,1st year,no formal,yes,no
15635,19,male,nursing,3rd year,post graduate,no,yes
15636,22,male,b.tech,1st year,no formal,yes,yes
15637,19,other,diploma,2nd year,graduate,yes,yes
15638,24,female,ba,3rd year,no formal,yes,no
15639,22,other,b.tech,2nd year,high school,yes,no
15640,20,female,ba,2nd year,graduate,no,yes
15641,22,female,bca,3rd year,high school,yes,yes
15642,22,female,bca,4th year,no formal,yes,yes
15643,21,other,nursing,4th year,post graduate,yes,yes
15644,21,male,pharmacy,3rd year,no formal,yes,no
15645,24,female,b.tech,3rd year,post graduate,yes,yes
15646,19,female,nursing,2nd year,phd,yes,yes
15647,20,female,b.tech,4th year,high school,yes,yes
15648,19,other,pharmacy,4th year,graduate,yes,no
15649,21,male,diploma,1st year,post graduate,no,yes
15650,24,female,pharmacy,4th year,phd,yes,no
15651,21,female,b.tech,1st year,high school,yes,yes
15652,18,other,b.tech,3rd year,no formal,yes,yes
15653,24,male,pharmacy,2nd year,no formal,no,no
15654,23,male,b.com,3rd year,high school,yes,yes
15655,20,male,ba,4th year,phd,yes,yes
15656,18,female,b.com,1st year,post graduate,yes,yes
15657,20,male,b.sc,1st year,high school,yes,yes
15658,23,female,b.tech,3rd year,phd,yes,yes
15659,21,male,b.sc,4th year,post graduate,no,no
15660,18,female,nursing,1st year,post graduate,yes,yes
15661,18,female,b.tech,2nd year,no formal,yes,no
15662,24,other,pharmacy,3rd year,phd,yes,no
15663,20,male,b.sc,1st year,no formal,yes,no
15664,22,male,bca,4th year,no formal,yes,no
15665,19,male,b.com,3rd year,post graduate,yes,yes
15666,17,female,pharmacy,3rd year,high school,no,no
15667,20,other,b.tech,1st year,phd,yes,yes
15668,22,male,diploma,1st year,phd,yes,no
15669,19,male,pharmacy,1st year,graduate,yes,yes
15670,21,female,ba,1st year,graduate,yes,yes
15671,20,other,bba,3rd year,no formal,yes,no
15672,19,other,b.sc,4th year,no formal,yes,yes
15673,19,female,nursing,4th year,no formal,yes,no
15674,19,male,pharmacy,1st year,no formal,yes,yes
15675,19,female,bba,1st year,graduate,yes,no
15676,22,female,diploma,3rd year,post graduate,yes,no
15677,19,female,diploma,4th year,no formal,no,yes
15678,22,female,ba,4th year,no formal,yes,no
15679,19,female,b.tech,3rd year,high school,yes,no
15680,19,other,b.sc,2nd year,graduate,yes,no
15681,24,male,pharmacy,2nd year,graduate,yes,yes
15682,24,male,nursing,3rd year,no formal,yes,yes
15683,20,male,b.tech,4th year,post graduate,yes,yes
15684,19,female,nursing,1st year,high school,no,yes
15685,22,female,nursing,4th year,no formal,yes,yes
15686,17,other,bba,3rd year,high school,yes,yes
15687,20,female,bba,1st year,phd,yes,yes
15688,21,female,pharmacy,1st year,no formal,yes,yes
15689,22,other,nursing,2nd year,no formal,yes,no
15690,17,other,ba,2nd year,post graduate,yes,no
15691,17,other,bba,1st year,post graduate,yes,yes
15692,19,female,pharmacy,2nd year,no formal,yes,yes
15693,17,male,pharmacy,1st year,post graduate,no,yes
15694,21,other,bca,4th year,post graduate,yes,yes
15695,24,female,bca,1st year,post graduate,no,yes
15696,19,male,diploma,3rd year,graduate,yes,yes
15697,20,female,b.com,2nd year,graduate,yes,yes
15698,18,male,pharmacy,4th year,high school,yes,no
15699,17,other,b.com,2nd year,no formal,no,yes
15700,22,female,nursing,3rd year,post graduate,yes,yes
15701,19,other,nursing,2nd year,post graduate,yes,yes
15702,21,female,b.com,4th year,graduate,no,yes
15703,22,male,nursing,3rd year,post graduate,yes,yes
15704,23,female,nursing,3rd year,no formal,yes,yes
15705,18,female,bba,2nd year,no formal,no,no
15706,21,male,bba,2nd year,high school,no,yes
15707,24,other,bba,2nd year,high school,no,no
15708,20,male,b.tech,3rd year,graduate,yes,yes
15709,17,other,bba,2nd year,no formal,yes,yes
15710,19,other,diploma,2nd year,no formal,yes,yes
15711,23,male,bca,2nd year,post graduate,yes,yes
15712,23,male,bba,4th year,post graduate,yes,no
15713,19,male,bba,2nd year,post graduate,no,no
15714,18,other,bba,4th year,high school,yes,yes
15715,19,male,pharmacy,3rd year,post graduate,yes,no
15716,18,female,ba,1st year,high school,yes,yes
15717,22,female,b.com,3rd year,phd,yes,no
15718,23,male,b.tech,4th year,no formal,yes,yes
15719,17,other,nursing,4th year,post graduate,yes,no
15720,22,other,b.sc,1st year,no formal,yes,yes
15721,23,male,ba,2nd year,phd,yes,yes
15722,21,other,diploma,3rd year,high school,yes,no
15723,23,other,b.sc,2nd year,no formal,yes,yes
15724,17,other,b.com,4th year,high school,yes,yes
15725,22,male,bca,3rd year,phd,no,no
15726,18,male,bca,1st year,no formal,yes,yes
15727,24,male,b.com,2nd year,high school,yes,no
15728,20,female,bba,1st year,graduate,yes,no
15729,17,other,diploma,2nd year,phd,yes,yes
15730,22,other,b.sc,4th year,no formal,no,no
15731,22,other,ba,1st year,high school,no,yes
15732,20,female,b.com,2nd year,phd,no,yes
15733,19,female,pharmacy,1st year,post graduate,yes,no
15734,17,male,ba,2nd year,graduate,yes,yes
15735,24,male,nursing,4th year,high school,yes,no
15736,18,male,nursing,4th year,post graduate,yes,yes
15737,23,male,b.sc,4th year,phd,yes,yes
15738,21,other,pharmacy,2nd year,graduate,no,yes
15739,22,female,b.tech,2nd year,phd,no,no
15740,22,other,ba,1st year,high school,yes,yes
15741,23,male,b.sc,4th year,phd,yes,yes
15742,17,other,b.tech,4th year,graduate,yes,no
15743,24,other,bba,2nd year,high school,no,yes
15744,17,other,bca,3rd year,graduate,yes,no
15745,24,female,bca,1st year,graduate,yes,no
15746,19,female,ba,3rd year,post graduate,no,no
15747,23,female,nursing,1st year,post graduate,no,yes
15748,17,female,bba,2nd year,phd,yes,no
15749,20,male,bba,2nd year,no formal,yes,no
15750,21,male,ba,4th year,high school,yes,yes
15751,24,female,b.sc,2nd year,phd,no,no
15752,17,male,bca,1st year,no formal,yes,no
15753,17,male,nursing,1st year,high school,yes,yes
15754,22,male,b.com,1st year,post graduate,yes,no
15755,17,female,bba,1st year,graduate,no,yes
15756,23,other,pharmacy,2nd year,no formal,yes,yes
15757,17,female,b.sc,1st year,no formal,yes,yes
15758,24,male,ba,3rd year,post graduate,yes,yes
15759,21,female,b.com,2nd year,high school,yes,yes
15760,24,female,ba,1st year,post graduate,yes,no
15761,18,female,bba,3rd year,post graduate,yes,no
15762,19,female,pharmacy,2nd year,phd,no,no
15763,20,female,b.tech,3rd year,graduate,yes,yes
15764,17,male,ba,3rd year,no formal,no,no
15765,17,other,nursing,4th year,no formal,yes,yes
15766,19,female,b.tech,3rd year,high school,yes,no
15767,22,male,bba,2nd year,no formal,yes,yes
15768,22,male,b.sc,1st year,graduate,yes,yes
15769,17,other,bca,1st year,graduate,yes,yes
15770,17,female,diploma,3rd year,high school,yes,no
15771,22,male,bca,1st year,graduate,yes,no
15772,19,female,bca,2nd year,phd,yes,yes
15773,23,female,diploma,1st year,high school,yes,yes
15774,19,other,bba,2nd year,graduate,yes,yes
15775,19,female,bca,4th year,phd,yes,yes
15776,18,other,b.tech,1st year,graduate,no,yes
15777,19,female,b.tech,4th year,no formal,no,no
15778,22,other,b.sc,4th year,no formal,yes,no
15779,20,male,bba,4th year,high school,yes,yes
15780,22,female,ba,3rd year,graduate,yes,yes
15781,17,other,ba,1st year,graduate,no,yes
15782,21,male,bba,1st year,high school,yes,no
15783,20,female,pharmacy,4th year,phd,yes,no
15784,24,female,ba,2nd year,graduate,yes,yes
15785,20,other,ba,2nd year,graduate,yes,no
15786,17,other,bba,1st year,high school,no,yes
15787,22,male,diploma,1st year,graduate,yes,yes
15788,18,male,diploma,3rd year,post graduate,yes,no
15789,24,other,pharmacy,2nd year,phd,yes,yes
15790,20,male,bca,3rd year,phd,yes,yes
15791,23,female,pharmacy,4th year,no formal,yes,no
15792,22,other,bca,1st year,no formal,yes,yes
15793,20,other,bba,4th year,phd,yes,yes
15794,21,other,bca,4th year,high school,yes,yes
15795,18,male,bba,3rd year,no formal,no,no
15796,17,male,b.sc,2nd year,post graduate,yes,no
15797,23,male,ba,1st year,phd,no,no
15798,24,other,bca,1st year,post graduate,yes,no
15799,23,male,bca,3rd year,no formal,yes,yes
15800,19,female,b.sc,1st year,high school,yes,no
15801,19,other,nursing,4th year,high school,yes,no
15802,19,female,diploma,1st year,high school,yes,no
15803,22,other,bba,4th year,post graduate,yes,yes
15804,21,female,bba,4th year,post graduate,no,yes
15805,23,female,bca,2nd year,high school,yes,yes
15806,24,other,bca,2nd year,graduate,yes,yes
15807,20,female,ba,3rd year,graduate,yes,no
15808,22,male,nursing,4th year,high school,yes,no
15809,21,female,b.sc,1st year,no formal,yes,yes
15810,24,other,ba,1st year,no formal,yes,yes
15811,19,other,ba,1st year,phd,yes,no
15812,18,male,b.tech,2nd year,post graduate,yes,yes
15813,20,male,b.tech,3rd year,phd,no,yes
15814,21,female,pharmacy,2nd year,high school,yes,yes
15815,24,other,diploma,2nd year,high school,yes,yes
15816,23,female,ba,2nd year,graduate,yes,yes
15817,17,female,b.com,1st year,post graduate,yes,yes
15818,21,other,ba,1st year,post graduate,yes,no
15819,18,female,diploma,1st year,graduate,yes,yes
15820,19,other,b.com,1st year,graduate,yes,no
15821,24,female,b.tech,4th year,graduate,yes,yes
15822,24,other,ba,4th year,high school,yes,no
15823,18,male,bca,2nd year,no formal,yes,yes
15824,18,other,bba,3rd year,high school,yes,yes
15825,22,other,b.sc,1st year,high school,yes,no
15826,20,male,nursing,1st year,post graduate,yes,yes
15827,20,male,bca,3rd year,phd,yes,yes
15828,23,other,diploma,4th year,phd,yes,yes
15829,24,male,pharmacy,4th year,high school,yes,yes
15830,24,female,bba,2nd year,phd,no,yes
15831,23,male,bca,2nd year,phd,yes,yes
15832,24,female,diploma,4th year,phd,yes,yes
15833,22,other,diploma,1st year,no formal,yes,yes
15834,24,female,nursing,4th year,post graduate,yes,no
15835,21,male,diploma,2nd year,high school,yes,yes
15836,17,female,b.tech,1st year,phd,yes,yes
15837,23,male,ba,4th year,high school,yes,yes
15838,24,female,bca,4th year,high school,yes,no
15839,19,male,bba,2nd year,high school,yes,yes
15840,20,female,b.tech,1st year,phd,yes,yes
15841,21,male,b.com,1st year,graduate,no,yes
15842,22,male,b.com,2nd year,graduate,yes,no
15843,22,male,b.tech,3rd year,phd,yes,no
15844,20,other,diploma,3rd year,graduate,no,no
15845,23,other,ba,3rd year,post graduate,yes,yes
15846,23,other,nursing,3rd year,no formal,yes,yes
15847,24,other,nursing,1st year,high school,yes,no
15848,21,female,nursing,1st year,graduate,yes,no
15849,17,male,pharmacy,4th year,graduate,no,yes
15850,23,other,bba,1st year,high school,yes,no
15851,17,other,b.com,3rd year,phd,yes,yes
15852,18,female,b.tech,2nd year,high school,yes,yes
15853,19,male,bca,3rd year,graduate,yes,no
15854,18,female,b.sc,2nd year,graduate,yes,yes
15855,22,female,b.com,1st year,high school,yes,no
15856,20,other,b.com,2nd year,phd,yes,yes
15857,18,male,b.com,1st year,no formal,yes,no
15858,17,female,ba,1st year,phd,yes,yes
15859,18,other,b.com,2nd year,graduate,yes,yes
15860,22,other,bba,4th year,high school,yes,no
15861,23,male,pharmacy,1st year,high school,no,yes
15862,19,female,bca,4th year,post graduate,yes,yes
15863,17,female,diploma,3rd year,graduate,yes,no
15864,21,female,b.sc,4th year,graduate,no,yes
15865,23,male,b.sc,3rd year,high school,yes,no
15866,17,male,b.sc,1st year,high school,yes,no
15867,23,male,nursing,2nd year,high school,yes,no
15868,18,other,b.sc,1st year,phd,yes,yes
15869,19,female,pharmacy,1st year,phd,yes,no
15870,21,male,diploma,3rd year,no formal,yes,yes
15871,17,other,nursing,4th year,no formal,yes,yes
15872,19,female,b.com,3rd year,phd,yes,no
15873,18,female,b.sc,2nd year,high school,yes,no
15874,18,male,b.sc,3rd year,high school,no,no
15875,23,female,nursing,1st year,high school,no,yes
15876,18,female,ba,1st year,phd,yes,yes
15877,17,female,ba,3rd year,high school,yes,no
15878,18,female,b.com,4th year,post graduate,yes,yes
15879,17,female,ba,3rd year,graduate,no,yes
15880,21,other,ba,2nd year,graduate,yes,yes
15881,24,other,diploma,2nd year,high school,yes,yes
15882,18,female,nursing,2nd year,no formal,yes,no
15883,22,male,bba,4th year,no formal,yes,no
15884,19,male,ba,3rd year,no formal,yes,no
15885,17,male,bba,4th year,high school,yes,yes
15886,22,male,b.sc,1st year,no formal,yes,no
15887,18,female,b.tech,2nd year,high school,yes,no
15888,21,male,b.com,1st year,post graduate,yes,yes
15889,21,male,b.tech,1st year,no formal,yes,yes
15890,21,other,b.tech,4th year,post graduate,no,yes
15891,18,male,b.com,1st year,graduate,yes,no
15892,19,other,pharmacy,3rd year,high school,yes,no
15893,22,male,b.sc,1st year,high school,yes,yes
15894,24,female,diploma,1st year,high school,yes,yes
15895,17,male,b.sc,4th year,high school,yes,no
15896,20,female,bba,2nd year,high school,yes,yes
15897,24,male,bca,2nd year,graduate,yes,no
15898,19,male,bca,1st year,post graduate,yes,yes
15899,20,other,nursing,3rd year,post graduate,no,no
15900,24,other,b.com,4th year,high school,yes,yes
15901,24,female,diploma,2nd year,high school,yes,yes
15902,22,other,ba,4th year,post graduate,yes,yes
15903,22,other,bba,2nd year,post graduate,yes,no
15904,21,other,b.com,3rd year,post graduate,yes,no
15905,19,other,pharmacy,4th year,post graduate,yes,no
15906,24,male,nursing,4th year,high school,yes,yes
15907,17,male,bba,3rd year,post graduate,yes,no
15908,17,female,diploma,2nd year,high school,yes,yes
15909,21,female,pharmacy,2nd year,graduate,yes,yes
15910,23,other,b.com,4th year,graduate,no,no
15911,23,male,b.com,2nd year,post graduate,no,yes
15912,22,male,diploma,2nd year,phd,yes,yes
15913,20,male,b.com,4th year,graduate,no,yes
15914,19,other,b.tech,4th year,no formal,yes,no
15915,20,other,bca,2nd year,no formal,yes,yes
15916,19,other,b.sc,4th year,high school,no,no
15917,20,other,bca,4th year,graduate,yes,no
15918,17,other,b.tech,2nd year,graduate,yes,yes
15919,19,female,bba,2nd year,high school,yes,no
15920,24,female,b.com,1st year,high school,yes,yes
15921,22,male,bba,1st year,post graduate,yes,yes
15922,18,female,b.com,1st year,high school,yes,no
15923,19,male,b.com,1st year,no formal,no,yes
15924,19,other,pharmacy,2nd year,graduate,no,no
15925,19,female,pharmacy,4th year,post graduate,no,no
15926,22,female,b.com,1st year,no formal,yes,yes
15927,24,female,bca,2nd year,no formal,yes,no
15928,22,other,ba,2nd year,post graduate,no,yes
15929,20,other,b.sc,3rd year,no formal,yes,yes
15930,18,female,b.tech,3rd year,phd,no,yes
15931,18,other,pharmacy,3rd year,high school,yes,no
15932,23,other,b.tech,1st year,phd,no,no
15933,22,other,bba,2nd year,no formal,yes,no
15934,21,other,b.sc,4th year,graduate,yes,yes
15935,21,male,diploma,4th year,graduate,no,no
15936,23,female,b.sc,1st year,high school,yes,no
15937,23,male,bca,3rd year,high school,no,yes
15938,17,male,ba,1st year,high school,yes,yes
15939,20,female,bba,3rd year,no formal,yes,yes
15940,17,male,b.sc,1st year,high school,yes,no
15941,20,male,b.sc,4th year,high school,no,yes
15942,22,other,b.sc,4th year,graduate,yes,no
15943,18,male,bca,1st year,high school,yes,no
15944,18,female,bca,2nd year,no formal,yes,yes
15945,20,other,pharmacy,1st year,post graduate,yes,no
15946,21,male,pharmacy,1st year,high school,yes,yes
15947,22,female,diploma,4th year,no formal,yes,yes
15948,17,other,b.tech,1st year,no formal,no,yes
15949,18,other,diploma,1st year,graduate,yes,no
15950,23,other,diploma,2nd year,high school,yes,no
15951,22,female,diploma,2nd year,phd,yes,yes
15952,24,other,bca,4th year,post graduate,yes,no
15953,23,female,diploma,2nd year,high school,yes,yes
15954,23,female,bca,3rd year,phd,yes,no
15955,21,other,bca,1st year,post graduate,no,no
15956,24,other,diploma,2nd year,post graduate,yes,yes
15957,20,female,b.tech,1st year,no formal,yes,no
15958,24,other,bba,2nd year,high school,yes,no
15959,20,female,b.sc,2nd year,post graduate,yes,yes
15960,20,male,pharmacy,1st year,graduate,yes,yes
15961,22,female,pharmacy,3rd year,phd,yes,no
15962,20,other,b.sc,3rd year,post graduate,yes,no
15963,18,female,pharmacy,3rd year,no formal,yes,no
15964,24,female,bba,2nd year,phd,yes,yes
15965,20,other,diploma,3rd year,phd,yes,no
15966,24,other,bca,3rd year,post graduate,yes,no
15967,20,female,b.sc,2nd year,post graduate,yes,yes
15968,24,other,pharmacy,1st year,no formal,yes,yes
15969,21,female,bca,3rd year,post graduate,yes,no
15970,23,female,bba,1st year,post graduate,yes,yes
15971,23,other,bca,2nd year,no formal,yes,yes
15972,18,male,pharmacy,3rd year,no formal,yes,yes
15973,23,male,bca,3rd year,graduate,yes,yes
15974,24,male,bca,3rd year,high school,yes,no
15975,22,other,nursing,2nd year,graduate,yes,yes
15976,24,male,diploma,2nd year,phd,yes,yes
15977,23,other,b.sc,1st year,post graduate,yes,yes
15978,22,other,nursing,4th year,phd,no,no
15979,20,other,pharmacy,1st year,no formal,yes,no
15980,23,other,diploma,4th year,high school,yes,no
15981,18,other,b.sc,3rd year,phd,yes,no
15982,21,male,bba,4th year,post graduate,yes,no
15983,23,other,b.tech,4th year,high school,yes,no
15984,24,male,diploma,2nd year,high school,no,no
15985,19,female,pharmacy,2nd year,post graduate,yes,no
15986,17,other,b.tech,4th year,no formal,yes,yes
15987,19,male,b.tech,4th year,no formal,yes,yes
15988,23,male,pharmacy,3rd year,phd,yes,no
15989,21,other,nursing,4th year,post graduate,yes,no
15990,17,male,nursing,3rd year,phd,yes,yes
15991,17,male,b.sc,1st year,graduate,yes,yes
15992,19,male,bca,3rd year,high school,yes,yes
15993,19,male,nursing,2nd year,high school,yes,no
15994,18,female,b.tech,1st year,post graduate,yes,yes
15995,20,other,b.com,3rd year,high school,yes,yes
15996,20,female,b.com,3rd year,no formal,yes,no
15997,18,male,bba,3rd year,graduate,yes,yes
15998,18,other,b.com,4th year,graduate,yes,no
15999,22,female,ba,2nd year,graduate,yes,yes
16000,24,male,b.com,4th year,phd,yes,no
16001,24,female,b.tech,2nd year,post graduate,yes,no
16002,21,male,diploma,2nd year,post graduate,yes,yes
16003,17,female,bca,1st year,high school,yes,yes
16004,24,other,nursing,4th year,graduate,yes,yes
16005,24,female,bca,2nd year,high school,yes,yes
16006,19,other,diploma,1st year,high school,yes,no
16007,20,other,ba,4th year,no formal,yes,yes
16008,17,female,ba,4th year,post graduate,yes,yes
16009,23,other,ba,1st year,graduate,yes,no
16010,23,other,pharmacy,3rd year,phd,yes,no
16011,17,female,bba,4th year,graduate,no,yes
16012,22,other,nursing,3rd year,no formal,yes,yes
16013,20,female,b.com,2nd year,post graduate,yes,no
16014,21,other,diploma,3rd year,no formal,yes,yes
16015,18,male,b.com,1st year,post graduate,no,no
16016,23,female,ba,4th year,high school,no,no
16017,20,male,nursing,3rd year,no formal,no,yes
16018,23,male,diploma,1st year,graduate,no,no
16019,18,female,bba,2nd year,graduate,no,yes
16020,21,male,ba,2nd year,high school,no,yes
16021,19,male,nursing,4th year,no formal,yes,yes
16022,24,other,b.sc,4th year,post graduate,yes,no
16023,21,male,nursing,2nd year,graduate,yes,yes
16024,22,other,bca,1st year,high school,no,yes
16025,17,male,b.com,1st year,graduate,yes,yes
16026,22,female,diploma,3rd year,phd,yes,no
16027,17,male,pharmacy,2nd year,phd,yes,yes
16028,19,male,ba,3rd year,high school,yes,yes
16029,18,other,ba,2nd year,high school,yes,yes
16030,17,male,pharmacy,4th year,phd,yes,no
16031,21,other,ba,3rd year,no formal,no,no
16032,18,female,nursing,4th year,phd,yes,yes
16033,21,female,pharmacy,1st year,graduate,yes,yes
16034,23,other,bca,2nd year,graduate,no,yes
16035,18,female,b.tech,3rd year,phd,yes,yes
16036,22,female,b.tech,3rd year,no formal,yes,no
16037,19,female,b.com,2nd year,no formal,yes,no
16038,19,female,b.tech,3rd year,phd,yes,yes
16039,21,other,diploma,3rd year,post graduate,yes,no
16040,22,female,bca,3rd year,graduate,yes,no
16041,22,male,bba,3rd year,no formal,yes,no
16042,18,other,nursing,1st year,graduate,yes,yes
16043,21,female,b.sc,1st year,post graduate,yes,no
16044,19,other,bba,2nd year,no formal,no,yes
16045,19,female,ba,1st year,high school,yes,no
16046,24,male,b.tech,3rd year,high school,no,yes
16047,17,other,bba,3rd year,high school,yes,no
16048,20,other,b.sc,1st year,graduate,no,yes
16049,20,male,b.tech,4th year,phd,yes,yes
16050,18,other,b.sc,3rd year,post graduate,yes,yes
16051,23,male,b.sc,2nd year,graduate,yes,yes
16052,20,other,bca,1st year,phd,yes,yes
16053,22,female,nursing,1st year,phd,yes,no
16054,20,female,bba,4th year,graduate,yes,yes
16055,24,male,bca,1st year,no formal,yes,yes
16056,22,male,b.tech,4th year,high school,yes,yes
16057,19,other,nursing,3rd year,phd,no,no
16058,24,female,bba,3rd year,graduate,no,no
16059,23,male,ba,4th year,phd,no,no
16060,21,female,nursing,4th year,no formal,yes,no
16061,17,other,b.com,2nd year,no formal,yes,yes
16062,21,male,ba,4th year,no formal,yes,yes
16063,22,other,pharmacy,1st year,no formal,yes,no
16064,19,other,b.sc,4th year,high school,yes,no
16065,18,female,bba,2nd year,phd,no,no
16066,21,male,bca,3rd year,no formal,yes,no
16067,23,other,diploma,4th year,phd,yes,yes
16068,19,other,pharmacy,2nd year,no formal,yes,yes
16069,20,female,ba,1st year,no formal,yes,no
16070,17,female,b.sc,4th year,no formal,yes,no
16071,22,other,ba,1st year,post graduate,yes,yes
16072,23,male,b.sc,3rd year,no formal,yes,no
16073,23,male,diploma,2nd year,no formal,yes,yes
16074,20,female,bca,2nd year,phd,yes,yes
16075,17,female,diploma,2nd year,post graduate,no,no
16076,20,female,ba,3rd year,high school,yes,yes
16077,24,female,pharmacy,1st year,post graduate,yes,yes
16078,17,other,pharmacy,1st year,phd,yes,yes
16079,18,female,pharmacy,2nd year,graduate,no,yes
16080,23,female,diploma,4th year,phd,yes,yes
16081,21,other,b.sc,3rd year,high school,yes,yes
16082,18,male,b.sc,4th year,phd,yes,no
16083,17,other,pharmacy,2nd year,post graduate,no,yes
16084,20,other,nursing,1st year,high school,yes,yes
16085,21,female,nursing,2nd year,post graduate,yes,no
16086,23,female,bca,1st year,high school,no,no
16087,24,female,nursing,3rd year,no formal,no,no
16088,20,male,bba,4th year,graduate,yes,yes
16089,20,female,b.sc,2nd year,no formal,yes,no
16090,24,other,b.com,1st year,graduate,yes,no
16091,23,female,nursing,3rd year,phd,yes,yes
16092,18,male,bca,3rd year,no formal,yes,yes
16093,22,female,pharmacy,4th year,post graduate,yes,yes
16094,22,male,pharmacy,2nd year,high school,no,no
16095,18,other,diploma,2nd year,graduate,yes,yes
16096,24,female,b.tech,3rd year,post graduate,yes,no
16097,19,male,b.sc,1st year,post graduate,yes,yes
16098,21,female,ba,1st year,post graduate,yes,no
16099,20,female,b.tech,4th year,high school,yes,no
16100,22,female,pharmacy,1st year,high school,yes,yes
16101,24,female,b.com,3rd year,graduate,yes,yes
16102,20,other,ba,3rd year,high school,yes,yes
16103,20,other,diploma,2nd year,phd,yes,no
16104,23,male,b.tech,2nd year,graduate,yes,yes
16105,24,male,bca,4th year,post graduate,yes,no
16106,24,other,b.tech,4th year,post graduate,yes,yes
16107,23,female,pharmacy,1st year,high school,yes,no
16108,22,male,diploma,4th year,post graduate,yes,yes
16109,23,female,ba,1st year,post graduate,yes,yes
16110,24,male,diploma,4th year,phd,no,no
16111,17,male,b.com,2nd year,high school,yes,no
16112,21,male,b.sc,2nd year,graduate,yes,yes
16113,17,male,b.tech,3rd year,phd,yes,no
16114,21,male,b.sc,2nd year,high school,yes,yes
16115,20,other,diploma,1st year,phd,yes,no
16116,19,female,bca,1st year,high school,yes,no
16117,24,female,b.com,3rd year,no formal,yes,no
16118,22,other,diploma,3rd year,no formal,yes,no
16119,21,other,ba,2nd year,graduate,no,yes
16120,24,other,b.sc,2nd year,graduate,yes,yes
16121,17,male,diploma,2nd year,high school,yes,no
16122,22,other,bba,4th year,phd,yes,yes
16123,18,other,bca,1st year,phd,no,no
16124,18,male,bca,3rd year,post graduate,yes,yes
16125,18,other,b.tech,2nd year,post graduate,yes,yes
16126,21,other,b.tech,1st year,graduate,yes,yes
16127,22,other,b.tech,1st year,post graduate,yes,yes
16128,23,female,b.com,2nd year,high school,yes,yes
16129,20,male,b.com,1st year,no formal,yes,no
16130,24,other,pharmacy,3rd year,graduate,no,yes
16131,19,female,nursing,2nd year,no formal,no,no
16132,18,other,nursing,4th year,no formal,yes,yes
16133,17,male,bba,1st year,graduate,yes,yes
16134,18,male,b.com,2nd year,high school,yes,yes
16135,20,other,ba,2nd year,high school,no,yes
16136,20,female,nursing,3rd year,graduate,yes,yes
16137,23,other,ba,2nd year,phd,yes,yes
16138,18,other,bca,1st year,no formal,no,yes
16139,19,female,b.sc,2nd year,high school,yes,no
16140,24,male,pharmacy,4th year,high school,no,yes
16141,17,other,bca,4th year,high school,yes,no
16142,20,other,pharmacy,3rd year,no formal,yes,yes
16143,18,female,b.com,4th year,high school,yes,no
16144,21,other,bca,4th year,no formal,yes,yes
16145,24,male,b.com,4th year,phd,yes,no
16146,18,female,bba,2nd year,high school,yes,no
16147,19,male,b.com,2nd year,high school,yes,yes
16148,20,female,b.sc,4th year,post graduate,yes,yes
16149,23,female,ba,4th year,graduate,yes,no
16150,24,female,bba,3rd year,high school,yes,yes
16151,17,male,b.sc,1st year,high school,yes,yes
16152,20,other,ba,1st year,no formal,no,no
16153,23,female,b.tech,2nd year,high school,yes,yes
16154,17,female,bca,3rd year,high school,yes,no
16155,23,other,b.com,3rd year,graduate,no,yes
16156,18,female,b.tech,2nd year,high school,no,yes
16157,21,other,bba,4th year,phd,no,yes
16158,24,male,nursing,4th year,post graduate,yes,yes
16159,22,other,pharmacy,1st year,graduate,yes,yes
16160,24,other,pharmacy,4th year,phd,yes,no
16161,21,other,b.sc,1st year,high school,no,yes
16162,18,other,b.sc,2nd year,post graduate,yes,no
16163,22,other,pharmacy,4th year,post graduate,yes,yes
16164,21,female,bca,2nd year,post graduate,yes,yes
16165,19,other,bba,3rd year,high school,no,yes
16166,17,other,nursing,4th year,post graduate,yes,yes
16167,22,female,b.tech,2nd year,no formal,yes,yes
16168,21,other,bba,4th year,high school,yes,yes
16169,23,male,bca,3rd year,phd,yes,no
16170,18,other,pharmacy,3rd year,post graduate,yes,no
16171,21,other,bba,1st year,high school,yes,yes
16172,23,male,bba,3rd year,graduate,yes,yes
16173,24,male,nursing,2nd year,graduate,yes,yes
16174,24,male,b.com,2nd year,graduate,yes,yes
16175,18,male,b.tech,4th year,high school,no,yes
16176,18,other,bba,2nd year,post graduate,yes,no
16177,21,female,bca,2nd year,no formal,yes,no
16178,20,female,bba,4th year,post graduate,yes,yes
16179,18,other,diploma,2nd year,graduate,yes,no
16180,17,female,b.com,3rd year,graduate,yes,yes
16181,18,other,b.tech,3rd year,post graduate,yes,yes
16182,19,other,nursing,1st year,phd,yes,yes
16183,22,male,nursing,3rd year,graduate,yes,no
16184,17,female,bca,2nd year,graduate,yes,no
16185,17,female,b.com,3rd year,graduate,yes,no
16186,19,female,ba,2nd year,graduate,yes,yes
16187,23,other,bba,1st year,high school,yes,yes
16188,24,female,ba,1st year,graduate,yes,no
16189,20,male,b.com,3rd year,no formal,yes,no
16190,17,female,ba,4th year,post graduate,yes,no
16191,17,female,b.com,2nd year,no formal,yes,no
16192,23,male,bba,1st year,phd,no,yes
16193,20,other,ba,4th year,high school,yes,yes
16194,17,male,bba,2nd year,post graduate,yes,yes
16195,23,male,nursing,2nd year,no formal,no,no
16196,21,female,b.com,4th year,high school,no,yes
16197,19,male,b.tech,1st year,phd,no,yes
16198,20,other,nursing,1st year,graduate,yes,no
16199,18,male,b.sc,1st year,graduate,yes,yes
16200,24,female,pharmacy,2nd year,high school,yes,yes
16201,23,male,bba,4th year,post graduate,yes,no
16202,18,female,bba,3rd year,post graduate,yes,no
16203,22,other,ba,4th year,graduate,yes,no
16204,18,female,diploma,2nd year,phd,yes,yes
16205,20,female,bca,2nd year,graduate,yes,yes
16206,22,male,pharmacy,2nd year,phd,yes,no
16207,17,male,b.tech,1st year,graduate,no,yes
16208,22,female,b.sc,3rd year,graduate,yes,yes
16209,18,female,b.com,2nd year,graduate,yes,no
16210,22,male,b.sc,4th year,high school,no,yes
16211,20,other,pharmacy,3rd year,post graduate,yes,yes
16212,17,female,b.tech,4th year,graduate,no,yes
16213,23,male,b.sc,1st year,high school,no,yes
16214,19,male,ba,1st year,high school,yes,yes
16215,24,female,b.com,2nd year,high school,no,yes
16216,23,female,b.com,3rd year,phd,yes,no
16217,18,other,bca,3rd year,high school,yes,yes
16218,21,female,bca,3rd year,high school,yes,yes
16219,19,female,nursing,4th year,post graduate,no,no
16220,21,other,bba,2nd year,phd,yes,yes
16221,21,female,pharmacy,2nd year,graduate,yes,no
16222,19,other,b.sc,2nd year,graduate,yes,yes
16223,22,female,b.sc,2nd year,post graduate,yes,no
16224,19,other,ba,3rd year,post graduate,yes,yes
16225,24,female,b.sc,4th year,no formal,yes,yes
16226,24,other,b.tech,2nd year,phd,yes,yes
16227,18,other,ba,2nd year,high school,yes,no
16228,22,female,bba,4th year,graduate,yes,yes
16229,24,male,b.com,2nd year,no formal,no,no
16230,18,male,b.com,1st year,post graduate,no,yes
16231,22,male,b.tech,2nd year,no formal,yes,yes
16232,24,male,b.sc,1st year,no formal,yes,no
16233,18,female,nursing,2nd year,phd,yes,no
16234,21,male,b.tech,4th year,no formal,yes,yes
16235,23,male,diploma,4th year,post graduate,yes,yes
16236,19,male,diploma,4th year,graduate,yes,no
16237,18,male,b.sc,2nd year,high school,no,yes
16238,20,female,b.com,2nd year,high school,yes,yes
16239,19,other,ba,4th year,no formal,yes,no
16240,22,other,bca,4th year,post graduate,yes,yes
16241,19,other,b.tech,1st year,phd,yes,no
16242,20,other,nursing,4th year,high school,yes,yes
16243,24,other,ba,1st year,phd,yes,yes
16244,21,male,bba,2nd year,no formal,yes,yes
16245,24,male,pharmacy,3rd year,phd,no,yes
16246,22,female,b.sc,3rd year,post graduate,no,no
16247,24,male,pharmacy,4th year,no formal,no,no
16248,18,male,bca,3rd year,phd,yes,yes
16249,24,other,ba,2nd year,no formal,yes,yes
16250,24,female,b.tech,2nd year,phd,yes,yes
16251,17,other,b.tech,3rd year,post graduate,yes,yes
16252,19,female,nursing,4th year,high school,yes,yes
16253,20,female,ba,4th year,phd,yes,no
16254,20,male,diploma,4th year,high school,yes,no
16255,23,male,nursing,3rd year,no formal,no,yes
16256,22,male,ba,2nd year,high school,yes,no
16257,18,other,b.com,4th year,phd,yes,no
16258,21,other,b.com,1st year,phd,yes,yes
16259,24,male,bca,4th year,phd,yes,no
16260,20,female,diploma,4th year,graduate,yes,yes
16261,24,female,ba,3rd year,no formal,yes,yes
16262,22,female,bca,3rd year,phd,yes,yes
16263,24,male,bba,3rd year,graduate,yes,yes
16264,24,male,b.sc,1st year,phd,yes,yes
16265,17,male,bba,1st year,no formal,yes,no
16266,23,male,diploma,3rd year,high school,yes,no
16267,18,male,pharmacy,1st year,high school,no,no
16268,23,female,ba,3rd year,graduate,yes,yes
16269,23,other,b.com,2nd year,phd,yes,no
16270,19,other,pharmacy,1st year,graduate,yes,no
16271,17,female,pharmacy,3rd year,post graduate,yes,yes
16272,20,male,nursing,2nd year,graduate,yes,yes
16273,19,female,ba,2nd year,phd,yes,no
16274,21,male,b.com,4th year,phd,yes,yes
16275,17,male,bca,3rd year,phd,yes,no
16276,17,other,b.com,4th year,no formal,no,yes
16277,20,female,diploma,2nd year,phd,yes,yes
16278,23,female,ba,2nd year,post graduate,yes,yes
16279,19,female,b.com,3rd year,high school,yes,yes
16280,19,male,nursing,1st year,high school,no,yes
16281,18,female,ba,4th year,phd,no,yes
16282,19,female,b.sc,2nd year,post graduate,yes,no
16283,19,other,nursing,2nd year,high school,yes,no
16284,19,female,b.com,3rd year,high school,yes,no
16285,19,male,bca,1st year,graduate,yes,yes
16286,19,other,bca,2nd year,graduate,yes,yes
16287,22,male,b.tech,1st year,phd,yes,yes
16288,19,male,b.tech,3rd year,post graduate,yes,no
16289,23,female,nursing,3rd year,phd,yes,yes
16290,21,other,b.tech,1st year,graduate,yes,yes
16291,22,male,b.com,1st year,phd,yes,no
16292,21,male,diploma,4th year,phd,no,no
16293,24,male,b.sc,2nd year,phd,no,yes
16294,19,other,bba,4th year,post graduate,no,no
16295,24,other,b.sc,3rd year,high school,yes,yes
16296,18,other,bca,4th year,no formal,yes,yes
16297,18,male,diploma,2nd year,graduate,yes,no
16298,23,other,b.com,2nd year,high school,yes,no
16299,24,male,b.com,3rd year,no formal,yes,yes
16300,17,other,bba,3rd year,high school,yes,yes
16301,21,other,nursing,3rd year,phd,yes,yes
16302,21,other,bba,2nd year,high school,yes,no
16303,18,other,diploma,3rd year,no formal,yes,yes
16304,21,male,ba,2nd year,high school,yes,yes
16305,22,female,b.sc,4th year,no formal,no,yes
16306,21,male,pharmacy,3rd year,no formal,yes,yes
16307,21,female,nursing,2nd year,graduate,yes,yes
16308,24,female,b.tech,4th year,phd,yes,yes
16309,18,other,b.com,1st year,high school,yes,yes
16310,21,female,ba,4th year,phd,no,no
16311,19,other,b.tech,2nd year,phd,yes,yes
16312,24,male,nursing,1st year,no formal,yes,yes
16313,19,male,b.sc,4th year,post graduate,yes,no
16314,23,other,b.sc,3rd year,post graduate,no,no
16315,22,male,b.com,1st year,post graduate,yes,yes
16316,18,other,pharmacy,2nd year,high school,yes,no
16317,23,female,b.com,2nd year,post graduate,no,yes
16318,18,other,ba,3rd year,graduate,no,yes
16319,19,female,diploma,4th year,high school,no,no
16320,19,female,b.sc,2nd year,no formal,yes,no
16321,22,other,b.tech,4th year,high school,yes,no
16322,20,other,b.tech,4th year,high school,yes,no
16323,21,male,b.sc,2nd year,graduate,yes,no
16324,21,other,b.com,4th year,graduate,yes,no
16325,18,female,pharmacy,4th year,no formal,yes,yes
16326,18,other,pharmacy,2nd year,post graduate,no,no
16327,19,female,bca,3rd year,no formal,yes,no
16328,18,other,pharmacy,4th year,graduate,yes,no
16329,24,female,b.tech,3rd year,no formal,yes,yes
16330,20,male,bca,3rd year,phd,yes,yes
16331,20,other,ba,4th year,high school,yes,no
16332,22,male,b.sc,3rd year,no formal,yes,no
16333,23,female,bba,2nd year,high school,no,yes
16334,22,other,bba,3rd year,graduate,yes,yes
16335,21,other,diploma,4th year,post graduate,yes,no
16336,24,other,ba,2nd year,no formal,yes,no
16337,24,female,ba,4th year,high school,yes,no
16338,18,other,b.com,1st year,no formal,yes,yes
16339,18,male,bba,2nd year,high school,yes,yes
16340,20,other,b.tech,1st year,high school,yes,no
16341,23,male,bca,4th year,graduate,yes,no
16342,24,other,ba,3rd year,no formal,yes,yes
16343,22,female,b.com,1st year,post graduate,yes,yes
16344,22,other,ba,1st year,post graduate,no,yes
16345,18,female,pharmacy,3rd year,phd,yes,yes
16346,21,other,diploma,2nd year,graduate,no,yes
16347,18,other,nursing,1st year,graduate,yes,yes
16348,21,other,ba,4th year,post graduate,yes,no
16349,18,male,ba,2nd year,phd,no,no
16350,17,female,b.tech,3rd year,no formal,yes,yes
16351,24,female,diploma,4th year,no formal,yes,yes
16352,24,male,b.tech,1st year,high school,yes,yes
16353,22,male,pharmacy,2nd year,no formal,yes,yes
16354,22,male,diploma,3rd year,graduate,yes,no
16355,18,other,bba,4th year,no formal,yes,yes
16356,21,female,bca,1st year,no formal,yes,no
16357,22,other,pharmacy,2nd year,post graduate,yes,yes
16358,21,other,b.sc,4th year,no formal,yes,no
16359,19,male,diploma,2nd year,high school,yes,no
16360,20,other,nursing,1st year,no formal,no,yes
16361,23,male,bca,2nd year,post graduate,yes,no
16362,19,female,bca,1st year,phd,yes,no
16363,24,other,bba,3rd year,post graduate,no,yes
16364,23,male,b.sc,4th year,graduate,yes,yes
16365,24,other,pharmacy,1st year,high school,no,yes
16366,21,female,b.com,2nd year,no formal,yes,no
16367,18,male,ba,3rd year,high school,yes,yes
16368,17,other,pharmacy,1st year,graduate,yes,yes
16369,21,male,b.tech,3rd year,no formal,no,yes
16370,20,female,ba,1st year,phd,yes,no
16371,17,female,bca,3rd year,post graduate,yes,no
16372,24,male,b.com,2nd year,no formal,yes,no
16373,24,female,diploma,4th year,phd,yes,yes
16374,19,female,bba,4th year,high school,no,yes
16375,22,male,b.com,4th year,post graduate,yes,no
16376,20,female,b.sc,1st year,phd,yes,yes
16377,20,male,b.com,4th year,high school,yes,no
16378,21,female,nursing,1st year,phd,yes,no
16379,20,male,bba,1st year,phd,yes,yes
16380,23,other,nursing,4th year,graduate,no,no
16381,18,other,diploma,4th year,post graduate,no,no
16382,22,other,nursing,2nd year,no formal,yes,no
16383,24,other,nursing,4th year,phd,yes,no
16384,23,male,bca,1st year,high school,yes,no
16385,17,female,ba,2nd year,high school,yes,no
16386,17,male,diploma,1st year,phd,yes,no
16387,22,male,pharmacy,3rd year,high school,yes,no
16388,24,female,b.com,4th year,post graduate,yes,no
16389,23,female,bba,3rd year,high school,yes,no
16390,24,male,nursing,3rd year,high school,yes,yes
16391,18,male,bca,1st year,phd,no,yes
16392,21,female,b.sc,3rd year,no formal,yes,yes
16393,22,male,ba,2nd year,post graduate,yes,yes
16394,21,male,b.com,3rd year,no formal,yes,yes
16395,23,female,bba,1st year,phd,no,yes
16396,18,male,pharmacy,3rd year,post graduate,yes,yes
16397,20,other,nursing,2nd year,post graduate,yes,yes
16398,20,other,pharmacy,4th year,post graduate,yes,yes
16399,24,other,diploma,4th year,no formal,no,yes
16400,18,male,bba,4th year,high school,yes,yes
16401,19,female,bca,2nd year,post graduate,no,yes
16402,17,other,bba,3rd year,graduate,yes,no
16403,18,female,b.tech,3rd year,no formal,yes,yes
16404,24,male,b.sc,4th year,post graduate,yes,no
16405,23,other,bba,4th year,high school,yes,yes
16406,19,male,bca,1st year,post graduate,no,yes
16407,22,other,b.com,4th year,post graduate,yes,yes
16408,21,male,b.tech,2nd year,high school,yes,no
16409,24,other,b.tech,4th year,no formal,yes,no
16410,19,male,b.com,3rd year,phd,yes,no
16411,24,other,nursing,2nd year,post graduate,no,yes
16412,19,female,ba,1st year,no formal,yes,yes
16413,22,male,pharmacy,4th year,no formal,yes,no
16414,20,other,pharmacy,1st year,graduate,yes,no
16415,22,other,nursing,1st year,phd,yes,yes
16416,19,other,pharmacy,1st year,high school,yes,no
16417,23,female,b.com,3rd year,graduate,yes,no
16418,22,male,pharmacy,2nd year,post graduate,yes,yes
16419,19,male,pharmacy,3rd year,phd,no,yes
16420,24,male,nursing,4th year,graduate,yes,no
16421,22,male,b.sc,2nd year,graduate,yes,no
16422,20,male,b.com,1st year,no formal,yes,yes
16423,18,female,bca,2nd year,graduate,yes,no
16424,24,other,b.tech,3rd year,graduate,yes,no
16425,23,female,nursing,3rd year,phd,yes,yes
16426,22,male,ba,1st year,graduate,yes,no
16427,23,female,b.tech,4th year,post graduate,yes,yes
16428,21,male,b.com,3rd year,graduate,yes,yes
16429,18,female,ba,2nd year,graduate,yes,yes
16430,18,other,bca,2nd year,no formal,no,yes
16431,17,male,bca,4th year,graduate,yes,yes
16432,17,other,ba,1st year,high school,yes,yes
16433,22,male,bca,2nd year,high school,yes,yes
16434,23,other,pharmacy,2nd year,phd,yes,no
16435,18,male,ba,3rd year,post graduate,yes,no
16436,21,male,ba,1st year,no formal,yes,no
16437,17,female,b.tech,4th year,graduate,yes,yes
16438,20,female,ba,2nd year,graduate,yes,yes
16439,23,female,b.com,3rd year,post graduate,yes,no
16440,23,male,diploma,3rd year,high school,yes,no
16441,24,other,b.sc,1st year,post graduate,yes,no
16442,19,other,bca,4th year,post graduate,yes,no
16443,24,other,diploma,2nd year,post graduate,yes,yes
16444,23,other,b.com,3rd year,graduate,yes,yes
16445,19,other,b.tech,3rd year,no formal,yes,yes
16446,19,male,diploma,3rd year,post graduate,yes,yes
16447,17,female,bca,3rd year,phd,yes,yes
16448,24,other,bca,3rd year,post graduate,yes,yes
16449,18,male,nursing,3rd year,graduate,yes,no
16450,19,female,b.tech,2nd year,graduate,yes,yes
16451,20,male,b.sc,4th year,no formal,yes,no
16452,18,other,bba,3rd year,phd,yes,yes
16453,23,other,bca,4th year,high school,no,no
16454,22,male,pharmacy,3rd year,post graduate,yes,yes
16455,18,other,bca,3rd year,graduate,yes,yes
16456,18,female,b.sc,2nd year,post graduate,yes,no
16457,17,other,nursing,2nd year,no formal,yes,no
16458,24,male,ba,4th year,post graduate,no,yes
16459,20,male,nursing,3rd year,graduate,yes,no
16460,22,other,b.com,2nd year,graduate,yes,no
16461,18,other,nursing,4th year,post graduate,yes,yes
16462,18,male,bba,1st year,post graduate,yes,no
16463,21,male,bca,1st year,post graduate,yes,no
16464,18,female,pharmacy,3rd year,post graduate,no,yes
16465,21,male,b.sc,2nd year,post graduate,yes,no
16466,24,other,b.com,4th year,phd,yes,no
16467,19,other,b.sc,3rd year,phd,yes,yes
16468,21,other,nursing,4th year,phd,yes,yes
16469,24,female,nursing,2nd year,graduate,yes,no
16470,24,female,nursing,2nd year,graduate,yes,yes
16471,17,female,b.com,2nd year,no formal,yes,no
16472,17,other,b.com,3rd year,post graduate,no,no
16473,24,female,ba,3rd year,post graduate,yes,yes
16474,24,female,diploma,4th year,high school,yes,yes
16475,19,female,diploma,1st year,no formal,yes,no
16476,21,female,pharmacy,1st year,phd,yes,no
16477,21,other,nursing,4th year,no formal,yes,no
16478,22,female,pharmacy,3rd year,post graduate,yes,no
16479,23,other,b.com,2nd year,phd,yes,no
16480,19,male,bca,2nd year,phd,no,yes
16481,24,female,bba,4th year,high school,yes,yes
16482,17,female,b.sc,4th year,post graduate,no,no
16483,17,other,pharmacy,1st year,phd,yes,no
16484,24,male,b.sc,2nd year,post graduate,no,no
16485,18,male,nursing,4th year,high school,yes,yes
16486,24,female,b.com,3rd year,no formal,yes,yes
16487,19,other,b.sc,4th year,graduate,yes,yes
16488,19,female,bca,1st year,post graduate,yes,no
16489,17,female,bba,3rd year,no formal,yes,yes
16490,24,male,ba,1st year,high school,yes,no
16491,19,other,pharmacy,2nd year,graduate,yes,yes
16492,18,other,diploma,1st year,graduate,yes,yes
16493,20,male,bca,2nd year,no formal,yes,yes
16494,18,other,nursing,2nd year,high school,yes,no
16495,23,male,nursing,1st year,phd,yes,yes
16496,17,female,b.sc,4th year,high school,yes,yes
16497,20,other,ba,2nd year,phd,no,yes
16498,20,other,pharmacy,1st year,phd,yes,no
16499,17,male,nursing,4th year,phd,yes,no
16500,17,male,b.tech,1st year,graduate,yes,yes
16501,21,other,b.com,1st year,high school,yes,yes
16502,20,male,b.com,4th year,high school,no,yes
16503,18,other,bba,2nd year,graduate,yes,no
16504,18,male,nursing,2nd year,post graduate,yes,yes
16505,23,male,bba,2nd year,phd,yes,yes
16506,22,female,b.sc,3rd year,no formal,yes,no
16507,21,other,bca,2nd year,phd,no,yes
16508,23,male,b.sc,1st year,high school,yes,yes
16509,17,other,diploma,4th year,high school,no,no
16510,22,other,pharmacy,4th year,high school,yes,yes
16511,23,male,bca,1st year,high school,no,yes
16512,18,male,pharmacy,3rd year,no formal,yes,yes
16513,21,female,bba,2nd year,high school,no,yes
16514,23,female,nursing,1st year,phd,yes,no
16515,21,male,pharmacy,2nd year,no formal,no,yes
16516,18,female,b.sc,3rd year,post graduate,yes,yes
16517,22,other,bca,1st year,phd,yes,yes
16518,23,male,b.com,2nd year,post graduate,yes,yes
16519,17,male,b.tech,2nd year,graduate,yes,yes
16520,21,other,b.com,2nd year,graduate,yes,yes
16521,21,female,b.sc,3rd year,graduate,no,no
16522,19,other,b.sc,2nd year,high school,yes,yes
16523,17,female,b.tech,4th year,phd,yes,yes
16524,17,other,pharmacy,3rd year,post graduate,no,no
16525,23,other,ba,3rd year,no formal,yes,yes
16526,23,female,b.sc,3rd year,post graduate,yes,no
16527,20,female,ba,4th year,high school,yes,yes
16528,24,female,diploma,1st year,graduate,yes,yes
16529,24,male,bca,4th year,no formal,no,yes
16530,22,female,b.tech,4th year,graduate,yes,no
16531,21,female,b.sc,1st year,no formal,yes,yes
16532,24,other,bba,1st year,high school,yes,no
16533,21,other,pharmacy,1st year,phd,yes,yes
16534,24,female,b.tech,3rd year,no formal,yes,no
16535,24,other,nursing,2nd year,high school,yes,yes
16536,18,female,b.tech,1st year,no formal,yes,no
16537,22,female,bba,2nd year,no formal,yes,no
16538,22,male,b.com,2nd year,post graduate,no,yes
16539,23,male,ba,1st year,graduate,no,yes
16540,19,other,pharmacy,3rd year,high school,yes,yes
16541,23,male,b.sc,1st year,no formal,yes,yes
16542,20,male,bca,3rd year,post graduate,yes,yes
16543,20,male,b.com,1st year,high school,no,no
16544,18,other,bca,4th year,graduate,no,no
16545,19,male,b.tech,2nd year,no formal,yes,yes
16546,24,male,b.com,3rd year,graduate,no,yes
16547,22,female,pharmacy,2nd year,phd,yes,no
16548,22,female,diploma,4th year,post graduate,no,no
16549,24,other,pharmacy,4th year,graduate,no,yes
16550,19,male,diploma,4th year,no formal,yes,yes
16551,22,female,b.sc,3rd year,high school,yes,yes
16552,19,male,bba,4th year,phd,yes,yes
16553,23,male,nursing,1st year,phd,yes,no
16554,20,male,diploma,2nd year,high school,no,yes
16555,23,male,bba,4th year,post graduate,yes,yes
16556,22,other,nursing,1st year,post graduate,no,yes
16557,23,other,b.sc,1st year,graduate,yes,yes
16558,24,male,pharmacy,3rd year,high school,no,no
16559,23,female,b.sc,2nd year,high school,yes,yes
16560,19,male,pharmacy,2nd year,graduate,yes,yes
16561,21,other,nursing,2nd year,high school,yes,no
16562,20,male,bba,4th year,graduate,yes,no
16563,17,female,bba,2nd year,no formal,yes,no
16564,21,male,b.tech,1st year,high school,no,yes
16565,20,female,b.com,3rd year,no formal,yes,yes
16566,20,other,b.com,4th year,high school,yes,no
16567,17,female,diploma,1st year,high school,yes,yes
16568,21,female,b.sc,1st year,graduate,no,yes
16569,21,other,nursing,3rd year,phd,yes,no
16570,17,other,b.com,4th year,phd,yes,no
16571,22,male,nursing,1st year,post graduate,yes,yes
16572,18,female,ba,3rd year,graduate,yes,no
16573,18,female,diploma,4th year,high school,yes,yes
16574,20,female,diploma,1st year,no formal,no,no
16575,20,female,pharmacy,2nd year,post graduate,yes,yes
16576,24,other,bba,3rd year,high school,no,no
16577,17,other,ba,3rd year,no formal,yes,yes
16578,19,male,bca,3rd year,phd,yes,no
16579,22,other,b.tech,1st year,high school,yes,no
16580,18,other,pharmacy,4th year,no formal,yes,no
16581,24,female,diploma,2nd year,graduate,no,no
16582,22,female,b.tech,3rd year,post graduate,yes,no
16583,24,male,b.sc,3rd year,high school,no,yes
16584,24,female,b.tech,3rd year,high school,yes,no
16585,17,male,diploma,2nd year,no formal,yes,yes
16586,20,other,bca,2nd year,graduate,yes,yes
16587,22,male,b.sc,1st year,graduate,yes,yes
16588,17,female,bba,3rd year,high school,yes,no
16589,20,female,bba,2nd year,phd,no,no
16590,22,other,bba,1st year,phd,no,no
16591,23,other,bca,1st year,phd,yes,yes
16592,20,other,nursing,4th year,graduate,yes,yes
16593,23,male,pharmacy,2nd year,phd,yes,yes
16594,22,male,b.sc,3rd year,high school,yes,no
16595,17,female,pharmacy,3rd year,post graduate,yes,yes
16596,19,female,bca,4th year,post graduate,yes,no
16597,24,male,b.sc,4th year,post graduate,yes,yes
16598,17,other,pharmacy,4th year,no formal,no,yes
16599,17,male,ba,4th year,no formal,yes,yes
16600,19,male,bba,1st year,phd,yes,yes
16601,24,other,pharmacy,2nd year,high school,yes,yes
16602,22,other,bca,2nd year,high school,yes,yes
16603,18,female,b.sc,4th year,post graduate,yes,yes
16604,20,male,b.tech,2nd year,phd,yes,no
16605,24,male,nursing,4th year,high school,no,yes
16606,18,male,ba,1st year,phd,yes,yes
16607,21,female,b.tech,3rd year,post graduate,yes,yes
16608,20,female,b.tech,1st year,no formal,yes,yes
16609,23,female,pharmacy,4th year,graduate,no,yes
16610,23,other,bca,4th year,phd,yes,yes
16611,23,other,bba,3rd year,phd,no,no
16612,17,other,bca,3rd year,phd,yes,no
16613,20,male,ba,2nd year,no formal,yes,yes
16614,22,female,pharmacy,3rd year,phd,no,no
16615,20,male,bca,3rd year,graduate,yes,yes
16616,22,male,bca,2nd year,graduate,yes,yes
16617,22,other,pharmacy,3rd year,graduate,yes,yes
16618,19,female,b.tech,1st year,post graduate,yes,no
16619,17,other,b.com,2nd year,graduate,no,no
16620,24,male,nursing,2nd year,no formal,yes,yes
16621,23,other,b.tech,4th year,high school,yes,no
16622,24,male,b.com,2nd year,phd,yes,no
16623,19,male,b.sc,4th year,no formal,no,yes
16624,19,male,diploma,4th year,high school,no,yes
16625,19,male,nursing,4th year,no formal,yes,no
16626,17,female,b.com,3rd year,post graduate,yes,yes
16627,18,male,diploma,2nd year,phd,yes,yes
16628,19,male,diploma,1st year,phd,no,no
16629,24,other,pharmacy,4th year,no formal,yes,yes
16630,18,male,pharmacy,3rd year,phd,no,yes
16631,21,female,bba,4th year,phd,yes,yes
16632,21,other,b.tech,3rd year,phd,yes,yes
16633,19,female,diploma,4th year,phd,yes,no
16634,24,male,bba,1st year,phd,yes,no
16635,17,male,bba,1st year,no formal,yes,no
16636,23,other,bba,1st year,post graduate,no,yes
16637,22,other,bca,2nd year,phd,yes,yes
16638,19,female,b.com,1st year,graduate,yes,yes
16639,23,other,b.com,1st year,phd,yes,yes
16640,20,male,ba,4th year,no formal,yes,no
16641,24,male,bba,1st year,graduate,yes,no
16642,17,other,diploma,4th year,phd,yes,yes
16643,17,other,b.tech,3rd year,graduate,yes,yes
16644,21,female,b.com,3rd year,graduate,no,yes
16645,24,female,diploma,1st year,high school,yes,yes
16646,17,other,b.tech,1st year,post graduate,yes,yes
16647,23,female,nursing,1st year,phd,yes,no
16648,24,female,diploma,2nd year,high school,yes,no
16649,20,female,b.com,4th year,graduate,no,no
16650,23,female,bca,2nd year,graduate,yes,no
16651,23,female,bba,1st year,post graduate,yes,no
16652,18,female,b.com,2nd year,graduate,yes,no
16653,23,other,b.sc,2nd year,post graduate,yes,no
16654,22,female,pharmacy,3rd year,phd,yes,yes
16655,17,male,nursing,4th year,high school,yes,yes
16656,21,female,pharmacy,1st year,high school,yes,no
16657,22,female,b.sc,4th year,graduate,yes,yes
16658,23,male,pharmacy,1st year,graduate,yes,yes
16659,23,male,bca,2nd year,graduate,yes,yes
16660,20,male,bba,3rd year,no formal,yes,yes
16661,19,male,ba,1st year,no formal,yes,yes
16662,18,male,b.com,2nd year,graduate,yes,no
16663,17,other,b.com,3rd year,post graduate,yes,no
16664,22,other,b.sc,3rd year,graduate,yes,yes
16665,24,male,nursing,1st year,post graduate,yes,yes
16666,17,female,pharmacy,4th year,no formal,no,no
16667,22,male,pharmacy,2nd year,phd,yes,no
16668,21,other,pharmacy,3rd year,post graduate,yes,yes
16669,18,female,b.sc,1st year,post graduate,yes,no
16670,18,male,diploma,4th year,phd,no,yes
16671,19,female,nursing,4th year,phd,yes,no
16672,22,female,bba,3rd year,phd,yes,no
16673,19,male,bca,1st year,graduate,yes,yes
16674,23,male,ba,4th year,post graduate,yes,yes
16675,19,male,nursing,2nd year,graduate,yes,yes
16676,17,other,diploma,3rd year,no formal,yes,yes
16677,17,other,bca,3rd year,phd,no,yes
16678,20,other,b.tech,4th year,post graduate,yes,no
16679,20,female,pharmacy,4th year,post graduate,yes,yes
16680,22,female,bba,2nd year,post graduate,no,yes
16681,20,male,pharmacy,1st year,high school,yes,yes
16682,18,female,diploma,2nd year,post graduate,no,yes
16683,18,male,bba,2nd year,high school,yes,yes
16684,21,other,diploma,2nd year,post graduate,yes,yes
16685,19,other,b.com,2nd year,phd,yes,no
16686,22,male,bba,3rd year,post graduate,yes,no
16687,24,other,b.tech,3rd year,graduate,no,no
16688,19,female,diploma,2nd year,post graduate,no,yes
16689,21,female,b.com,3rd year,no formal,yes,no
16690,23,other,b.tech,4th year,phd,yes,yes
16691,18,other,nursing,3rd year,graduate,yes,no
16692,21,male,b.com,3rd year,graduate,yes,yes
16693,19,other,b.com,2nd year,high school,yes,no
16694,22,female,b.sc,2nd year,no formal,yes,no
16695,22,male,bca,1st year,high school,no,yes
16696,18,other,ba,3rd year,phd,yes,yes
16697,18,female,bca,1st year,no formal,yes,yes
16698,17,male,ba,4th year,post graduate,yes,yes
16699,17,male,diploma,4th year,phd,yes,no
16700,17,male,ba,4th year,post graduate,yes,yes
16701,22,male,nursing,1st year,high school,no,no
16702,24,female,bba,3rd year,high school,yes,yes
16703,20,female,b.tech,2nd year,high school,yes,yes
16704,24,other,ba,1st year,no formal,yes,yes
16705,22,male,b.com,3rd year,graduate,yes,no
16706,23,female,bba,4th year,post graduate,yes,no
16707,22,female,b.sc,2nd year,graduate,yes,no
16708,18,female,diploma,4th year,no formal,yes,no
16709,21,other,bca,1st year,phd,yes,yes
16710,21,male,b.sc,4th year,graduate,yes,yes
16711,22,female,pharmacy,3rd year,graduate,yes,no
16712,23,male,ba,3rd year,graduate,yes,no
16713,17,female,b.sc,3rd year,post graduate,yes,no
16714,22,male,b.tech,1st year,no formal,yes,no
16715,23,other,b.com,2nd year,high school,yes,yes
16716,17,male,b.tech,4th year,graduate,yes,yes
16717,20,other,bba,2nd year,high school,no,yes
16718,24,male,bca,1st year,no formal,yes,no
16719,17,male,ba,2nd year,phd,yes,yes
16720,18,male,nursing,1st year,high school,yes,yes
16721,23,female,pharmacy,2nd year,high school,no,yes
16722,18,female,b.com,3rd year,phd,yes,no
16723,22,female,bca,1st year,high school,yes,yes
16724,24,female,ba,2nd year,graduate,yes,yes
16725,20,other,b.com,3rd year,graduate,no,yes
16726,20,male,b.sc,4th year,phd,yes,yes
16727,20,female,bba,1st year,phd,no,no
16728,19,female,b.sc,3rd year,graduate,yes,yes
16729,20,female,diploma,3rd year,no formal,yes,yes
16730,21,male,nursing,1st year,phd,yes,no
16731,24,male,ba,1st year,post graduate,yes,yes
16732,24,female,bca,3rd year,no formal,yes,yes
16733,23,female,pharmacy,4th year,no formal,no,no
16734,17,other,diploma,4th year,high school,yes,yes
16735,19,female,ba,4th year,phd,yes,yes
16736,23,female,nursing,4th year,high school,yes,yes
16737,21,male,b.tech,3rd year,phd,yes,yes
16738,19,male,bca,1st year,no formal,no,no
16739,19,female,b.com,3rd year,graduate,no,yes
16740,17,female,b.sc,2nd year,phd,yes,yes
16741,19,male,bba,2nd year,post graduate,yes,no
16742,20,other,diploma,1st year,graduate,yes,yes
16743,20,male,diploma,1st year,high school,yes,yes
16744,21,male,diploma,4th year,graduate,yes,yes
16745,19,female,b.com,1st year,high school,yes,no
16746,18,other,ba,3rd year,graduate,yes,yes
16747,24,female,b.sc,2nd year,no formal,yes,yes
16748,20,female,bca,2nd year,high school,yes,no
16749,19,other,nursing,2nd year,post graduate,yes,no
16750,22,male,bba,2nd year,phd,no,yes
16751,21,female,b.com,2nd year,graduate,yes,no
16752,21,female,b.com,4th year,post graduate,yes,yes
16753,18,female,bca,3rd year,graduate,yes,no
16754,22,other,diploma,4th year,no formal,yes,yes
16755,18,other,bba,4th year,phd,yes,yes
16756,23,female,b.com,2nd year,graduate,yes,yes
16757,20,other,ba,4th year,no formal,yes,yes
16758,20,other,b.com,1st year,no formal,yes,no
16759,20,female,b.tech,3rd year,high school,yes,yes
16760,20,other,ba,2nd year,post graduate,no,yes
16761,22,female,nursing,1st year,high school,no,no
16762,20,male,bca,4th year,graduate,yes,yes
16763,18,male,b.sc,3rd year,no formal,no,yes
16764,21,male,nursing,3rd year,phd,no,yes
16765,19,male,b.sc,3rd year,phd,yes,yes
16766,17,male,bca,4th year,phd,no,yes
16767,23,male,bca,4th year,post graduate,yes,yes
16768,19,female,diploma,2nd year,no formal,yes,no
16769,21,female,diploma,2nd year,no formal,yes,no
16770,18,female,b.com,2nd year,no formal,yes,no
16771,19,female,diploma,4th year,graduate,yes,no
16772,20,male,bca,1st year,phd,yes,yes
16773,18,female,ba,4th year,post graduate,yes,yes
16774,24,other,b.tech,2nd year,graduate,yes,no
16775,19,male,bca,4th year,post graduate,yes,yes
16776,21,male,bba,1st year,graduate,no,yes
16777,21,female,bba,4th year,post graduate,no,yes
16778,20,other,diploma,3rd year,graduate,no,yes
16779,21,female,diploma,4th year,post graduate,yes,yes
16780,21,other,b.sc,2nd year,graduate,no,yes
16781,17,male,b.com,4th year,post graduate,yes,no
16782,22,male,pharmacy,4th year,post graduate,yes,no
16783,17,female,bca,1st year,high school,yes,no
16784,20,male,ba,2nd year,phd,yes,no
16785,19,male,pharmacy,2nd year,graduate,yes,yes
16786,20,male,diploma,1st year,post graduate,yes,no
16787,17,male,nursing,4th year,graduate,no,no
16788,22,other,bba,1st year,high school,no,yes
16789,20,other,b.sc,2nd year,no formal,yes,yes
16790,17,female,diploma,2nd year,high school,yes,no
16791,17,other,nursing,2nd year,phd,yes,yes
16792,21,other,bca,3rd year,phd,no,yes
16793,22,male,ba,1st year,no formal,yes,yes
16794,21,female,b.sc,3rd year,graduate,yes,yes
16795,22,other,b.com,2nd year,high school,yes,yes
16796,23,female,pharmacy,3rd year,graduate,no,yes
16797,23,female,b.sc,1st year,post graduate,yes,yes
16798,24,other,bca,4th year,no formal,no,yes
16799,24,female,bca,3rd year,phd,yes,no
16800,23,female,bba,2nd year,phd,yes,no
16801,20,other,pharmacy,4th year,phd,yes,yes
16802,21,other,diploma,2nd year,graduate,no,no
16803,21,female,pharmacy,2nd year,post graduate,yes,yes
16804,18,female,b.com,1st year,phd,yes,yes
16805,22,male,diploma,2nd year,no formal,yes,yes
16806,21,male,diploma,1st year,no formal,yes,yes
16807,21,other,pharmacy,3rd year,phd,yes,yes
16808,23,male,ba,2nd year,high school,yes,yes
16809,22,other,b.com,1st year,no formal,yes,no
16810,24,male,nursing,3rd year,high school,yes,yes
16811,24,female,diploma,4th year,post graduate,yes,yes
16812,23,other,b.com,4th year,high school,yes,no
16813,19,other,b.com,2nd year,high school,yes,no
16814,18,female,nursing,2nd year,phd,yes,yes
16815,19,other,bca,1st year,phd,yes,yes
16816,22,female,pharmacy,2nd year,graduate,yes,no
16817,23,other,bca,1st year,high school,yes,no
16818,24,male,pharmacy,4th year,phd,yes,yes
16819,22,male,b.com,1st year,post graduate,yes,yes
16820,22,female,diploma,4th year,post graduate,no,yes
16821,24,other,b.sc,2nd year,high school,no,yes
16822,22,other,diploma,3rd year,high school,no,yes
16823,18,female,ba,4th year,no formal,yes,no
16824,21,female,bba,2nd year,graduate,yes,no
16825,19,female,nursing,4th year,no formal,yes,no
16826,22,other,b.tech,2nd year,phd,yes,no
16827,22,male,b.com,2nd year,high school,yes,yes
16828,19,male,bca,3rd year,post graduate,yes,yes
16829,19,female,ba,1st year,no formal,yes,yes
16830,17,male,bca,1st year,high school,yes,yes
16831,19,male,ba,2nd year,high school,yes,no
16832,23,female,b.tech,3rd year,phd,no,yes
16833,22,male,pharmacy,2nd year,phd,no,yes
16834,24,male,diploma,1st year,graduate,yes,yes
16835,24,female,bca,3rd year,no formal,yes,yes
16836,23,other,b.sc,3rd year,phd,no,yes
16837,18,female,b.sc,2nd year,high school,yes,yes
16838,19,other,bca,3rd year,post graduate,yes,no
16839,17,male,b.tech,2nd year,high school,no,no
16840,17,male,bba,1st year,graduate,yes,yes
16841,18,male,pharmacy,3rd year,no formal,yes,yes
16842,19,other,nursing,2nd year,graduate,yes,yes
16843,17,male,bba,4th year,post graduate,yes,no
16844,23,male,b.com,1st year,phd,no,yes
16845,21,male,b.tech,1st year,phd,yes,yes
16846,22,other,b.sc,4th year,phd,yes,yes
16847,22,female,b.com,4th year,phd,yes,yes
16848,24,female,bba,4th year,graduate,yes,no
16849,18,male,diploma,4th year,high school,no,yes
16850,19,other,bba,2nd year,no formal,no,yes
16851,19,male,nursing,3rd year,no formal,yes,no
16852,21,male,b.sc,1st year,no formal,yes,yes
16853,21,other,ba,2nd year,post graduate,yes,yes
16854,23,other,bca,4th year,high school,yes,yes
16855,21,female,b.tech,3rd year,graduate,yes,no
16856,18,other,pharmacy,4th year,high school,yes,no
16857,21,female,pharmacy,4th year,graduate,no,yes
16858,24,female,diploma,4th year,graduate,yes,yes
16859,21,female,diploma,3rd year,graduate,yes,no
16860,21,female,b.sc,2nd year,no formal,yes,no
16861,18,other,b.sc,3rd year,phd,yes,no
16862,17,female,b.com,1st year,graduate,yes,no
16863,18,male,b.sc,3rd year,post graduate,yes,no
16864,17,female,bca,4th year,phd,no,yes
16865,20,female,pharmacy,1st year,no formal,no,no
16866,24,female,diploma,2nd year,high school,yes,yes
16867,20,female,nursing,4th year,graduate,yes,yes
16868,22,female,pharmacy,2nd year,post graduate,yes,yes
16869,23,other,bca,3rd year,graduate,yes,no
16870,23,other,b.tech,4th year,no formal,yes,yes
16871,22,other,pharmacy,4th year,post graduate,no,no
16872,23,female,bba,3rd year,post graduate,yes,yes
16873,19,male,bba,1st year,no formal,yes,no
16874,20,male,pharmacy,1st year,phd,no,yes
16875,20,other,diploma,4th year,phd,yes,yes
16876,23,other,b.tech,4th year,high school,yes,yes
16877,20,male,diploma,2nd year,post graduate,no,no
16878,24,male,pharmacy,3rd year,phd,no,no
16879,18,other,b.com,1st year,graduate,yes,yes
16880,18,male,bba,1st year,no formal,yes,no
16881,22,male,b.tech,2nd year,graduate,yes,no
16882,23,other,diploma,1st year,high school,yes,yes
16883,22,male,b.sc,3rd year,phd,yes,no
16884,19,male,ba,3rd year,no formal,no,yes
16885,17,other,bca,1st year,phd,yes,no
16886,19,male,nursing,3rd year,high school,yes,no
16887,20,other,b.com,2nd year,high school,yes,no
16888,20,female,pharmacy,1st year,high school,no,no
16889,24,female,b.tech,1st year,no formal,yes,no
16890,23,other,b.sc,3rd year,post graduate,no,no
16891,23,male,b.sc,4th year,post graduate,yes,yes
16892,17,male,diploma,2nd year,high school,yes,yes
16893,18,male,ba,3rd year,no formal,yes,yes
16894,20,female,b.tech,2nd year,phd,yes,no
16895,21,other,nursing,4th year,post graduate,yes,yes
16896,22,male,b.com,4th year,high school,yes,yes
16897,19,female,diploma,2nd year,post graduate,yes,yes
16898,17,female,bba,2nd year,high school,yes,no
16899,19,male,b.sc,3rd year,post graduate,no,yes
16900,23,female,bca,4th year,graduate,no,yes
16901,24,male,nursing,3rd year,no formal,yes,no
16902,24,male,ba,2nd year,post graduate,yes,yes
16903,21,female,nursing,4th year,no formal,yes,yes
16904,17,other,b.com,1st year,phd,yes,yes
16905,24,female,b.com,2nd year,no formal,yes,yes
16906,18,female,b.sc,1st year,phd,yes,no
16907,19,other,b.sc,4th year,high school,yes,yes
16908,24,other,b.com,4th year,graduate,yes,no
16909,21,other,bca,4th year,phd,no,no
16910,18,other,b.sc,1st year,phd,yes,yes
16911,21,other,bba,4th year,graduate,yes,yes
16912,17,other,b.com,1st year,high school,yes,no
16913,19,other,b.sc,4th year,post graduate,yes,yes
16914,24,other,nursing,2nd year,phd,yes,yes
16915,19,female,bba,2nd year,high school,no,no
16916,24,male,b.com,3rd year,high school,yes,no
16917,21,female,bca,4th year,phd,yes,yes
16918,22,other,pharmacy,2nd year,high school,yes,yes
16919,22,other,b.com,4th year,graduate,yes,yes
16920,21,female,b.com,1st year,high school,yes,no
16921,17,male,diploma,4th year,graduate,yes,yes
16922,24,male,bba,3rd year,graduate,yes,yes
16923,20,female,diploma,3rd year,graduate,yes,no
16924,22,female,b.sc,4th year,graduate,yes,no
16925,21,female,pharmacy,1st year,high school,no,no
16926,22,male,b.tech,4th year,no formal,no,no
16927,19,male,b.com,1st year,post graduate,no,no
16928,23,female,bca,4th year,high school,yes,yes
16929,18,female,bba,3rd year,no formal,yes,yes
16930,22,other,ba,2nd year,graduate,no,yes
16931,21,male,pharmacy,1st year,phd,yes,no
16932,21,female,ba,1st year,post graduate,no,yes
16933,17,other,diploma,1st year,graduate,no,no
16934,20,male,ba,1st year,phd,yes,yes
16935,17,male,ba,3rd year,post graduate,yes,yes
16936,21,male,diploma,4th year,phd,no,yes
16937,22,female,ba,4th year,phd,yes,yes
16938,21,other,ba,3rd year,graduate,yes,yes
16939,23,female,nursing,4th year,no formal,yes,yes
16940,19,female,b.tech,3rd year,graduate,no,yes
16941,19,other,ba,1st year,phd,yes,yes
16942,20,female,b.com,2nd year,post graduate,yes,yes
16943,18,female,bba,4th year,high school,yes,yes
16944,23,other,bca,2nd year,phd,yes,yes
16945,23,male,ba,2nd year,phd,yes,no
16946,20,other,pharmacy,2nd year,post graduate,yes,no
16947,23,male,pharmacy,4th year,no formal,yes,yes
16948,17,female,b.sc,2nd year,post graduate,yes,yes
16949,18,male,bca,2nd year,phd,yes,no
16950,19,female,b.com,2nd year,graduate,yes,no
16951,20,female,diploma,2nd year,post graduate,yes,yes
16952,18,male,bba,1st year,phd,yes,yes
16953,21,other,pharmacy,2nd year,post graduate,yes,no
16954,23,other,pharmacy,1st year,post graduate,yes,no
16955,20,male,b.tech,4th year,graduate,no,no
16956,20,female,b.tech,1st year,no formal,yes,no
16957,17,other,b.tech,4th year,high school,no,yes
16958,19,other,nursing,4th year,graduate,yes,no
16959,23,male,b.com,3rd year,post graduate,yes,yes
16960,23,male,diploma,4th year,high school,yes,yes
16961,17,female,b.com,4th year,high school,yes,no
16962,17,female,b.com,4th year,high school,yes,no
16963,23,male,bca,2nd year,high school,yes,no
16964,18,female,diploma,4th year,post graduate,yes,yes
16965,21,female,bca,2nd year,no formal,yes,yes
16966,23,female,bca,1st year,post graduate,yes,no
16967,23,female,diploma,3rd year,no formal,no,yes
16968,21,other,b.sc,1st year,phd,no,yes
16969,20,other,bca,1st year,post graduate,yes,no
16970,23,other,b.com,1st year,phd,yes,yes
16971,22,male,b.sc,4th year,high school,no,yes
16972,23,female,b.com,1st year,graduate,yes,no
16973,21,male,b.sc,2nd year,graduate,yes,yes
16974,24,other,b.com,3rd year,no formal,yes,no
16975,23,female,b.tech,4th year,post graduate,yes,no
16976,17,male,diploma,1st year,no formal,no,yes
16977,19,other,ba,4th year,phd,yes,yes
16978,23,female,bca,4th year,phd,yes,no
16979,17,male,diploma,4th year,high school,yes,no
16980,22,male,nursing,3rd year,high school,yes,no
16981,19,other,b.tech,3rd year,no formal,yes,no
16982,18,male,bba,1st year,high school,yes,no
16983,21,female,ba,1st year,high school,yes,yes
16984,24,other,ba,4th year,post graduate,yes,yes
16985,24,male,nursing,4th year,post graduate,yes,yes
16986,20,male,b.tech,4th year,no formal,yes,yes
16987,17,male,b.com,3rd year,no formal,yes,yes
16988,24,other,nursing,3rd year,post graduate,yes,no
16989,24,female,ba,1st year,graduate,yes,yes
16990,21,male,b.tech,1st year,phd,yes,yes
16991,22,male,b.sc,1st year,post graduate,yes,no
16992,21,other,b.com,2nd year,post graduate,yes,yes
16993,17,male,b.com,2nd year,phd,yes,yes
16994,18,male,diploma,3rd year,graduate,yes,no
16995,18,female,b.sc,4th year,post graduate,yes,yes
16996,24,female,diploma,3rd year,no formal,yes,yes
16997,17,female,b.com,4th year,no formal,yes,no
16998,21,other,b.tech,2nd year,high school,yes,no
16999,19,male,b.tech,4th year,high school,yes,no
17000,17,female,bca,4th year,high school,yes,no
17001,24,male,diploma,2nd year,post graduate,yes,no
17002,17,female,b.sc,2nd year,high school,no,no
17003,23,male,b.com,4th year,post graduate,yes,no
17004,23,other,diploma,4th year,no formal,yes,yes
17005,23,other,nursing,2nd year,high school,yes,yes
17006,18,other,diploma,1st year,graduate,yes,no
17007,24,male,bca,3rd year,phd,yes,yes
17008,21,male,diploma,4th year,high school,no,yes
17009,20,other,b.com,2nd year,graduate,yes,no
17010,22,female,b.tech,1st year,graduate,yes,no
17011,19,male,bca,3rd year,no formal,yes,yes
17012,19,female,bca,4th year,high school,yes,no
17013,19,other,nursing,4th year,high school,yes,no
17014,21,other,b.com,4th year,graduate,yes,no
17015,21,male,pharmacy,2nd year,no formal,yes,yes
17016,18,male,bba,2nd year,post graduate,yes,no
17017,18,other,ba,1st year,graduate,yes,no
17018,24,female,pharmacy,1st year,no formal,yes,yes
17019,21,other,bba,4th year,high school,yes,no
17020,23,other,b.tech,4th year,graduate,yes,yes
17021,19,female,b.com,3rd year,high school,no,no
17022,19,female,bca,4th year,post graduate,yes,yes
17023,19,female,b.com,2nd year,post graduate,yes,yes
17024,21,female,b.sc,4th year,post graduate,yes,yes
17025,23,male,b.com,2nd year,post graduate,yes,yes
17026,21,other,bba,2nd year,phd,yes,yes
17027,19,female,b.tech,3rd year,graduate,yes,yes
17028,24,male,bba,1st year,post graduate,no,yes
17029,21,female,diploma,2nd year,high school,yes,no
17030,20,female,bba,2nd year,post graduate,no,yes
17031,17,other,diploma,2nd year,graduate,yes,yes
17032,21,other,bca,3rd year,phd,yes,yes
17033,21,female,bba,2nd year,no formal,no,yes
17034,24,other,pharmacy,1st year,phd,yes,yes
17035,18,male,bca,3rd year,high school,yes,no
17036,18,other,nursing,1st year,phd,yes,no
17037,24,female,bca,4th year,high school,yes,yes
17038,21,female,pharmacy,4th year,post graduate,yes,no
17039,17,female,ba,2nd year,high school,yes,no
17040,17,male,b.sc,3rd year,phd,yes,no
17041,20,other,b.sc,3rd year,post graduate,yes,no
17042,21,female,pharmacy,3rd year,high school,yes,no
17043,18,other,nursing,1st year,no formal,no,yes
17044,19,male,b.com,4th year,phd,yes,yes
17045,22,male,bba,4th year,phd,no,yes
17046,24,other,b.tech,3rd year,no formal,yes,no
17047,20,other,pharmacy,4th year,high school,yes,yes
17048,20,male,ba,2nd year,high school,yes,yes
17049,19,male,ba,4th year,high school,yes,yes
17050,18,female,b.com,4th year,no formal,yes,no
17051,17,male,b.tech,3rd year,post graduate,yes,no
17052,23,female,diploma,4th year,post graduate,yes,yes
17053,17,male,b.com,1st year,post graduate,yes,yes
17054,23,male,b.tech,1st year,graduate,yes,yes
17055,18,male,pharmacy,3rd year,phd,yes,yes
17056,22,male,bba,2nd year,post graduate,no,yes
17057,24,male,b.tech,3rd year,no formal,yes,yes
17058,22,female,b.com,2nd year,graduate,no,yes
17059,22,male,bba,4th year,no formal,yes,yes
17060,19,male,b.sc,1st year,graduate,yes,yes
17061,21,male,pharmacy,4th year,high school,yes,no
17062,22,other,nursing,1st year,phd,yes,yes
17063,20,male,nursing,2nd year,phd,yes,no
17064,17,other,bba,1st year,graduate,yes,yes
17065,24,male,pharmacy,3rd year,post graduate,yes,yes
17066,18,male,b.com,3rd year,post graduate,yes,yes
17067,24,female,bba,4th year,graduate,no,no
17068,24,other,diploma,1st year,phd,no,yes
17069,17,male,bba,2nd year,post graduate,yes,yes
17070,22,male,nursing,4th year,high school,yes,yes
17071,22,other,b.tech,1st year,high school,yes,no
17072,18,male,ba,3rd year,graduate,yes,yes
17073,23,male,nursing,1st year,phd,yes,no
17074,17,male,b.sc,2nd year,no formal,yes,yes
17075,18,other,ba,4th year,graduate,no,yes
17076,24,other,pharmacy,4th year,graduate,yes,yes
17077,22,other,bca,1st year,phd,yes,yes
17078,17,female,ba,3rd year,post graduate,yes,no
17079,18,male,ba,2nd year,high school,yes,no
17080,19,male,b.sc,4th year,no formal,yes,yes
17081,17,other,diploma,4th year,no formal,yes,yes
17082,18,other,b.tech,4th year,no formal,no,no
17083,21,male,b.sc,1st year,graduate,yes,yes
17084,17,other,b.sc,4th year,post graduate,yes,yes
17085,19,other,diploma,4th year,post graduate,no,no
17086,19,other,pharmacy,4th year,post graduate,no,yes
17087,24,other,b.tech,2nd year,graduate,yes,no
17088,24,female,pharmacy,3rd year,graduate,yes,yes
17089,23,male,pharmacy,1st year,phd,yes,yes
17090,19,other,bba,2nd year,high school,no,yes
17091,21,male,b.tech,4th year,graduate,no,yes
17092,21,female,diploma,3rd year,high school,yes,yes
17093,23,other,bba,2nd year,high school,no,no
17094,22,male,nursing,3rd year,no formal,yes,yes
17095,24,other,b.com,1st year,post graduate,yes,yes
17096,21,other,bca,4th year,graduate,yes,no
17097,24,female,pharmacy,3rd year,high school,no,no
17098,22,male,diploma,3rd year,post graduate,yes,yes
17099,22,male,bca,2nd year,no formal,no,yes
17100,22,other,pharmacy,1st year,phd,yes,yes
17101,19,male,bba,2nd year,no formal,no,no
17102,21,other,b.sc,2nd year,graduate,yes,no
17103,19,male,pharmacy,2nd year,high school,yes,no
17104,22,female,b.sc,2nd year,no formal,yes,no
17105,19,female,bba,3rd year,no formal,yes,yes
17106,23,male,diploma,2nd year,high school,yes,no
17107,21,other,nursing,2nd year,post graduate,yes,no
17108,22,other,diploma,3rd year,post graduate,yes,no
17109,18,male,ba,1st year,phd,yes,no
17110,23,other,b.sc,4th year,post graduate,yes,yes
17111,23,other,b.tech,3rd year,graduate,yes,no
17112,18,other,b.com,2nd year,post graduate,yes,yes
17113,19,female,pharmacy,3rd year,phd,yes,yes
17114,22,female,diploma,4th year,graduate,yes,no
17115,23,female,ba,4th year,graduate,yes,yes
17116,22,male,bba,4th year,no formal,yes,no
17117,20,male,ba,1st year,no formal,yes,no
17118,19,male,pharmacy,1st year,phd,yes,no
17119,24,male,bba,3rd year,phd,yes,no
17120,23,other,nursing,2nd year,high school,yes,no
17121,24,female,b.tech,1st year,phd,yes,no
17122,19,female,bba,4th year,no formal,yes,yes
17123,20,other,bca,2nd year,phd,yes,no
17124,18,other,diploma,4th year,graduate,yes,yes
17125,24,other,b.tech,3rd year,graduate,no,no
17126,23,male,bca,1st year,post graduate,no,yes
17127,18,male,nursing,1st year,high school,yes,no
17128,18,male,b.tech,3rd year,graduate,no,no
17129,21,male,b.com,3rd year,high school,yes,yes
17130,20,female,ba,2nd year,post graduate,yes,no
17131,20,other,b.com,1st year,graduate,yes,no
17132,19,female,ba,3rd year,graduate,yes,yes
17133,22,other,pharmacy,1st year,post graduate,no,yes
17134,24,female,pharmacy,1st year,phd,no,no
17135,24,other,bca,2nd year,phd,yes,no
17136,20,male,nursing,2nd year,post graduate,no,yes
17137,23,male,nursing,2nd year,no formal,no,yes
17138,22,other,b.tech,2nd year,post graduate,yes,no
17139,18,female,ba,3rd year,post graduate,yes,no
17140,23,female,nursing,3rd year,no formal,yes,no
17141,19,other,ba,1st year,no formal,yes,no
17142,22,other,bca,1st year,graduate,yes,yes
17143,22,male,ba,3rd year,high school,yes,no
17144,24,female,b.tech,3rd year,post graduate,yes,yes
17145,24,female,bca,1st year,post graduate,no,no
17146,23,female,ba,4th year,high school,yes,yes
17147,21,other,diploma,1st year,no formal,yes,no
17148,20,other,nursing,3rd year,high school,yes,no
17149,20,male,b.tech,1st year,phd,yes,yes
17150,24,female,ba,4th year,phd,no,yes
17151,18,female,ba,3rd year,graduate,yes,no
17152,21,female,diploma,4th year,phd,yes,no
17153,22,male,ba,4th year,graduate,no,no
17154,17,female,bca,1st year,phd,no,no
17155,22,other,pharmacy,4th year,no formal,no,yes
17156,19,male,bca,1st year,graduate,yes,no
17157,19,female,b.tech,3rd year,no formal,yes,no
17158,21,other,bba,3rd year,no formal,yes,yes
17159,17,female,nursing,4th year,no formal,yes,yes
17160,18,female,bba,3rd year,no formal,yes,no
17161,20,male,pharmacy,3rd year,phd,yes,no
17162,21,male,pharmacy,4th year,post graduate,no,yes
17163,17,female,b.com,1st year,graduate,yes,no
17164,19,other,ba,1st year,phd,no,yes
17165,19,male,b.sc,1st year,graduate,yes,yes
17166,21,male,b.sc,1st year,graduate,yes,yes
17167,19,other,ba,2nd year,graduate,yes,no
17168,17,other,ba,4th year,graduate,yes,yes
17169,21,male,ba,2nd year,graduate,yes,no
17170,23,female,diploma,4th year,phd,yes,yes
17171,21,female,b.sc,3rd year,phd,yes,yes
17172,19,male,bba,2nd year,no formal,yes,no
17173,20,male,nursing,4th year,post graduate,yes,yes
17174,18,male,diploma,2nd year,no formal,yes,yes
17175,18,female,b.sc,1st year,post graduate,no,no
17176,20,male,b.com,4th year,phd,yes,yes
17177,21,female,pharmacy,1st year,post graduate,no,yes
17178,20,male,bca,2nd year,graduate,yes,yes
17179,24,male,nursing,1st year,phd,yes,no
17180,22,male,nursing,4th year,post graduate,no,no
17181,17,female,ba,3rd year,post graduate,yes,yes
17182,21,male,bba,4th year,phd,yes,no
17183,21,male,ba,4th year,graduate,yes,yes
17184,17,male,bca,2nd year,phd,yes,yes
17185,20,other,bca,2nd year,phd,yes,no
17186,23,female,diploma,2nd year,graduate,yes,no
17187,19,other,nursing,1st year,post graduate,no,yes
17188,20,male,diploma,4th year,post graduate,yes,yes
17189,18,female,b.tech,1st year,phd,yes,yes
17190,17,male,ba,2nd year,post graduate,yes,no
17191,19,male,bca,2nd year,post graduate,yes,no
17192,23,male,bca,1st year,phd,yes,yes
17193,24,male,nursing,4th year,no formal,yes,no
17194,22,male,ba,3rd year,no formal,yes,yes
17195,23,male,nursing,4th year,high school,yes,no
17196,22,male,ba,3rd year,post graduate,no,no
17197,22,other,b.sc,2nd year,graduate,yes,yes
17198,20,male,bba,1st year,phd,no,yes
17199,17,female,b.sc,3rd year,no formal,yes,yes
17200,20,female,ba,3rd year,high school,yes,yes
17201,23,female,b.com,1st year,no formal,yes,yes
17202,21,other,b.tech,1st year,post graduate,yes,yes
17203,23,female,bca,2nd year,high school,no,yes
17204,17,male,diploma,1st year,high school,yes,yes
17205,18,male,b.sc,1st year,post graduate,yes,yes
17206,19,male,bca,1st year,no formal,yes,yes
17207,19,other,bba,2nd year,phd,yes,yes
17208,24,female,b.sc,3rd year,no formal,yes,yes
17209,20,male,bca,4th year,high school,yes,no
17210,22,female,b.com,4th year,graduate,yes,no
17211,22,female,nursing,2nd year,no formal,yes,yes
17212,20,male,bca,3rd year,no formal,yes,yes
17213,24,other,b.sc,1st year,phd,yes,yes
17214,18,other,bba,4th year,graduate,no,yes
17215,17,female,b.sc,1st year,no formal,yes,yes
17216,22,other,diploma,1st year,high school,yes,yes
17217,22,male,b.com,3rd year,high school,yes,yes
17218,19,other,bba,2nd year,no formal,no,yes
17219,23,female,diploma,2nd year,graduate,yes,yes
17220,18,other,nursing,2nd year,high school,no,yes
17221,19,other,bba,3rd year,post graduate,yes,yes
17222,18,female,b.tech,4th year,post graduate,yes,yes
17223,18,male,b.com,3rd year,graduate,no,yes
17224,22,other,bca,3rd year,high school,yes,yes
17225,22,female,b.tech,4th year,post graduate,no,yes
17226,22,female,ba,4th year,post graduate,yes,yes
17227,23,other,b.com,1st year,high school,no,yes
17228,17,other,b.com,2nd year,phd,yes,yes
17229,21,male,pharmacy,2nd year,high school,yes,no
17230,17,female,pharmacy,4th year,post graduate,yes,no
17231,24,other,pharmacy,3rd year,high school,yes,yes
17232,22,male,nursing,4th year,post graduate,yes,no
17233,23,female,pharmacy,4th year,phd,yes,yes
17234,21,male,b.sc,4th year,post graduate,yes,yes
17235,20,male,ba,3rd year,high school,yes,yes
17236,22,female,b.tech,2nd year,graduate,yes,yes
17237,23,other,nursing,2nd year,high school,yes,yes
17238,18,female,nursing,1st year,graduate,yes,yes
17239,23,male,b.tech,3rd year,post graduate,yes,no
17240,22,other,b.sc,3rd year,no formal,yes,yes
17241,17,male,b.sc,1st year,high school,yes,yes
17242,24,male,pharmacy,2nd year,phd,yes,yes
17243,18,female,nursing,3rd year,phd,yes,yes
17244,21,other,b.com,4th year,phd,yes,no
17245,18,male,b.tech,4th year,post graduate,yes,yes
17246,18,male,ba,1st year,post graduate,yes,yes
17247,22,other,bca,2nd year,graduate,yes,yes
17248,22,female,b.tech,3rd year,post graduate,yes,no
17249,22,other,bba,1st year,high school,yes,yes
17250,19,female,bba,1st year,graduate,yes,yes
17251,23,male,pharmacy,4th year,graduate,yes,yes
17252,17,male,b.sc,3rd year,no formal,no,no
17253,23,female,b.sc,3rd year,high school,yes,yes
17254,19,female,ba,1st year,high school,yes,yes
17255,21,other,b.com,3rd year,post graduate,yes,yes
17256,24,male,pharmacy,4th year,high school,yes,yes
17257,19,male,nursing,4th year,high school,no,no
17258,20,male,b.com,1st year,post graduate,yes,no
17259,23,female,ba,1st year,graduate,yes,no
17260,23,other,bca,3rd year,post graduate,no,no
17261,18,other,nursing,4th year,high school,yes,yes
17262,21,male,b.sc,1st year,high school,yes,no
17263,19,female,b.com,1st year,graduate,yes,yes
17264,21,other,bca,1st year,high school,no,no
17265,20,male,nursing,4th year,phd,no,yes
17266,17,other,b.com,2nd year,phd,yes,yes
17267,24,male,bba,3rd year,phd,no,yes
17268,22,male,diploma,1st year,post graduate,yes,yes
17269,20,male,ba,1st year,no formal,yes,yes
17270,17,other,diploma,3rd year,phd,yes,yes
17271,17,other,bba,2nd year,high school,yes,no
17272,20,other,nursing,1st year,high school,yes,no
17273,22,other,bca,2nd year,graduate,yes,yes
17274,19,other,pharmacy,3rd year,graduate,yes,no
17275,22,female,nursing,1st year,phd,yes,no
17276,20,other,b.com,4th year,graduate,no,yes
17277,17,male,pharmacy,1st year,graduate,no,yes
17278,21,female,b.sc,4th year,no formal,yes,no
17279,18,other,b.com,3rd year,post graduate,no,yes
17280,17,other,b.tech,1st year,high school,yes,yes
17281,18,female,b.tech,4th year,post graduate,yes,yes
17282,19,male,diploma,2nd year,graduate,yes,yes
17283,21,other,b.tech,2nd year,post graduate,yes,no
17284,24,male,b.sc,1st year,post graduate,yes,no
17285,18,other,ba,1st year,graduate,yes,yes
17286,17,other,nursing,2nd year,graduate,yes,yes
17287,18,other,nursing,2nd year,post graduate,no,no
17288,19,male,pharmacy,4th year,no formal,no,no
17289,18,male,b.tech,3rd year,phd,yes,no
17290,19,female,b.sc,1st year,graduate,yes,yes
17291,24,female,ba,4th year,phd,yes,no
17292,20,female,b.com,2nd year,graduate,yes,no
17293,22,male,b.tech,3rd year,no formal,yes,yes
17294,22,female,bba,4th year,post graduate,yes,no
17295,18,other,bba,3rd year,graduate,yes,yes
17296,18,other,ba,2nd year,phd,yes,yes
17297,20,female,b.tech,1st year,phd,no,yes
17298,20,male,ba,1st year,high school,yes,no
17299,17,male,bba,3rd year,post graduate,yes,yes
17300,22,male,b.sc,4th year,graduate,no,yes
17301,19,male,nursing,1st year,graduate,yes,yes
17302,19,other,pharmacy,1st year,graduate,yes,no
17303,21,female,pharmacy,2nd year,post graduate,no,yes
17304,24,other,diploma,4th year,post graduate,yes,yes
17305,23,male,diploma,4th year,phd,yes,no
17306,24,other,b.sc,1st year,phd,yes,yes
17307,20,male,ba,3rd year,high school,no,yes
17308,17,male,b.tech,4th year,graduate,yes,no
17309,18,other,bca,4th year,phd,no,yes
17310,19,other,diploma,4th year,phd,yes,yes
17311,19,female,diploma,4th year,graduate,yes,yes
17312,18,female,b.tech,2nd year,no formal,yes,no
17313,18,other,bca,2nd year,high school,yes,yes
17314,18,other,nursing,4th year,phd,yes,no
17315,22,male,b.tech,3rd year,post graduate,yes,yes
17316,20,male,bba,1st year,post graduate,yes,yes
17317,17,male,b.com,1st year,post graduate,no,no
17318,21,female,pharmacy,4th year,no formal,yes,yes
17319,23,male,bba,1st year,graduate,yes,yes
17320,20,female,diploma,3rd year,post graduate,yes,no
17321,19,male,bba,2nd year,no formal,yes,yes
17322,19,female,pharmacy,1st year,graduate,yes,no
17323,20,other,b.com,1st year,high school,no,no
17324,19,male,diploma,3rd year,phd,yes,yes
17325,24,male,ba,4th year,high school,yes,yes
17326,24,female,bca,1st year,high school,yes,yes
17327,19,male,diploma,3rd year,phd,yes,yes
17328,24,female,b.sc,3rd year,post graduate,yes,yes
17329,23,other,nursing,4th year,phd,yes,yes
17330,17,female,diploma,3rd year,graduate,yes,yes
17331,20,male,ba,1st year,no formal,yes,yes
17332,22,female,bca,2nd year,high school,no,no
17333,20,other,bca,4th year,no formal,yes,no
17334,20,male,bba,4th year,phd,yes,yes
17335,20,other,bca,2nd year,no formal,no,yes
17336,22,other,bca,4th year,post graduate,no,yes
17337,19,male,nursing,1st year,graduate,yes,yes
17338,21,female,b.com,3rd year,graduate,yes,yes
17339,18,male,b.tech,4th year,phd,yes,no
17340,24,female,ba,3rd year,phd,yes,yes
17341,17,other,nursing,1st year,high school,yes,yes
17342,17,other,b.sc,1st year,phd,yes,no
17343,17,male,nursing,3rd year,phd,yes,yes
17344,19,female,ba,4th year,phd,yes,no
17345,21,male,b.sc,4th year,no formal,yes,yes
17346,24,male,bba,4th year,no formal,yes,no
17347,20,other,nursing,4th year,no formal,yes,yes
17348,18,female,nursing,4th year,phd,no,yes
17349,19,female,bca,4th year,phd,yes,yes
17350,18,other,bba,4th year,high school,yes,yes
17351,20,other,nursing,4th year,graduate,yes,yes
17352,22,male,pharmacy,2nd year,graduate,yes,no
17353,17,male,nursing,3rd year,high school,yes,yes
17354,23,female,pharmacy,1st year,phd,yes,no
17355,18,other,nursing,3rd year,phd,yes,no
17356,22,male,b.tech,3rd year,high school,yes,no
17357,23,female,b.tech,1st year,graduate,yes,yes
17358,23,other,bca,1st year,no formal,yes,yes
17359,22,other,pharmacy,4th year,no formal,yes,no
17360,22,female,b.com,3rd year,phd,yes,no
17361,18,other,pharmacy,1st year,phd,yes,yes
17362,18,other,nursing,2nd year,no formal,yes,yes
17363,20,other,b.sc,4th year,graduate,yes,yes
17364,21,other,bba,3rd year,no formal,yes,no
17365,21,other,b.sc,4th year,graduate,yes,no
17366,23,male,b.tech,3rd year,high school,yes,no
17367,19,male,diploma,3rd year,graduate,yes,yes
17368,23,female,b.sc,1st year,post graduate,yes,yes
17369,20,other,bca,4th year,no formal,yes,no
17370,18,other,diploma,3rd year,graduate,yes,no
17371,22,other,ba,1st year,high school,yes,yes
17372,18,male,b.tech,2nd year,high school,yes,yes
17373,20,other,b.tech,4th year,phd,yes,yes
17374,23,male,ba,1st year,phd,no,no
17375,23,male,b.tech,3rd year,post graduate,no,yes
17376,19,other,nursing,2nd year,post graduate,no,yes
17377,18,other,b.sc,2nd year,high school,yes,no
17378,17,female,b.tech,1st year,post graduate,yes,no
17379,17,male,b.sc,3rd year,graduate,yes,yes
17380,23,male,diploma,2nd year,high school,yes,no
17381,23,other,bca,3rd year,post graduate,yes,yes
17382,21,male,diploma,2nd year,phd,no,yes
17383,21,female,ba,1st year,high school,no,no
17384,19,male,b.com,1st year,high school,yes,yes
17385,18,male,diploma,4th year,graduate,yes,yes
17386,17,other,b.sc,2nd year,phd,yes,yes
17387,22,other,ba,3rd year,post graduate,yes,yes
17388,17,female,b.tech,2nd year,high school,yes,no
17389,17,female,ba,2nd year,post graduate,no,yes
17390,23,female,pharmacy,4th year,phd,yes,no
17391,21,female,nursing,4th year,high school,yes,yes
17392,20,other,diploma,1st year,phd,yes,yes
17393,18,other,bca,1st year,phd,yes,no
17394,18,male,ba,2nd year,high school,yes,yes
17395,20,male,diploma,1st year,post graduate,no,no
17396,19,other,nursing,1st year,high school,yes,no
17397,21,female,bca,4th year,post graduate,yes,no
17398,18,female,b.tech,1st year,no formal,yes,yes
17399,18,other,diploma,1st year,post graduate,yes,yes
17400,17,female,b.sc,2nd year,high school,yes,yes
17401,20,female,b.com,3rd year,graduate,yes,yes
17402,19,female,b.sc,2nd year,graduate,yes,no
17403,18,male,b.tech,3rd year,phd,yes,no
17404,21,other,diploma,3rd year,no formal,yes,yes
17405,20,other,bca,1st year,graduate,yes,no
17406,18,other,ba,4th year,no formal,yes,yes
17407,22,female,ba,1st year,post graduate,yes,yes
17408,19,male,bca,4th year,graduate,yes,yes
17409,19,female,bba,2nd year,no formal,yes,no
17410,20,male,b.com,4th year,no formal,yes,yes
17411,18,other,bba,4th year,no formal,yes,yes
17412,20,female,diploma,1st year,post graduate,yes,no
17413,21,male,bba,2nd year,phd,yes,no
17414,18,female,nursing,1st year,high school,yes,no
17415,21,other,bba,4th year,high school,yes,yes
17416,17,male,ba,2nd year,no formal,no,yes
17417,21,female,diploma,4th year,no formal,no,yes
17418,17,other,b.sc,3rd year,no formal,yes,no
17419,18,other,bca,4th year,phd,yes,no
17420,19,other,bca,3rd year,high school,yes,no
17421,21,female,b.com,1st year,post graduate,no,no
17422,22,female,b.com,2nd year,no formal,no,yes
17423,20,female,b.tech,3rd year,no formal,yes,yes
17424,18,female,b.sc,4th year,high school,yes,no
17425,20,male,b.tech,4th year,no formal,yes,no
17426,23,male,bca,3rd year,high school,yes,no
17427,17,other,b.sc,4th year,high school,no,yes
17428,22,female,bba,4th year,graduate,no,no
17429,20,female,b.sc,4th year,no formal,yes,yes
17430,17,female,nursing,4th year,graduate,yes,yes
17431,22,female,diploma,2nd year,high school,no,yes
17432,17,other,b.com,2nd year,post graduate,yes,yes
17433,19,female,diploma,1st year,graduate,yes,yes
17434,18,female,b.com,1st year,phd,yes,yes
17435,21,female,bca,4th year,post graduate,yes,no
17436,17,male,bca,2nd year,post graduate,yes,no
17437,17,male,ba,2nd year,phd,no,yes
17438,21,male,diploma,2nd year,no formal,no,yes
17439,24,male,pharmacy,4th year,phd,yes,yes
17440,17,male,ba,4th year,graduate,yes,yes
17441,20,male,b.com,3rd year,post graduate,yes,yes
17442,23,other,ba,4th year,post graduate,yes,yes
17443,19,female,bca,3rd year,high school,yes,yes
17444,20,other,b.sc,1st year,graduate,yes,yes
17445,23,female,pharmacy,3rd year,high school,yes,no
17446,22,other,bba,1st year,no formal,yes,no
17447,19,other,pharmacy,2nd year,phd,yes,no
17448,23,other,pharmacy,4th year,post graduate,yes,yes
17449,22,male,b.tech,1st year,no formal,no,yes
17450,21,male,b.sc,3rd year,no formal,no,no
17451,20,male,b.sc,4th year,no formal,yes,no
17452,24,other,bca,4th year,high school,no,no
17453,23,female,ba,3rd year,high school,yes,no
17454,24,other,b.tech,2nd year,post graduate,yes,no
17455,22,other,bca,1st year,graduate,yes,no
17456,19,male,b.com,1st year,phd,yes,no
17457,17,female,nursing,3rd year,graduate,no,yes
17458,18,female,diploma,2nd year,phd,yes,yes
17459,24,male,nursing,3rd year,no formal,yes,yes
17460,19,female,bca,1st year,phd,yes,no
17461,17,male,diploma,2nd year,high school,yes,no
17462,18,other,b.tech,2nd year,high school,yes,yes
17463,17,male,diploma,4th year,graduate,yes,yes
17464,21,male,bba,1st year,graduate,yes,yes
17465,21,male,b.tech,2nd year,high school,yes,no
17466,20,other,b.tech,2nd year,no formal,yes,yes
17467,22,other,b.com,2nd year,graduate,yes,no
17468,20,other,ba,4th year,graduate,yes,no
17469,24,other,b.sc,4th year,no formal,yes,yes
17470,23,other,diploma,1st year,post graduate,yes,yes
17471,17,female,bba,4th year,no formal,yes,no
17472,19,male,b.com,4th year,no formal,no,no
17473,23,female,diploma,4th year,high school,yes,no
17474,21,male,bba,1st year,high school,yes,no
17475,23,male,nursing,2nd year,high school,yes,no
17476,19,other,bba,3rd year,phd,yes,no
17477,17,male,diploma,1st year,graduate,yes,yes
17478,23,male,nursing,1st year,no formal,yes,no
17479,23,female,b.tech,3rd year,graduate,yes,no
17480,22,male,b.sc,4th year,high school,yes,yes
17481,20,other,diploma,1st year,phd,yes,no
17482,17,other,bba,1st year,phd,yes,yes
17483,22,female,b.com,4th year,graduate,yes,no
17484,22,male,b.tech,2nd year,high school,no,no
17485,22,other,pharmacy,1st year,no formal,yes,no
17486,18,female,b.tech,4th year,phd,yes,yes
17487,22,male,bba,2nd year,no formal,yes,yes
17488,22,other,b.sc,1st year,high school,yes,no
17489,23,other,ba,3rd year,graduate,yes,yes
17490,21,female,diploma,4th year,high school,yes,no
17491,22,female,bba,1st year,post graduate,yes,no
17492,20,other,b.tech,3rd year,no formal,no,no
17493,22,male,b.tech,2nd year,phd,no,yes
17494,22,female,pharmacy,2nd year,no formal,no,no
17495,23,female,b.com,3rd year,high school,yes,yes
17496,23,female,ba,1st year,graduate,yes,no
17497,17,male,nursing,1st year,phd,yes,no
17498,23,male,nursing,4th year,post graduate,yes,yes
17499,23,male,b.com,4th year,phd,yes,no
17500,21,female,b.sc,4th year,graduate,yes,yes
17501,21,other,ba,4th year,phd,yes,yes
17502,22,female,ba,1st year,graduate,yes,yes
17503,20,male,diploma,2nd year,no formal,no,yes
17504,20,other,diploma,4th year,high school,yes,no
17505,23,female,b.com,3rd year,high school,yes,no
17506,23,other,ba,4th year,post graduate,yes,no
17507,18,male,diploma,2nd year,high school,yes,no
17508,23,male,bba,3rd year,high school,yes,no
17509,19,other,bba,3rd year,post graduate,yes,yes
17510,18,male,nursing,4th year,no formal,yes,yes
17511,24,male,bca,3rd year,phd,yes,yes
17512,18,female,bca,1st year,phd,yes,yes
17513,18,male,bba,1st year,phd,yes,no
17514,19,female,nursing,2nd year,phd,yes,yes
17515,20,female,b.tech,3rd year,no formal,no,no
17516,18,male,b.tech,4th year,high school,yes,no
17517,18,female,diploma,2nd year,phd,yes,yes
17518,20,male,bca,4th year,high school,no,yes
17519,18,male,b.com,3rd year,post graduate,yes,yes
17520,18,male,bca,2nd year,graduate,yes,no
17521,24,male,b.tech,1st year,high school,no,yes
17522,21,female,bca,3rd year,graduate,yes,yes
17523,17,female,ba,2nd year,graduate,no,no
17524,17,male,bca,1st year,phd,yes,yes
17525,23,female,ba,1st year,graduate,yes,yes
17526,19,other,diploma,1st year,graduate,yes,yes
17527,18,male,b.sc,1st year,post graduate,yes,yes
17528,22,male,nursing,1st year,no formal,yes,no
17529,23,other,bba,4th year,high school,yes,yes
17530,20,female,b.com,1st year,graduate,yes,no
17531,22,male,pharmacy,2nd year,post graduate,yes,yes
17532,20,female,b.tech,2nd year,no formal,no,yes
17533,17,female,bba,3rd year,high school,yes,no
17534,23,male,b.tech,2nd year,graduate,no,yes
17535,24,male,pharmacy,4th year,no formal,yes,yes
17536,24,other,b.sc,4th year,graduate,yes,yes
17537,17,other,b.com,3rd year,phd,yes,yes
17538,21,other,bca,4th year,phd,no,no
17539,21,male,nursing,2nd year,post graduate,yes,no
17540,17,other,ba,2nd year,high school,yes,yes
17541,24,female,b.com,3rd year,post graduate,no,yes
17542,17,female,ba,1st year,post graduate,yes,yes
17543,19,other,pharmacy,1st year,no formal,yes,yes
17544,24,female,pharmacy,4th year,no formal,yes,yes
17545,21,male,b.sc,1st year,phd,yes,yes
17546,22,male,pharmacy,1st year,phd,yes,no
17547,20,other,nursing,1st year,graduate,yes,yes
17548,23,female,bba,3rd year,high school,yes,yes
17549,17,female,b.com,2nd year,no formal,yes,yes
17550,22,female,bba,1st year,high school,yes,yes
17551,17,male,diploma,4th year,no formal,yes,yes
17552,18,female,b.com,4th year,no formal,no,yes
17553,21,other,ba,4th year,phd,yes,yes
17554,20,male,bba,2nd year,post graduate,yes,yes
17555,18,other,b.tech,1st year,post graduate,yes,yes
17556,23,male,ba,4th year,no formal,yes,no
17557,19,male,b.sc,3rd year,high school,yes,yes
17558,23,male,b.tech,4th year,post graduate,yes,yes
17559,17,female,ba,1st year,graduate,no,no
17560,18,male,diploma,4th year,high school,yes,yes
17561,19,female,pharmacy,2nd year,graduate,yes,yes
17562,21,female,ba,4th year,post graduate,yes,no
17563,20,female,diploma,1st year,phd,no,yes
17564,18,other,b.com,3rd year,phd,yes,yes
17565,21,female,bca,2nd year,post graduate,yes,yes
17566,24,male,bca,4th year,high school,no,yes
17567,18,other,b.com,1st year,phd,yes,no
17568,19,male,bba,1st year,post graduate,yes,yes
17569,20,other,diploma,3rd year,post graduate,yes,yes
17570,22,male,b.com,4th year,high school,yes,no
17571,18,other,bca,4th year,graduate,yes,yes
17572,18,male,b.com,1st year,graduate,yes,no
17573,18,female,bba,1st year,post graduate,yes,no
17574,21,other,b.tech,2nd year,no formal,no,no
17575,17,female,bba,1st year,graduate,yes,yes
17576,22,male,bba,2nd year,high school,yes,no
17577,20,male,nursing,2nd year,no formal,yes,yes
17578,19,other,ba,4th year,post graduate,yes,yes
17579,23,female,b.tech,1st year,graduate,yes,no
17580,23,other,b.tech,2nd year,high school,yes,no
17581,23,male,bba,2nd year,post graduate,yes,yes
17582,24,female,nursing,3rd year,no formal,yes,no
17583,18,female,pharmacy,2nd year,phd,yes,no
17584,23,other,nursing,3rd year,high school,yes,no
17585,18,other,ba,4th year,no formal,no,yes
17586,19,female,bba,3rd year,post graduate,yes,yes
17587,21,male,nursing,3rd year,phd,yes,no
17588,22,other,nursing,1st year,phd,yes,yes
17589,21,male,bba,4th year,post graduate,yes,no
17590,21,male,bba,3rd year,phd,no,yes
17591,20,other,b.tech,1st year,high school,yes,yes
17592,21,other,b.sc,3rd year,post graduate,yes,yes
17593,20,other,bba,2nd year,no formal,yes,yes
17594,20,male,bba,4th year,phd,yes,no
17595,21,other,bca,3rd year,phd,no,yes
17596,21,female,b.com,4th year,post graduate,yes,no
17597,19,male,b.com,4th year,phd,yes,no
17598,18,other,bba,1st year,graduate,yes,yes
17599,19,other,nursing,2nd year,high school,yes,yes
17600,20,female,pharmacy,1st year,graduate,yes,yes
17601,18,male,b.tech,1st year,no formal,yes,yes
17602,18,male,ba,3rd year,phd,yes,no
17603,24,female,bba,4th year,graduate,yes,yes
17604,19,male,b.sc,2nd year,no formal,no,yes
17605,22,male,ba,4th year,post graduate,yes,no
17606,18,male,b.sc,3rd year,graduate,yes,yes
17607,24,other,bba,2nd year,phd,yes,yes
17608,18,female,nursing,4th year,post graduate,no,no
17609,20,female,pharmacy,2nd year,high school,yes,no
17610,23,female,b.tech,1st year,no formal,yes,no
17611,18,male,bca,3rd year,graduate,yes,yes
17612,21,female,pharmacy,4th year,phd,yes,no
17613,23,other,diploma,1st year,post graduate,yes,yes
17614,17,other,b.tech,2nd year,phd,yes,no
17615,17,male,ba,3rd year,phd,yes,yes
17616,23,male,diploma,4th year,graduate,no,no
17617,19,other,pharmacy,2nd year,phd,yes,no
17618,24,other,b.com,2nd year,phd,yes,no
17619,24,other,b.com,3rd year,no formal,yes,yes
17620,24,female,b.com,4th year,no formal,yes,yes
17621,24,female,pharmacy,1st year,high school,yes,yes
17622,23,other,b.sc,1st year,phd,yes,yes
17623,20,other,ba,4th year,phd,yes,yes
17624,24,other,b.sc,3rd year,no formal,yes,yes
17625,19,male,pharmacy,4th year,phd,yes,yes
17626,21,other,b.tech,1st year,no formal,yes,yes
17627,17,male,bba,1st year,post graduate,yes,no
17628,24,male,b.sc,3rd year,graduate,no,yes
17629,21,female,ba,2nd year,post graduate,yes,yes
17630,24,female,bca,4th year,post graduate,no,no
17631,19,female,diploma,2nd year,phd,yes,yes
17632,19,other,bca,4th year,post graduate,no,yes
17633,21,other,ba,3rd year,graduate,yes,yes
17634,23,other,b.com,3rd year,graduate,yes,no
17635,21,male,nursing,3rd year,phd,yes,no
17636,23,male,diploma,1st year,post graduate,yes,no
17637,18,male,diploma,4th year,post graduate,no,yes
17638,23,female,diploma,4th year,post graduate,yes,yes
17639,22,other,b.sc,2nd year,high school,yes,yes
17640,24,other,pharmacy,2nd year,phd,no,yes
17641,17,male,pharmacy,3rd year,post graduate,yes,yes
17642,20,male,ba,3rd year,no formal,yes,no
17643,17,female,b.sc,2nd year,post graduate,yes,no
17644,20,female,ba,2nd year,phd,no,yes
17645,23,male,ba,4th year,post graduate,yes,yes
17646,22,other,pharmacy,4th year,phd,yes,no
17647,23,male,b.com,3rd year,post graduate,no,yes
17648,22,female,pharmacy,2nd year,phd,yes,no
17649,24,other,b.com,2nd year,graduate,yes,no
17650,24,male,pharmacy,2nd year,high school,yes,yes
17651,21,other,pharmacy,3rd year,graduate,yes,no
17652,24,female,bca,1st year,phd,no,yes
17653,17,other,b.tech,3rd year,post graduate,yes,no
17654,22,female,bca,3rd year,no formal,yes,yes
17655,21,other,pharmacy,1st year,high school,yes,no
17656,24,female,pharmacy,2nd year,no formal,yes,no
17657,21,male,bba,2nd year,phd,no,yes
17658,18,other,bba,4th year,high school,yes,no
17659,22,other,ba,4th year,no formal,no,yes
17660,24,female,b.sc,4th year,phd,yes,no
17661,17,other,bca,3rd year,phd,yes,yes
17662,17,other,pharmacy,4th year,phd,yes,yes
17663,22,female,b.com,3rd year,high school,yes,yes
17664,21,other,nursing,2nd year,graduate,yes,yes
17665,21,female,b.tech,2nd year,graduate,yes,yes
17666,17,other,b.tech,3rd year,post graduate,yes,no
17667,21,female,pharmacy,2nd year,phd,yes,yes
17668,21,female,b.sc,2nd year,graduate,yes,yes
17669,23,male,ba,4th year,graduate,yes,no
17670,20,male,nursing,4th year,no formal,yes,yes
17671,19,female,ba,3rd year,no formal,no,yes
17672,17,other,b.com,2nd year,post graduate,yes,yes
17673,21,male,b.tech,2nd year,graduate,yes,no
17674,22,male,diploma,2nd year,no formal,yes,no
17675,19,male,b.com,2nd year,no formal,yes,no
17676,22,female,b.sc,2nd year,post graduate,no,no
17677,24,female,bba,2nd year,phd,yes,yes
17678,18,male,b.sc,2nd year,high school,yes,yes
17679,21,other,nursing,3rd year,graduate,yes,yes
17680,22,female,diploma,4th year,high school,yes,no
17681,17,male,pharmacy,3rd year,phd,yes,no
17682,18,other,pharmacy,1st year,post graduate,yes,yes
17683,20,other,nursing,1st year,high school,yes,no
17684,18,female,bba,3rd year,graduate,yes,yes
17685,19,other,b.sc,4th year,graduate,no,yes
17686,18,female,b.tech,2nd year,phd,yes,yes
17687,24,male,b.tech,1st year,graduate,yes,no
17688,21,male,b.com,1st year,post graduate,yes,no
17689,19,male,nursing,2nd year,graduate,yes,no
17690,23,male,b.sc,4th year,high school,no,yes
17691,17,female,b.tech,4th year,post graduate,yes,yes
17692,21,female,pharmacy,4th year,post graduate,yes,yes
17693,22,female,ba,2nd year,phd,yes,yes
17694,23,other,ba,4th year,no formal,yes,yes
17695,18,male,b.com,2nd year,phd,yes,no
17696,21,other,pharmacy,2nd year,post graduate,yes,yes
17697,23,male,ba,4th year,high school,yes,yes
17698,23,other,nursing,4th year,high school,yes,yes
17699,18,male,pharmacy,2nd year,post graduate,yes,yes
17700,24,male,bba,3rd year,high school,yes,no
17701,19,male,diploma,2nd year,high school,yes,no
17702,20,male,b.tech,3rd year,graduate,yes,yes
17703,18,other,nursing,1st year,post graduate,yes,no
17704,18,female,pharmacy,1st year,phd,yes,yes
17705,19,male,b.sc,4th year,phd,yes,yes
17706,18,female,b.tech,1st year,high school,yes,no
17707,22,female,b.tech,2nd year,no formal,yes,yes
17708,21,other,nursing,1st year,phd,yes,yes
17709,20,other,b.com,1st year,phd,yes,no
17710,21,other,ba,3rd year,graduate,no,no
17711,21,male,ba,2nd year,post graduate,yes,yes
17712,18,female,b.com,4th year,high school,yes,yes
17713,19,female,b.sc,3rd year,post graduate,yes,no
17714,24,female,ba,3rd year,post graduate,yes,yes
17715,17,other,pharmacy,3rd year,high school,yes,yes
17716,24,other,ba,1st year,post graduate,yes,yes
17717,24,other,nursing,2nd year,high school,yes,yes
17718,19,male,diploma,4th year,graduate,yes,yes
17719,19,female,nursing,1st year,no formal,yes,no
17720,18,other,bca,1st year,no formal,yes,yes
17721,21,male,ba,2nd year,post graduate,yes,no
17722,18,other,b.com,4th year,phd,yes,no
17723,23,male,b.com,2nd year,graduate,yes,yes
17724,20,male,bba,2nd year,phd,yes,no
17725,24,male,ba,1st year,phd,yes,yes
17726,23,other,ba,3rd year,post graduate,yes,yes
17727,20,other,ba,2nd year,phd,yes,yes
17728,21,other,pharmacy,1st year,post graduate,yes,no
17729,17,male,bca,1st year,phd,yes,no
17730,17,other,pharmacy,2nd year,high school,no,no
17731,21,male,pharmacy,1st year,high school,yes,yes
17732,20,male,bca,2nd year,graduate,yes,no
17733,20,male,b.tech,2nd year,graduate,no,yes
17734,17,male,pharmacy,2nd year,post graduate,yes,no
17735,23,female,bba,2nd year,graduate,yes,yes
17736,20,other,ba,1st year,no formal,yes,no
17737,20,male,ba,4th year,high school,yes,no
17738,20,male,b.tech,3rd year,post graduate,yes,no
17739,20,female,bca,1st year,no formal,no,yes
17740,22,male,b.tech,1st year,no formal,yes,yes
17741,23,other,diploma,4th year,phd,yes,yes
17742,21,female,nursing,4th year,phd,yes,yes
17743,18,female,ba,1st year,graduate,yes,yes
17744,23,male,ba,2nd year,no formal,no,yes
17745,19,other,diploma,3rd year,high school,yes,no
17746,17,other,nursing,2nd year,post graduate,yes,yes
17747,17,other,b.tech,4th year,post graduate,yes,yes
17748,23,female,bba,3rd year,high school,yes,no
17749,20,male,b.com,2nd year,no formal,yes,yes
17750,17,male,b.tech,4th year,phd,yes,no
17751,23,male,b.tech,4th year,post graduate,no,yes
17752,19,female,bba,1st year,post graduate,yes,yes
17753,24,male,diploma,4th year,phd,yes,no
17754,24,male,bca,3rd year,graduate,yes,yes
17755,17,male,b.com,4th year,no formal,no,yes
17756,22,male,bba,4th year,no formal,no,yes
17757,21,male,pharmacy,1st year,phd,yes,yes
17758,18,female,nursing,2nd year,post graduate,no,yes
17759,19,other,b.sc,1st year,post graduate,yes,no
17760,20,female,bca,1st year,high school,yes,no
17761,18,male,bca,4th year,no formal,yes,yes
17762,22,female,ba,1st year,post graduate,no,yes
17763,19,male,ba,1st year,post graduate,yes,no
17764,24,female,diploma,4th year,post graduate,yes,no
17765,23,male,pharmacy,2nd year,graduate,yes,yes
17766,22,female,b.com,1st year,post graduate,yes,no
17767,17,other,pharmacy,2nd year,high school,yes,no
17768,17,female,nursing,1st year,high school,yes,yes
17769,18,other,b.tech,3rd year,no formal,yes,yes
17770,20,female,b.com,4th year,no formal,yes,yes
17771,23,other,ba,2nd year,graduate,no,yes
17772,18,other,bca,4th year,graduate,no,yes
17773,22,female,b.com,2nd year,graduate,yes,no
17774,17,female,ba,2nd year,graduate,yes,yes
17775,19,female,b.tech,1st year,high school,yes,yes
17776,21,male,b.tech,1st year,post graduate,yes,yes
17777,23,male,ba,1st year,graduate,yes,yes
17778,23,other,bca,3rd year,graduate,yes,yes
17779,21,female,bba,1st year,graduate,yes,yes
17780,17,other,ba,4th year,graduate,yes,no
17781,19,female,bba,4th year,graduate,yes,yes
17782,23,male,bca,2nd year,graduate,yes,no
17783,17,female,diploma,2nd year,high school,yes,no
17784,22,female,bba,1st year,graduate,no,yes
17785,22,female,b.tech,2nd year,post graduate,yes,no
17786,23,other,b.tech,4th year,phd,yes,no
17787,18,female,ba,2nd year,no formal,yes,yes
17788,18,male,b.sc,4th year,no formal,yes,yes
17789,18,male,bba,2nd year,no formal,no,yes
17790,20,other,diploma,2nd year,no formal,yes,no
17791,21,female,b.com,2nd year,phd,yes,yes
17792,17,female,bba,4th year,high school,yes,no
17793,21,male,b.sc,2nd year,high school,no,no
17794,18,other,bba,3rd year,high school,yes,yes
17795,21,female,ba,4th year,phd,yes,yes
17796,19,other,b.tech,4th year,post graduate,yes,yes
17797,24,other,bca,4th year,no formal,no,no
17798,19,other,b.com,1st year,phd,yes,yes
17799,23,male,diploma,1st year,phd,no,yes
17800,18,female,diploma,2nd year,post graduate,yes,yes
17801,17,female,b.sc,2nd year,graduate,yes,no
17802,18,other,nursing,3rd year,phd,yes,yes
17803,20,other,b.tech,2nd year,no formal,yes,yes
17804,24,male,bca,2nd year,no formal,yes,yes
17805,18,other,nursing,1st year,post graduate,yes,yes
17806,23,male,bba,2nd year,no formal,yes,yes
17807,22,other,bca,3rd year,no formal,yes,no
17808,19,other,bba,3rd year,no formal,yes,yes
17809,19,male,b.tech,1st year,graduate,yes,no
17810,24,female,diploma,3rd year,post graduate,yes,yes
17811,22,female,pharmacy,3rd year,graduate,yes,no
17812,18,other,nursing,2nd year,graduate,yes,yes
17813,24,other,b.tech,4th year,no formal,yes,yes
17814,20,male,b.sc,2nd year,high school,yes,yes
17815,17,other,nursing,2nd year,phd,no,yes
17816,23,male,diploma,3rd year,high school,yes,no
17817,23,female,ba,1st year,high school,no,yes
17818,20,male,b.com,3rd year,phd,yes,no
17819,22,male,bba,3rd year,no formal,yes,yes
17820,18,female,b.tech,2nd year,no formal,no,no
17821,23,male,b.tech,1st year,phd,yes,no
17822,19,male,b.tech,2nd year,high school,yes,yes
17823,19,other,nursing,1st year,high school,yes,yes
17824,21,female,b.tech,1st year,graduate,no,yes
17825,19,female,bba,4th year,no formal,yes,yes
17826,21,other,b.com,4th year,graduate,yes,no
17827,22,male,diploma,3rd year,no formal,yes,yes
17828,20,other,b.sc,4th year,post graduate,yes,yes
17829,23,male,pharmacy,3rd year,phd,yes,no
17830,20,other,b.tech,3rd year,post graduate,yes,yes
17831,24,male,nursing,3rd year,no formal,yes,yes
17832,19,male,b.sc,3rd year,phd,yes,yes
17833,22,male,b.tech,3rd year,post graduate,yes,yes
17834,21,female,b.tech,1st year,phd,no,yes
17835,24,other,nursing,3rd year,phd,yes,no
17836,18,other,ba,2nd year,high school,yes,yes
17837,18,other,ba,1st year,phd,yes,yes
17838,23,male,nursing,2nd year,phd,yes,yes
17839,24,other,b.com,4th year,graduate,no,yes
17840,22,female,bba,2nd year,post graduate,yes,no
17841,20,male,b.com,2nd year,graduate,yes,yes
17842,20,other,b.tech,1st year,phd,yes,yes
17843,22,other,pharmacy,4th year,no formal,no,yes
17844,22,male,ba,1st year,graduate,no,yes
17845,19,female,nursing,4th year,no formal,yes,no
17846,17,other,ba,4th year,no formal,yes,yes
17847,17,other,nursing,1st year,phd,yes,yes
17848,19,male,b.sc,3rd year,post graduate,yes,yes
17849,22,other,bba,3rd year,graduate,yes,no
17850,20,male,ba,4th year,phd,yes,no
17851,21,female,pharmacy,2nd year,no formal,yes,no
17852,20,male,ba,3rd year,phd,no,no
17853,19,other,diploma,1st year,graduate,yes,yes
17854,22,other,bba,4th year,no formal,yes,no
17855,22,male,ba,4th year,high school,yes,yes
17856,24,female,diploma,1st year,graduate,yes,yes
17857,23,male,bca,1st year,phd,yes,no
17858,20,other,bba,1st year,phd,yes,no
17859,22,male,b.tech,4th year,no formal,yes,no
17860,19,female,b.tech,3rd year,graduate,yes,no
17861,23,male,bca,2nd year,graduate,no,yes
17862,21,other,b.tech,3rd year,graduate,yes,yes
17863,23,male,bca,3rd year,graduate,no,no
17864,19,female,nursing,1st year,phd,no,yes
17865,17,male,nursing,2nd year,high school,yes,no
17866,18,female,diploma,3rd year,graduate,no,yes
17867,21,other,b.com,3rd year,high school,yes,yes
17868,24,other,bca,1st year,no formal,yes,yes
17869,22,male,b.sc,4th year,high school,no,yes
17870,23,other,pharmacy,1st year,no formal,yes,yes
17871,20,male,b.tech,4th year,post graduate,yes,no
17872,24,other,bba,4th year,graduate,yes,yes
17873,24,other,bba,4th year,graduate,yes,yes
17874,18,male,b.tech,3rd year,graduate,yes,yes
17875,23,female,b.sc,1st year,graduate,yes,yes
17876,17,other,diploma,2nd year,phd,yes,no
17877,21,male,bca,3rd year,graduate,yes,yes
17878,20,male,b.sc,1st year,post graduate,yes,yes
17879,19,female,b.sc,3rd year,phd,no,yes
17880,24,other,bca,4th year,no formal,yes,yes
17881,22,male,bca,3rd year,phd,no,no
17882,18,female,ba,4th year,phd,yes,no
17883,18,other,b.tech,2nd year,post graduate,yes,yes
17884,17,male,b.tech,2nd year,no formal,yes,yes
17885,19,male,b.sc,1st year,no formal,yes,no
17886,17,male,b.tech,2nd year,no formal,yes,no
17887,19,female,bca,1st year,post graduate,yes,no
17888,23,female,ba,3rd year,graduate,no,yes
17889,23,male,b.sc,4th year,high school,yes,yes
17890,23,female,bca,1st year,graduate,no,no
17891,20,other,diploma,3rd year,graduate,yes,yes
17892,22,other,b.sc,3rd year,high school,no,yes
17893,24,other,bca,2nd year,post graduate,yes,no
17894,17,other,b.tech,1st year,graduate,yes,yes
17895,24,female,bca,3rd year,graduate,yes,no
17896,22,male,ba,1st year,phd,no,yes
17897,20,male,b.tech,1st year,phd,yes,no
17898,20,female,nursing,3rd year,post graduate,yes,yes
17899,20,female,b.sc,1st year,phd,yes,yes
17900,18,other,nursing,2nd year,high school,yes,no
17901,18,male,ba,1st year,high school,yes,no
17902,19,other,diploma,3rd year,phd,yes,no
17903,17,male,diploma,1st year,phd,yes,yes
17904,21,female,ba,2nd year,no formal,yes,yes
17905,20,female,diploma,2nd year,no formal,yes,yes
17906,19,other,ba,2nd year,no formal,yes,no
17907,18,other,bca,3rd year,post graduate,yes,no
17908,24,male,b.com,4th year,high school,yes,no
17909,22,other,ba,3rd year,phd,yes,no
17910,20,other,b.sc,2nd year,high school,yes,no
17911,22,male,ba,3rd year,no formal,yes,yes
17912,19,other,b.tech,3rd year,no formal,yes,yes
17913,18,male,ba,1st year,phd,yes,no
17914,22,female,nursing,2nd year,high school,yes,no
17915,23,male,ba,3rd year,phd,yes,yes
17916,22,male,bba,4th year,graduate,yes,yes
17917,21,female,nursing,1st year,no formal,yes,yes
17918,17,other,b.tech,3rd year,high school,yes,yes
17919,22,female,diploma,1st year,no formal,yes,yes
17920,21,female,bba,1st year,no formal,no,no
17921,20,female,ba,1st year,phd,yes,yes
17922,18,male,b.com,1st year,post graduate,yes,no
17923,24,male,bca,1st year,no formal,yes,yes
17924,20,male,ba,3rd year,graduate,yes,no
17925,19,male,ba,4th year,high school,yes,yes
17926,22,other,diploma,4th year,post graduate,yes,no
17927,20,female,ba,3rd year,no formal,no,yes
17928,21,male,nursing,1st year,high school,no,yes
17929,22,female,b.com,4th year,post graduate,yes,yes
17930,19,female,diploma,3rd year,post graduate,no,yes
17931,18,male,bca,1st year,phd,yes,yes
17932,18,other,pharmacy,3rd year,phd,yes,yes
17933,24,other,ba,3rd year,post graduate,yes,no
17934,21,other,b.com,2nd year,high school,yes,no
17935,20,other,ba,3rd year,phd,yes,yes
17936,19,female,bca,3rd year,post graduate,yes,yes
17937,22,other,ba,3rd year,phd,yes,yes
17938,24,female,pharmacy,2nd year,post graduate,yes,no
17939,23,male,b.sc,4th year,phd,no,no
17940,21,male,b.com,3rd year,graduate,yes,no
17941,20,other,pharmacy,2nd year,phd,yes,yes
17942,23,female,nursing,4th year,high school,yes,no
17943,23,other,b.tech,1st year,no formal,yes,yes
17944,20,male,pharmacy,4th year,high school,yes,yes
17945,24,female,ba,3rd year,graduate,yes,no
17946,23,male,bca,3rd year,post graduate,yes,yes
17947,23,male,b.tech,2nd year,graduate,yes,no
17948,17,male,b.sc,2nd year,graduate,yes,no
17949,18,male,diploma,4th year,no formal,yes,yes
17950,19,female,b.com,3rd year,phd,yes,yes
17951,23,male,b.sc,1st year,high school,yes,yes
17952,17,male,diploma,4th year,no formal,yes,no
17953,17,other,b.sc,1st year,no formal,yes,yes
17954,17,male,nursing,2nd year,no formal,yes,yes
17955,18,female,b.sc,2nd year,phd,yes,yes
17956,24,other,b.tech,2nd year,high school,yes,no
17957,22,other,ba,2nd year,post graduate,yes,no
17958,22,male,b.com,1st year,graduate,yes,yes
17959,19,male,bca,3rd year,phd,yes,yes
17960,22,other,b.com,3rd year,post graduate,yes,yes
17961,23,female,pharmacy,4th year,high school,yes,no
17962,21,female,ba,2nd year,no formal,no,no
17963,23,female,diploma,3rd year,no formal,yes,yes
17964,21,female,diploma,1st year,graduate,yes,no
17965,19,female,nursing,2nd year,no formal,yes,yes
17966,22,male,bba,3rd year,phd,yes,yes
17967,24,male,b.com,2nd year,high school,no,no
17968,23,male,bba,4th year,phd,yes,no
17969,20,male,ba,2nd year,no formal,yes,yes
17970,21,other,bca,1st year,phd,yes,no
17971,24,other,b.com,4th year,phd,yes,yes
17972,22,female,bba,3rd year,graduate,yes,yes
17973,21,male,pharmacy,1st year,graduate,yes,no
17974,19,male,diploma,4th year,phd,yes,yes
17975,24,other,pharmacy,1st year,phd,yes,no
17976,24,female,b.tech,4th year,graduate,yes,yes
17977,17,other,bca,2nd year,high school,yes,no
17978,17,female,b.tech,2nd year,no formal,yes,no
17979,17,other,b.sc,1st year,phd,yes,yes
17980,20,male,nursing,1st year,phd,no,yes
17981,18,other,b.tech,4th year,phd,yes,yes
17982,24,female,bba,2nd year,no formal,no,yes
17983,24,female,b.tech,3rd year,graduate,yes,yes
17984,18,female,b.com,2nd year,high school,yes,yes
17985,23,male,b.sc,2nd year,graduate,yes,yes
17986,18,female,bba,2nd year,no formal,yes,no
17987,23,other,bca,2nd year,graduate,yes,no
17988,19,other,bca,3rd year,graduate,yes,yes
17989,17,other,pharmacy,2nd year,high school,no,no
17990,20,female,b.sc,4th year,graduate,yes,no
17991,23,other,ba,4th year,graduate,no,no
17992,24,other,bba,3rd year,post graduate,no,yes
17993,17,male,b.tech,1st year,high school,yes,no
17994,23,female,b.tech,4th year,no formal,yes,yes
17995,19,other,b.com,3rd year,high school,yes,yes
17996,20,female,nursing,3rd year,no formal,yes,no
17997,17,male,bca,3rd year,post graduate,yes,yes
17998,24,female,bca,3rd year,high school,yes,yes
17999,23,female,bba,3rd year,high school,yes,yes
18000,22,female,nursing,1st year,no formal,no,yes
18001,22,male,bba,4th year,graduate,yes,no
18002,23,male,diploma,4th year,no formal,yes,no
18003,18,female,b.com,4th year,graduate,yes,yes
18004,18,other,nursing,3rd year,high school,yes,yes
18005,17,female,b.tech,2nd year,post graduate,yes,yes
18006,20,other,ba,2nd year,phd,no,yes
18007,20,other,b.com,4th year,graduate,yes,yes
18008,17,male,b.sc,1st year,phd,yes,yes
18009,22,male,bba,3rd year,no formal,yes,yes
18010,17,female,pharmacy,3rd year,high school,yes,yes
18011,23,female,b.sc,1st year,phd,yes,no
18012,22,other,nursing,1st year,high school,yes,no
18013,23,female,nursing,1st year,phd,yes,yes
18014,17,other,nursing,4th year,phd,no,yes
18015,23,other,b.tech,2nd year,post graduate,yes,no
18016,21,female,pharmacy,1st year,post graduate,no,yes
18017,23,female,ba,4th year,high school,yes,yes
18018,22,male,bca,3rd year,phd,yes,no
18019,22,other,b.com,1st year,phd,yes,yes
18020,17,other,bba,2nd year,phd,yes,yes
18021,22,other,bba,2nd year,high school,yes,yes
18022,20,male,nursing,2nd year,no formal,yes,yes
18023,23,male,ba,4th year,phd,yes,yes
18024,22,other,b.tech,4th year,no formal,no,no
18025,17,female,bca,1st year,post graduate,yes,no
18026,24,female,nursing,2nd year,high school,yes,yes
18027,17,female,b.tech,3rd year,post graduate,no,yes
18028,19,female,nursing,1st year,graduate,yes,yes
18029,18,female,nursing,3rd year,no formal,yes,no
18030,24,male,bca,1st year,phd,yes,yes
18031,18,other,pharmacy,3rd year,phd,yes,yes
18032,23,female,ba,1st year,high school,yes,no
18033,18,female,b.sc,3rd year,no formal,yes,yes
18034,22,female,bca,2nd year,phd,yes,no
18035,17,other,bca,4th year,graduate,yes,yes
18036,20,male,pharmacy,1st year,post graduate,yes,yes
18037,21,male,b.com,4th year,phd,yes,yes
18038,22,male,b.sc,2nd year,post graduate,no,no
18039,23,other,diploma,2nd year,graduate,no,no
18040,23,male,b.com,3rd year,post graduate,no,yes
18041,21,male,b.sc,3rd year,no formal,yes,yes
18042,19,other,diploma,4th year,graduate,yes,no
18043,19,male,b.sc,4th year,post graduate,yes,no
18044,24,female,nursing,1st year,post graduate,yes,yes
18045,21,female,b.com,2nd year,high school,yes,yes
18046,24,female,bca,4th year,post graduate,yes,yes
18047,20,female,bca,4th year,high school,yes,no
18048,20,female,bca,4th year,graduate,yes,yes
18049,23,female,b.com,4th year,post graduate,no,no
18050,22,other,b.tech,3rd year,no formal,yes,yes
18051,18,female,bca,4th year,phd,no,yes
18052,21,female,ba,3rd year,graduate,yes,yes
18053,18,other,pharmacy,4th year,no formal,yes,yes
18054,23,male,pharmacy,2nd year,graduate,yes,no
18055,17,other,b.tech,4th year,high school,yes,no
18056,23,male,ba,1st year,phd,yes,yes
18057,24,male,ba,4th year,no formal,yes,no
18058,17,male,ba,4th year,no formal,yes,no
18059,22,female,diploma,4th year,post graduate,yes,yes
18060,17,other,ba,4th year,no formal,yes,yes
18061,19,female,b.sc,2nd year,no formal,no,no
18062,19,female,ba,2nd year,high school,no,no
18063,21,female,nursing,1st year,phd,yes,yes
18064,24,other,ba,1st year,phd,yes,yes
18065,20,other,b.com,4th year,post graduate,yes,yes
18066,20,other,diploma,1st year,graduate,yes,yes
18067,17,female,b.tech,1st year,post graduate,yes,yes
18068,24,other,bba,2nd year,high school,yes,yes
18069,19,male,b.tech,2nd year,phd,yes,no
18070,20,other,bca,4th year,post graduate,yes,no
18071,17,other,pharmacy,1st year,graduate,yes,no
18072,19,female,ba,1st year,graduate,yes,yes
18073,21,female,pharmacy,2nd year,post graduate,no,yes
18074,24,male,nursing,3rd year,graduate,yes,yes
18075,19,female,diploma,2nd year,post graduate,yes,no
18076,21,male,b.sc,4th year,graduate,yes,no
18077,24,female,b.tech,1st year,high school,yes,yes
18078,19,female,b.sc,2nd year,post graduate,yes,yes
18079,19,female,ba,3rd year,high school,no,yes
18080,17,other,ba,3rd year,no formal,yes,yes
18081,24,other,b.sc,3rd year,no formal,no,no
18082,17,female,pharmacy,2nd year,no formal,yes,yes
18083,18,female,diploma,1st year,graduate,yes,yes
18084,18,male,diploma,1st year,post graduate,yes,yes
18085,22,female,bca,1st year,high school,yes,yes
18086,19,other,bca,3rd year,no formal,no,yes
18087,22,male,nursing,4th year,post graduate,yes,no
18088,21,female,ba,1st year,high school,yes,no
18089,17,female,b.sc,1st year,post graduate,yes,no
18090,19,male,b.com,3rd year,high school,yes,yes
18091,17,male,b.com,3rd year,post graduate,no,no
18092,17,other,pharmacy,2nd year,post graduate,yes,yes
18093,20,female,bca,1st year,high school,no,yes
18094,19,female,ba,4th year,post graduate,no,yes
18095,17,male,b.tech,3rd year,phd,no,yes
18096,20,male,diploma,3rd year,phd,yes,yes
18097,20,male,bca,1st year,high school,no,yes
18098,24,male,nursing,4th year,high school,yes,yes
18099,22,other,b.sc,1st year,high school,yes,yes
18100,20,female,bca,3rd year,no formal,yes,yes
18101,20,other,ba,3rd year,phd,yes,yes
18102,17,female,b.com,3rd year,phd,yes,no
18103,20,other,b.com,3rd year,phd,no,yes
18104,21,male,b.com,2nd year,no formal,yes,no
18105,17,other,diploma,2nd year,phd,yes,no
18106,24,female,b.tech,2nd year,phd,no,yes
18107,21,male,pharmacy,4th year,no formal,no,yes
18108,23,other,pharmacy,3rd year,no formal,no,yes
18109,19,female,pharmacy,2nd year,high school,no,no
18110,23,male,nursing,3rd year,graduate,no,no
18111,19,other,b.com,4th year,high school,yes,no
18112,24,female,ba,3rd year,post graduate,yes,no
18113,21,female,b.sc,2nd year,post graduate,yes,no
18114,22,female,pharmacy,1st year,graduate,yes,no
18115,18,male,diploma,4th year,high school,yes,yes
18116,24,male,b.sc,1st year,graduate,yes,yes
18117,18,other,pharmacy,3rd year,no formal,no,yes
18118,17,female,b.tech,1st year,no formal,yes,no
18119,20,other,diploma,4th year,post graduate,yes,yes
18120,23,male,b.sc,1st year,no formal,yes,no
18121,24,female,diploma,3rd year,phd,yes,yes
18122,23,female,nursing,4th year,graduate,no,yes
18123,21,male,pharmacy,3rd year,graduate,yes,no
18124,24,other,b.sc,3rd year,phd,yes,yes
18125,20,male,b.sc,3rd year,high school,yes,yes
18126,20,female,b.tech,3rd year,graduate,yes,yes
18127,18,other,nursing,4th year,graduate,yes,yes
18128,23,other,b.sc,1st year,graduate,yes,yes
18129,19,male,ba,4th year,phd,yes,yes
18130,18,female,ba,4th year,phd,yes,no
18131,19,female,ba,4th year,graduate,yes,no
18132,21,other,bba,1st year,high school,yes,no
18133,19,male,ba,1st year,high school,yes,yes
18134,19,female,b.com,1st year,high school,yes,yes
18135,19,other,ba,2nd year,graduate,yes,yes
18136,21,other,nursing,4th year,no formal,yes,yes
18137,22,other,b.sc,4th year,high school,yes,yes
18138,22,other,pharmacy,3rd year,post graduate,yes,no
18139,18,other,ba,2nd year,post graduate,yes,no
18140,19,female,b.com,1st year,no formal,yes,no
18141,22,other,bba,3rd year,phd,yes,no
18142,18,female,pharmacy,1st year,no formal,no,no
18143,17,other,nursing,1st year,no formal,yes,yes
18144,19,other,nursing,2nd year,no formal,yes,yes
18145,22,male,b.sc,4th year,no formal,yes,yes
18146,22,other,nursing,3rd year,no formal,yes,yes
18147,18,other,diploma,1st year,phd,yes,no
18148,22,other,b.tech,1st year,graduate,no,yes
18149,18,other,ba,4th year,no formal,no,yes
18150,22,male,nursing,3rd year,no formal,yes,yes
18151,21,male,bba,3rd year,high school,yes,yes
18152,18,male,bca,2nd year,graduate,yes,yes
18153,19,female,ba,4th year,graduate,yes,yes
18154,23,female,b.tech,3rd year,graduate,yes,yes
18155,20,female,nursing,1st year,high school,yes,yes
18156,22,other,diploma,3rd year,no formal,yes,yes
18157,22,other,b.com,2nd year,graduate,yes,no
18158,17,male,b.com,4th year,no formal,yes,no
18159,24,other,bba,3rd year,phd,yes,yes
18160,19,female,nursing,1st year,high school,no,no
18161,23,other,b.tech,1st year,post graduate,yes,yes
18162,20,female,bca,1st year,post graduate,no,no
18163,21,female,nursing,1st year,no formal,yes,no
18164,19,male,bba,1st year,post graduate,yes,no
18165,23,male,b.tech,3rd year,post graduate,yes,yes
18166,17,other,b.tech,1st year,no formal,yes,yes
18167,24,male,b.sc,2nd year,graduate,yes,yes
18168,18,male,pharmacy,2nd year,no formal,yes,yes
18169,24,male,bba,3rd year,graduate,no,no
18170,17,other,b.sc,1st year,no formal,no,yes
18171,17,female,pharmacy,2nd year,high school,yes,no
18172,17,female,nursing,4th year,phd,yes,no
18173,21,female,b.sc,1st year,phd,yes,yes
18174,19,female,diploma,4th year,phd,yes,yes
18175,21,female,b.com,1st year,phd,yes,yes
18176,23,female,b.tech,3rd year,graduate,yes,no
18177,17,male,b.tech,2nd year,phd,yes,yes
18178,21,male,bba,2nd year,phd,no,yes
18179,22,other,nursing,3rd year,high school,yes,yes
18180,20,female,pharmacy,3rd year,no formal,no,yes
18181,24,other,diploma,3rd year,high school,no,no
18182,22,other,pharmacy,3rd year,post graduate,yes,no
18183,17,other,b.com,2nd year,no formal,no,no
18184,21,female,b.sc,3rd year,post graduate,yes,yes
18185,20,other,b.tech,1st year,high school,yes,yes
18186,18,male,b.sc,1st year,graduate,yes,yes
18187,24,female,diploma,1st year,high school,yes,no
18188,18,other,b.sc,4th year,post graduate,yes,yes
18189,17,male,ba,3rd year,high school,yes,no
18190,18,male,diploma,2nd year,graduate,yes,yes
18191,23,male,pharmacy,3rd year,post graduate,yes,no
18192,21,female,b.sc,2nd year,phd,yes,yes
18193,23,female,b.sc,3rd year,graduate,no,yes
18194,20,female,b.tech,2nd year,no formal,yes,yes
18195,17,male,b.sc,3rd year,graduate,yes,yes
18196,20,female,ba,1st year,no formal,no,no
18197,18,other,b.com,1st year,post graduate,yes,yes
18198,21,male,pharmacy,4th year,high school,yes,yes
18199,19,other,ba,3rd year,post graduate,yes,yes
18200,24,male,b.com,3rd year,no formal,no,no
18201,20,male,bba,3rd year,graduate,yes,no
18202,19,male,diploma,4th year,no formal,yes,no
18203,24,male,ba,1st year,graduate,yes,yes
18204,21,female,b.sc,4th year,no formal,yes,yes
18205,18,female,ba,2nd year,graduate,yes,yes
18206,20,female,bca,3rd year,graduate,yes,no
18207,19,male,b.com,4th year,no formal,no,no
18208,22,female,bca,4th year,post graduate,yes,yes
18209,21,other,b.com,2nd year,phd,yes,no
18210,22,male,pharmacy,4th year,graduate,yes,no
18211,24,other,nursing,1st year,graduate,yes,no
18212,22,male,diploma,1st year,high school,yes,no
18213,19,female,nursing,1st year,high school,yes,yes
18214,18,female,b.sc,2nd year,no formal,no,yes
18215,21,other,bca,3rd year,graduate,no,yes
18216,20,female,ba,2nd year,graduate,yes,no
18217,19,female,diploma,4th year,no formal,yes,yes
18218,23,other,b.tech,3rd year,high school,yes,yes
18219,24,male,b.sc,3rd year,graduate,yes,yes
18220,20,male,b.com,4th year,high school,yes,yes
18221,22,female,bca,2nd year,graduate,yes,yes
18222,24,male,pharmacy,2nd year,graduate,no,yes
18223,17,male,pharmacy,1st year,phd,yes,no
18224,19,female,bba,4th year,no formal,yes,yes
18225,22,male,b.tech,1st year,no formal,yes,yes
18226,20,female,nursing,3rd year,high school,no,yes
18227,23,female,bca,4th year,phd,no,no
18228,20,female,b.tech,2nd year,phd,yes,no
18229,17,female,bca,1st year,post graduate,yes,no
18230,20,male,nursing,3rd year,post graduate,yes,yes
18231,20,female,nursing,2nd year,post graduate,no,no
18232,23,male,pharmacy,4th year,phd,yes,no
18233,18,female,pharmacy,2nd year,phd,yes,yes
18234,18,other,bca,2nd year,post graduate,yes,yes
18235,18,other,bca,3rd year,high school,yes,yes
18236,21,male,b.sc,2nd year,no formal,yes,yes
18237,24,male,bca,4th year,no formal,yes,yes
18238,21,other,nursing,3rd year,post graduate,yes,no
18239,23,other,nursing,4th year,no formal,yes,yes
18240,23,male,pharmacy,2nd year,phd,yes,yes
18241,21,other,b.sc,1st year,graduate,yes,no
18242,21,male,b.sc,1st year,phd,yes,yes
18243,18,female,nursing,1st year,phd,yes,yes
18244,24,male,pharmacy,4th year,graduate,no,no
18245,23,male,bba,1st year,graduate,yes,yes
18246,23,other,nursing,1st year,no formal,yes,yes
18247,24,female,diploma,3rd year,phd,yes,yes
18248,19,male,b.sc,1st year,post graduate,yes,yes
18249,18,other,bba,4th year,graduate,yes,yes
18250,23,male,ba,4th year,no formal,yes,yes
18251,20,male,nursing,2nd year,phd,yes,yes
18252,24,other,ba,3rd year,no formal,yes,no
18253,22,female,b.sc,2nd year,post graduate,yes,yes
18254,19,male,bba,2nd year,high school,yes,yes
18255,19,other,bba,2nd year,post graduate,yes,no
18256,21,male,pharmacy,2nd year,no formal,yes,no
18257,20,female,b.tech,2nd year,phd,yes,yes
18258,19,male,nursing,1st year,graduate,no,yes
18259,18,female,b.sc,3rd year,graduate,no,no
18260,22,other,b.sc,1st year,phd,yes,no
18261,17,other,ba,4th year,no formal,yes,yes
18262,17,female,bba,4th year,post graduate,yes,no
18263,17,female,pharmacy,1st year,graduate,yes,yes
18264,22,other,bba,1st year,post graduate,yes,no
18265,17,other,b.sc,2nd year,post graduate,no,yes
18266,20,other,bba,1st year,phd,yes,no
18267,17,female,pharmacy,2nd year,high school,yes,yes
18268,21,female,diploma,4th year,high school,no,yes
18269,17,other,b.sc,2nd year,post graduate,yes,yes
18270,17,male,bca,4th year,graduate,yes,no
18271,20,other,diploma,1st year,phd,yes,yes
18272,22,other,b.com,3rd year,post graduate,no,no
18273,17,female,bba,3rd year,high school,no,yes
18274,20,other,ba,1st year,high school,yes,yes
18275,23,female,b.sc,2nd year,post graduate,yes,yes
18276,22,other,nursing,2nd year,high school,yes,no
18277,23,female,b.com,3rd year,phd,yes,no
18278,19,male,b.com,4th year,post graduate,yes,no
18279,24,other,b.tech,3rd year,high school,yes,no
18280,18,other,ba,3rd year,phd,yes,yes
18281,21,male,bca,3rd year,post graduate,yes,yes
18282,20,other,pharmacy,4th year,high school,yes,yes
18283,17,female,diploma,3rd year,graduate,no,yes
18284,24,other,nursing,2nd year,post graduate,yes,yes
18285,22,male,pharmacy,1st year,high school,no,yes
18286,18,male,diploma,4th year,post graduate,yes,no
18287,17,male,nursing,4th year,high school,no,yes
18288,22,other,b.com,4th year,phd,yes,no
18289,21,other,diploma,3rd year,graduate,yes,no
18290,17,other,bca,2nd year,post graduate,no,no
18291,24,female,bba,3rd year,graduate,yes,no
18292,22,other,bca,2nd year,no formal,yes,no
18293,20,male,diploma,4th year,post graduate,no,yes
18294,18,other,ba,1st year,post graduate,yes,no
18295,19,female,nursing,4th year,no formal,yes,no
18296,20,other,b.tech,3rd year,phd,yes,no
18297,17,other,b.com,4th year,no formal,yes,no
18298,19,female,ba,1st year,high school,no,no
18299,18,male,nursing,3rd year,no formal,no,yes
18300,17,male,bba,2nd year,post graduate,yes,yes
18301,18,other,pharmacy,3rd year,graduate,yes,yes
18302,19,female,pharmacy,3rd year,graduate,yes,yes
18303,20,male,bba,3rd year,phd,no,no
18304,19,other,diploma,3rd year,graduate,yes,no
18305,22,female,b.com,1st year,graduate,yes,yes
18306,21,male,b.tech,2nd year,graduate,no,no
18307,18,other,bba,2nd year,phd,yes,yes
18308,24,female,b.com,4th year,graduate,yes,yes
18309,22,other,diploma,3rd year,high school,yes,yes
18310,20,other,bba,1st year,high school,yes,yes
18311,17,other,b.sc,2nd year,graduate,yes,no
18312,24,other,bba,3rd year,post graduate,yes,yes
18313,22,other,ba,2nd year,phd,yes,yes
18314,20,other,b.tech,3rd year,graduate,yes,no
18315,18,female,bba,4th year,graduate,no,yes
18316,17,other,pharmacy,3rd year,phd,yes,yes
18317,19,other,pharmacy,3rd year,post graduate,yes,no
18318,18,male,pharmacy,3rd year,no formal,no,no
18319,18,male,pharmacy,2nd year,post graduate,yes,yes
18320,20,female,pharmacy,3rd year,post graduate,yes,no
18321,17,male,b.tech,1st year,post graduate,yes,yes
18322,19,female,ba,4th year,no formal,yes,yes
18323,23,male,bba,2nd year,graduate,yes,yes
18324,23,other,nursing,4th year,post graduate,yes,yes
18325,17,other,ba,2nd year,phd,yes,no
18326,22,male,diploma,4th year,phd,no,yes
18327,24,other,nursing,3rd year,post graduate,yes,no
18328,21,male,bba,4th year,post graduate,yes,yes
18329,20,other,b.com,2nd year,high school,no,no
18330,20,other,b.tech,3rd year,graduate,yes,yes
18331,18,other,bba,3rd year,no formal,yes,yes
18332,20,female,b.sc,3rd year,no formal,yes,no
18333,24,male,bca,2nd year,high school,yes,no
18334,21,other,b.com,2nd year,phd,yes,yes
18335,20,male,nursing,1st year,high school,yes,no
18336,17,female,pharmacy,3rd year,high school,no,no
18337,24,male,nursing,2nd year,phd,yes,yes
18338,18,other,bca,1st year,no formal,yes,yes
18339,22,female,b.sc,2nd year,no formal,yes,yes
18340,19,female,pharmacy,2nd year,no formal,yes,yes
18341,19,male,b.tech,3rd year,graduate,yes,yes
18342,18,other,bca,4th year,post graduate,yes,no
18343,20,male,nursing,4th year,phd,yes,yes
18344,22,other,b.tech,3rd year,phd,yes,yes
18345,20,other,bba,4th year,post graduate,yes,no
18346,17,male,bba,1st year,phd,yes,yes
18347,19,other,b.sc,4th year,phd,yes,yes
18348,18,male,b.sc,3rd year,graduate,no,no
18349,20,other,pharmacy,2nd year,no formal,yes,no
18350,24,other,pharmacy,2nd year,post graduate,yes,no
18351,24,male,b.tech,2nd year,high school,yes,no
18352,24,male,b.com,4th year,phd,no,yes
18353,17,male,ba,2nd year,graduate,yes,yes
18354,20,other,b.sc,1st year,post graduate,yes,yes
18355,17,other,b.tech,4th year,graduate,yes,yes
18356,20,male,bba,3rd year,high school,yes,yes
18357,21,other,ba,2nd year,phd,no,yes
18358,23,other,nursing,3rd year,phd,no,yes
18359,19,female,b.com,2nd year,phd,yes,no
18360,17,male,bba,3rd year,phd,yes,yes
18361,20,female,b.com,1st year,no formal,yes,yes
18362,20,female,b.tech,2nd year,post graduate,yes,yes
18363,21,other,diploma,2nd year,graduate,yes,yes
18364,17,female,diploma,4th year,graduate,yes,yes
18365,21,male,bca,4th year,graduate,no,no
18366,20,male,b.tech,4th year,phd,yes,yes
18367,22,female,diploma,2nd year,phd,no,yes
18368,24,female,bca,2nd year,post graduate,yes,yes
18369,18,female,ba,3rd year,post graduate,yes,no
18370,23,other,bca,2nd year,no formal,yes,yes
18371,18,male,b.tech,3rd year,no formal,yes,yes
18372,24,other,b.sc,3rd year,phd,yes,yes
18373,20,female,b.sc,4th year,no formal,yes,yes
18374,22,other,bba,2nd year,post graduate,no,yes
18375,23,other,pharmacy,1st year,graduate,yes,yes
18376,21,other,b.tech,2nd year,post graduate,yes,yes
18377,20,other,bba,4th year,phd,yes,yes
18378,23,female,b.com,2nd year,graduate,no,yes
18379,20,female,pharmacy,2nd year,graduate,yes,yes
18380,22,female,bca,2nd year,no formal,yes,yes
18381,21,male,b.sc,2nd year,high school,yes,yes
18382,20,other,b.com,4th year,high school,no,yes
18383,17,other,bca,3rd year,phd,yes,no
18384,19,female,b.tech,4th year,high school,yes,yes
18385,24,other,b.tech,1st year,high school,yes,no
18386,21,female,diploma,3rd year,graduate,no,yes
18387,22,male,nursing,1st year,graduate,yes,no
18388,19,other,diploma,1st year,post graduate,yes,no
18389,22,female,b.sc,4th year,phd,yes,no
18390,20,other,nursing,2nd year,graduate,no,yes
18391,18,male,b.com,2nd year,post graduate,yes,no
18392,18,female,nursing,1st year,high school,yes,yes
18393,20,other,b.com,1st year,graduate,yes,yes
18394,21,male,bba,3rd year,high school,yes,no
18395,19,other,pharmacy,3rd year,high school,yes,yes
18396,18,female,ba,3rd year,post graduate,yes,yes
18397,19,male,diploma,1st year,post graduate,yes,yes
18398,19,other,bca,4th year,post graduate,yes,yes
18399,22,other,b.tech,1st year,post graduate,yes,yes
18400,20,female,nursing,2nd year,high school,yes,no
18401,20,female,ba,3rd year,post graduate,yes,no
18402,18,other,bba,1st year,high school,yes,no
18403,21,male,b.com,3rd year,no formal,yes,no
18404,24,female,pharmacy,3rd year,high school,no,yes
18405,22,female,bba,3rd year,post graduate,yes,yes
18406,20,male,bca,2nd year,post graduate,yes,yes
18407,19,male,bba,4th year,post graduate,yes,no
18408,19,female,b.com,1st year,post graduate,yes,yes
18409,17,other,bca,3rd year,high school,yes,yes
18410,17,female,nursing,2nd year,post graduate,yes,no
18411,23,male,b.tech,2nd year,graduate,yes,yes
18412,23,other,b.sc,1st year,phd,yes,no
18413,24,male,b.sc,3rd year,no formal,yes,no
18414,22,male,pharmacy,1st year,post graduate,yes,yes
18415,24,male,bca,2nd year,post graduate,no,yes
18416,20,other,ba,2nd year,graduate,yes,no
18417,19,other,b.sc,1st year,phd,yes,yes
18418,18,male,diploma,4th year,high school,yes,no
18419,18,female,bba,2nd year,high school,yes,no
18420,22,other,bca,4th year,high school,yes,yes
18421,17,other,diploma,3rd year,graduate,yes,yes
18422,24,other,b.tech,2nd year,high school,no,no
18423,23,male,diploma,3rd year,post graduate,yes,yes
18424,20,male,diploma,2nd year,no formal,yes,no
18425,22,male,b.com,2nd year,no formal,yes,no
18426,18,other,b.com,4th year,no formal,yes,no
18427,20,female,bca,3rd year,graduate,yes,yes
18428,17,female,ba,4th year,no formal,yes,yes
18429,17,female,pharmacy,4th year,post graduate,yes,no
18430,17,female,b.tech,4th year,no formal,yes,yes
18431,23,male,b.sc,2nd year,post graduate,yes,yes
18432,22,other,nursing,2nd year,phd,yes,yes
18433,24,female,diploma,4th year,phd,yes,no
18434,24,other,nursing,4th year,graduate,yes,yes
18435,24,other,b.tech,2nd year,graduate,no,yes
18436,24,other,b.sc,3rd year,high school,yes,yes
18437,17,other,nursing,3rd year,no formal,yes,no
18438,23,other,nursing,1st year,high school,no,no
18439,22,male,nursing,1st year,high school,yes,no
18440,18,male,pharmacy,1st year,graduate,no,yes
18441,18,other,b.com,2nd year,no formal,no,no
18442,24,male,b.tech,4th year,phd,yes,yes
18443,24,other,b.com,2nd year,no formal,yes,yes
18444,19,male,pharmacy,4th year,high school,no,no
18445,17,other,bba,2nd year,high school,yes,yes
18446,19,female,b.tech,2nd year,phd,yes,yes
18447,17,male,diploma,2nd year,post graduate,yes,no
18448,22,female,nursing,3rd year,phd,no,no
18449,20,male,b.sc,3rd year,phd,yes,yes
18450,17,male,bca,2nd year,post graduate,yes,no
18451,24,female,diploma,4th year,no formal,yes,no
18452,23,female,pharmacy,3rd year,graduate,yes,no
18453,24,male,bca,3rd year,graduate,yes,no
18454,24,male,ba,2nd year,high school,yes,no
18455,17,female,pharmacy,3rd year,no formal,yes,no
18456,23,female,ba,2nd year,no formal,yes,yes
18457,23,female,bca,4th year,high school,yes,no
18458,23,other,nursing,2nd year,post graduate,yes,no
18459,19,female,bba,2nd year,no formal,no,yes
18460,20,male,diploma,2nd year,phd,yes,yes
18461,24,other,nursing,4th year,high school,yes,no
18462,17,other,bca,4th year,post graduate,yes,yes
18463,22,male,ba,2nd year,no formal,yes,yes
18464,23,other,bca,4th year,no formal,yes,no
18465,23,other,ba,2nd year,graduate,yes,yes
18466,21,female,diploma,1st year,no formal,yes,no
18467,23,other,b.tech,1st year,post graduate,no,yes
18468,24,other,b.tech,2nd year,high school,yes,yes
18469,23,other,bba,2nd year,high school,yes,yes
18470,17,other,b.sc,2nd year,phd,yes,no
18471,18,male,diploma,2nd year,high school,no,yes
18472,19,male,b.sc,1st year,no formal,yes,yes
18473,19,female,bba,2nd year,no formal,yes,no
18474,19,other,b.sc,3rd year,high school,yes,no
18475,18,female,pharmacy,2nd year,graduate,no,no
18476,22,male,nursing,2nd year,graduate,yes,yes
18477,17,other,b.tech,1st year,graduate,yes,yes
18478,23,female,ba,1st year,no formal,yes,no
18479,22,other,pharmacy,4th year,high school,yes,yes
18480,24,female,bba,4th year,no formal,yes,yes
18481,17,other,nursing,2nd year,graduate,yes,no
18482,19,other,b.tech,4th year,no formal,yes,no
18483,24,female,ba,1st year,post graduate,yes,no
18484,20,other,nursing,1st year,graduate,yes,yes
18485,21,male,b.sc,3rd year,high school,yes,no
18486,17,other,b.tech,3rd year,high school,yes,yes
18487,23,female,diploma,3rd year,no formal,yes,yes
18488,19,other,b.tech,2nd year,no formal,yes,yes
18489,24,male,b.com,4th year,post graduate,yes,no
18490,19,female,nursing,3rd year,graduate,yes,yes
18491,18,male,pharmacy,2nd year,no formal,yes,yes
18492,21,male,b.sc,2nd year,post graduate,yes,yes
18493,20,female,bba,2nd year,phd,yes,no
18494,20,male,nursing,1st year,post graduate,yes,yes
18495,24,male,ba,1st year,phd,no,no
18496,19,female,ba,2nd year,post graduate,no,yes
18497,20,other,bba,1st year,phd,yes,no
18498,21,other,diploma,4th year,graduate,yes,no
18499,18,male,b.tech,4th year,phd,yes,yes
18500,23,male,b.tech,3rd year,post graduate,yes,yes
18501,18,female,b.tech,4th year,high school,yes,yes
18502,18,female,ba,3rd year,no formal,yes,yes
18503,17,male,b.com,3rd year,graduate,yes,yes
18504,19,male,bba,4th year,no formal,yes,no
18505,21,male,b.com,3rd year,phd,yes,yes
18506,22,female,bca,4th year,post graduate,yes,no
18507,24,female,b.com,1st year,phd,yes,yes
18508,23,female,nursing,4th year,high school,yes,no
18509,19,female,b.com,3rd year,graduate,yes,yes
18510,23,male,b.com,1st year,high school,yes,yes
18511,18,other,nursing,1st year,graduate,yes,no
18512,18,male,bca,1st year,no formal,yes,yes
18513,19,female,b.tech,1st year,high school,yes,no
18514,21,male,b.sc,4th year,phd,no,no
18515,18,female,b.tech,4th year,post graduate,yes,yes
18516,24,female,nursing,4th year,phd,yes,yes
18517,19,female,bca,1st year,post graduate,yes,no
18518,20,other,pharmacy,3rd year,no formal,no,no
18519,21,female,b.com,4th year,graduate,yes,yes
18520,20,male,b.tech,4th year,high school,yes,yes
18521,20,female,bba,1st year,no formal,yes,yes
18522,24,female,b.tech,3rd year,high school,no,no
18523,20,other,b.sc,1st year,no formal,no,yes
18524,17,female,nursing,1st year,high school,yes,yes
18525,22,other,ba,4th year,post graduate,yes,yes
18526,22,female,nursing,4th year,high school,no,yes
18527,18,female,bba,1st year,post graduate,yes,no
18528,23,male,bca,4th year,high school,no,yes
18529,20,male,nursing,4th year,no formal,yes,yes
18530,18,male,bba,3rd year,post graduate,yes,yes
18531,18,female,b.com,1st year,no formal,yes,no
18532,22,other,diploma,3rd year,phd,no,yes
18533,18,male,nursing,3rd year,graduate,yes,no
18534,20,other,b.com,2nd year,no formal,yes,no
18535,22,other,nursing,4th year,high school,yes,yes
18536,23,female,pharmacy,3rd year,high school,yes,yes
18537,20,male,b.sc,2nd year,graduate,yes,yes
18538,24,female,nursing,2nd year,post graduate,yes,yes
18539,19,other,b.tech,2nd year,high school,yes,yes
18540,23,male,nursing,3rd year,high school,no,no
18541,19,female,pharmacy,2nd year,phd,yes,no
18542,17,male,nursing,3rd year,no formal,yes,yes
18543,22,female,ba,2nd year,post graduate,yes,yes
18544,23,male,pharmacy,1st year,no formal,yes,no
18545,24,male,bba,1st year,high school,yes,yes
18546,24,other,b.tech,1st year,graduate,yes,yes
18547,17,other,nursing,1st year,no formal,yes,yes
18548,21,male,pharmacy,1st year,no formal,yes,no
18549,22,female,b.com,3rd year,phd,no,no
18550,21,male,b.com,3rd year,no formal,yes,yes
18551,17,female,bca,1st year,no formal,yes,yes
18552,17,male,ba,2nd year,post graduate,no,no
18553,22,other,bca,2nd year,graduate,yes,no
18554,23,male,ba,3rd year,high school,yes,yes
18555,18,female,b.sc,3rd year,phd,yes,no
18556,17,female,b.com,3rd year,phd,no,yes
18557,20,male,bca,2nd year,no formal,yes,no
18558,19,female,ba,1st year,graduate,yes,yes
18559,24,male,b.tech,4th year,phd,yes,yes
18560,24,female,bba,4th year,no formal,yes,yes
18561,21,female,nursing,4th year,graduate,yes,yes
18562,24,female,b.sc,3rd year,no formal,no,yes
18563,18,female,b.com,2nd year,no formal,yes,no
18564,24,female,ba,3rd year,phd,yes,yes
18565,20,other,pharmacy,4th year,post graduate,yes,yes
18566,20,other,ba,1st year,no formal,yes,yes
18567,17,male,nursing,3rd year,high school,yes,yes
18568,18,male,diploma,3rd year,high school,yes,no
18569,18,male,pharmacy,4th year,phd,yes,yes
18570,20,male,bca,3rd year,high school,yes,yes
18571,18,other,b.com,4th year,no formal,yes,no
18572,17,other,diploma,4th year,phd,yes,no
18573,21,female,b.tech,4th year,no formal,yes,yes
18574,23,other,nursing,1st year,phd,yes,yes
18575,17,female,b.com,3rd year,high school,yes,yes
18576,21,female,diploma,3rd year,post graduate,no,no
18577,24,other,bca,1st year,graduate,yes,no
18578,20,male,b.com,4th year,high school,yes,no
18579,18,male,bba,3rd year,graduate,yes,yes
18580,17,male,bba,4th year,no formal,yes,yes
18581,24,male,diploma,3rd year,graduate,yes,yes
18582,20,male,bba,4th year,no formal,yes,yes
18583,17,other,b.tech,4th year,high school,yes,yes
18584,23,other,b.tech,1st year,no formal,yes,no
18585,23,female,bca,4th year,post graduate,yes,yes
18586,22,female,pharmacy,3rd year,phd,no,yes
18587,17,male,ba,2nd year,no formal,yes,yes
18588,17,male,b.tech,1st year,post graduate,yes,yes
18589,18,female,b.sc,2nd year,graduate,yes,yes
18590,18,male,pharmacy,3rd year,no formal,yes,yes
18591,21,other,diploma,3rd year,post graduate,yes,no
18592,20,male,b.tech,3rd year,post graduate,yes,yes
18593,23,other,b.com,3rd year,phd,no,no
18594,17,male,diploma,3rd year,no formal,no,yes
18595,22,male,bca,3rd year,no formal,yes,yes
18596,24,female,b.com,4th year,graduate,yes,yes
18597,18,male,diploma,4th year,post graduate,yes,no
18598,22,female,pharmacy,4th year,no formal,yes,yes
18599,21,male,pharmacy,3rd year,high school,yes,yes
18600,17,other,nursing,1st year,graduate,no,yes
18601,19,female,ba,4th year,post graduate,yes,yes
18602,23,other,b.tech,4th year,high school,no,yes
18603,23,female,ba,2nd year,high school,yes,no
18604,19,other,b.tech,4th year,no formal,yes,yes
18605,17,female,bca,3rd year,high school,yes,yes
18606,18,other,bca,3rd year,phd,yes,yes
18607,23,other,ba,2nd year,post graduate,yes,no
18608,21,other,b.sc,2nd year,phd,yes,no
18609,20,other,bba,2nd year,phd,no,yes
18610,17,other,b.tech,1st year,graduate,yes,yes
18611,23,other,b.com,1st year,no formal,no,no
18612,20,male,pharmacy,2nd year,post graduate,yes,yes
18613,21,male,pharmacy,4th year,phd,yes,no
18614,23,male,bca,1st year,high school,yes,yes
18615,21,female,ba,2nd year,post graduate,yes,yes
18616,24,male,b.tech,2nd year,high school,yes,no
18617,21,male,bca,1st year,phd,yes,no
18618,19,female,bba,1st year,high school,yes,yes
18619,24,male,diploma,1st year,post graduate,yes,no
18620,22,other,b.sc,3rd year,no formal,yes,yes
18621,23,other,nursing,2nd year,phd,yes,yes
18622,18,male,nursing,3rd year,graduate,yes,no
18623,22,female,ba,4th year,graduate,yes,yes
18624,21,other,b.tech,1st year,post graduate,yes,yes
18625,17,male,bba,2nd year,high school,yes,yes
18626,19,other,ba,4th year,post graduate,yes,no
18627,24,female,diploma,1st year,no formal,yes,yes
18628,21,female,b.com,1st year,graduate,yes,yes
18629,23,male,b.tech,1st year,high school,yes,yes
18630,18,female,pharmacy,2nd year,graduate,yes,no
18631,18,female,b.com,2nd year,graduate,yes,yes
18632,24,male,b.tech,3rd year,post graduate,no,no
18633,20,other,nursing,1st year,high school,no,no
18634,24,female,diploma,3rd year,phd,no,yes
18635,23,other,b.com,4th year,post graduate,yes,no
18636,19,male,bba,2nd year,no formal,yes,yes
18637,24,other,diploma,3rd year,no formal,yes,yes
18638,23,female,nursing,3rd year,graduate,yes,no
18639,18,female,ba,1st year,phd,yes,yes
18640,17,male,b.sc,2nd year,phd,yes,no
18641,18,other,b.tech,3rd year,high school,yes,yes
18642,22,male,nursing,2nd year,graduate,yes,no
18643,18,other,nursing,2nd year,high school,no,yes
18644,19,female,pharmacy,2nd year,post graduate,yes,yes
18645,20,female,diploma,4th year,post graduate,yes,yes
18646,18,female,b.sc,1st year,graduate,yes,no
18647,19,male,b.com,3rd year,high school,yes,yes
18648,22,female,b.com,4th year,phd,yes,no
18649,24,male,bba,4th year,graduate,yes,no
18650,20,other,pharmacy,3rd year,phd,yes,yes
18651,22,female,diploma,2nd year,no formal,no,yes
18652,21,male,ba,1st year,graduate,yes,yes
18653,20,male,diploma,2nd year,graduate,yes,yes
18654,21,other,nursing,4th year,no formal,yes,yes
18655,24,male,ba,1st year,no formal,yes,yes
18656,17,male,nursing,3rd year,graduate,yes,yes
18657,21,male,b.tech,4th year,post graduate,yes,yes
18658,17,male,b.com,2nd year,high school,no,no
18659,24,male,b.sc,4th year,phd,yes,yes
18660,21,other,b.sc,4th year,high school,no,yes
18661,17,male,b.sc,4th year,no formal,yes,yes
18662,21,other,ba,3rd year,graduate,yes,no
18663,20,other,diploma,3rd year,no formal,yes,yes
18664,17,female,bca,1st year,graduate,yes,no
18665,24,male,ba,1st year,no formal,yes,no
18666,20,other,bba,4th year,phd,yes,yes
18667,17,male,b.sc,3rd year,post graduate,no,no
18668,21,female,diploma,4th year,no formal,no,no
18669,20,male,diploma,3rd year,phd,yes,no
18670,22,other,bba,2nd year,high school,yes,yes
18671,18,female,nursing,4th year,graduate,yes,no
18672,23,male,nursing,1st year,post graduate,yes,no
18673,20,female,nursing,1st year,graduate,yes,yes
18674,20,other,b.tech,3rd year,post graduate,yes,yes
18675,23,other,b.tech,3rd year,no formal,yes,yes
18676,21,other,ba,3rd year,high school,no,no
18677,17,male,b.tech,3rd year,post graduate,yes,no
18678,21,other,b.tech,2nd year,no formal,yes,yes
18679,22,female,b.sc,1st year,high school,no,yes
18680,19,other,b.sc,4th year,high school,yes,no
18681,18,female,b.com,2nd year,no formal,yes,yes
18682,17,female,b.com,1st year,phd,yes,no
18683,23,male,nursing,1st year,phd,no,yes
18684,17,female,pharmacy,4th year,high school,yes,yes
18685,21,male,b.sc,4th year,phd,yes,yes
18686,23,female,ba,4th year,graduate,yes,yes
18687,19,female,bba,4th year,high school,yes,yes
18688,18,other,b.com,1st year,phd,yes,yes
18689,22,female,b.com,1st year,no formal,yes,yes
18690,22,female,diploma,3rd year,no formal,yes,no
18691,17,male,ba,3rd year,graduate,no,yes
18692,21,female,diploma,1st year,phd,yes,yes
18693,17,female,b.tech,4th year,high school,yes,no
18694,20,other,bba,3rd year,post graduate,yes,no
18695,19,male,b.com,3rd year,phd,yes,no
18696,23,male,b.com,3rd year,graduate,yes,no
18697,24,female,bba,4th year,no formal,yes,no
18698,22,other,b.com,4th year,phd,no,yes
18699,22,other,diploma,3rd year,phd,yes,no
18700,17,other,b.sc,3rd year,no formal,yes,yes
18701,17,female,pharmacy,4th year,graduate,yes,no
18702,23,male,ba,2nd year,phd,yes,yes
18703,20,female,bba,4th year,graduate,yes,no
18704,21,male,b.sc,1st year,no formal,yes,yes
18705,22,other,pharmacy,1st year,phd,yes,yes
18706,19,other,bca,1st year,high school,yes,no
18707,22,female,diploma,2nd year,no formal,yes,no
18708,22,male,pharmacy,3rd year,no formal,yes,yes
18709,18,male,pharmacy,4th year,graduate,no,no
18710,22,other,b.com,4th year,graduate,yes,no
18711,18,male,b.com,1st year,post graduate,no,yes
18712,19,male,b.com,4th year,no formal,yes,no
18713,23,female,bba,1st year,no formal,yes,no
18714,24,male,pharmacy,2nd year,high school,yes,yes
18715,17,other,diploma,4th year,no formal,yes,no
18716,22,male,bca,4th year,no formal,yes,yes
18717,21,other,bba,4th year,post graduate,yes,yes
18718,21,other,diploma,1st year,high school,yes,yes
18719,23,male,bba,1st year,no formal,yes,yes
18720,17,female,pharmacy,4th year,no formal,yes,no
18721,22,other,bca,1st year,post graduate,yes,yes
18722,19,other,bca,1st year,post graduate,yes,yes
18723,18,other,diploma,3rd year,no formal,yes,no
18724,20,other,diploma,1st year,post graduate,yes,yes
18725,17,male,bba,3rd year,post graduate,yes,no
18726,22,female,ba,4th year,post graduate,yes,no
18727,21,other,ba,2nd year,post graduate,no,no
18728,21,male,pharmacy,2nd year,post graduate,yes,no
18729,17,male,b.tech,4th year,post graduate,no,no
18730,23,male,diploma,4th year,no formal,yes,yes
18731,17,other,pharmacy,1st year,phd,yes,no
18732,19,other,b.tech,3rd year,high school,yes,yes
18733,20,male,bca,1st year,post graduate,yes,yes
18734,22,male,bca,1st year,post graduate,yes,no
18735,20,female,ba,3rd year,graduate,no,yes
18736,23,other,b.tech,1st year,graduate,no,yes
18737,24,other,diploma,1st year,phd,yes,yes
18738,23,other,bba,2nd year,post graduate,yes,yes
18739,17,other,diploma,2nd year,high school,yes,yes
18740,23,female,b.tech,3rd year,no formal,yes,yes
18741,18,male,pharmacy,4th year,no formal,no,no
18742,24,female,bca,2nd year,high school,yes,no
18743,24,female,ba,2nd year,post graduate,yes,yes
18744,17,other,bba,1st year,graduate,yes,yes
18745,17,female,pharmacy,4th year,post graduate,yes,no
18746,22,other,bba,1st year,post graduate,yes,yes
18747,18,male,bca,1st year,post graduate,yes,yes
18748,24,other,bca,3rd year,phd,yes,yes
18749,21,female,b.com,3rd year,no formal,no,yes
18750,21,female,b.com,1st year,graduate,yes,yes
18751,23,other,diploma,3rd year,high school,yes,no
18752,18,female,b.com,2nd year,post graduate,no,yes
18753,21,male,b.tech,4th year,phd,no,yes
18754,24,female,bba,1st year,post graduate,yes,yes
18755,17,other,b.tech,4th year,post graduate,no,yes
18756,18,other,bca,4th year,phd,yes,yes
18757,18,female,bca,3rd year,graduate,yes,yes
18758,19,female,pharmacy,3rd year,phd,yes,no
18759,18,male,bca,3rd year,no formal,yes,yes
18760,18,other,ba,1st year,high school,yes,yes
18761,23,female,bca,4th year,phd,yes,no
18762,20,male,bca,4th year,high school,yes,no
18763,19,other,diploma,4th year,no formal,yes,no
18764,20,other,pharmacy,2nd year,phd,yes,yes
18765,24,male,b.tech,1st year,high school,no,no
18766,20,female,diploma,3rd year,graduate,yes,yes
18767,20,other,nursing,3rd year,post graduate,yes,yes
18768,24,other,b.com,2nd year,graduate,yes,no
18769,17,male,ba,4th year,no formal,yes,no
18770,20,male,ba,2nd year,post graduate,yes,yes
18771,22,other,ba,4th year,post graduate,yes,yes
18772,21,other,nursing,4th year,high school,yes,no
18773,23,other,b.com,1st year,post graduate,no,yes
18774,24,female,ba,1st year,phd,yes,no
18775,19,other,bca,2nd year,phd,no,yes
18776,23,female,b.com,3rd year,graduate,yes,no
18777,18,other,diploma,1st year,no formal,yes,yes
18778,18,male,bba,1st year,phd,yes,yes
18779,24,male,b.sc,4th year,graduate,no,yes
18780,17,male,b.sc,2nd year,post graduate,yes,no
18781,19,male,b.tech,3rd year,phd,yes,yes
18782,22,male,bca,3rd year,high school,yes,yes
18783,20,female,nursing,4th year,no formal,yes,yes
18784,23,male,pharmacy,1st year,phd,no,yes
18785,19,female,bca,3rd year,no formal,yes,yes
18786,21,female,pharmacy,1st year,graduate,yes,no
18787,18,male,pharmacy,1st year,post graduate,no,no
18788,18,female,bca,2nd year,post graduate,yes,yes
18789,18,other,ba,4th year,no formal,yes,no
18790,22,female,nursing,2nd year,high school,yes,yes
18791,18,male,bca,3rd year,post graduate,no,yes
18792,22,other,nursing,4th year,graduate,yes,no
18793,19,female,b.com,1st year,graduate,yes,no
18794,21,female,pharmacy,3rd year,post graduate,yes,no
18795,23,male,ba,4th year,phd,yes,yes
18796,23,male,nursing,4th year,post graduate,yes,yes
18797,17,male,ba,3rd year,no formal,yes,no
18798,23,other,pharmacy,4th year,phd,yes,no
18799,24,male,diploma,3rd year,graduate,yes,yes
18800,22,female,b.com,1st year,post graduate,yes,yes
18801,18,other,b.sc,4th year,post graduate,yes,no
18802,22,female,b.sc,4th year,high school,yes,yes
18803,22,male,ba,1st year,post graduate,yes,no
18804,22,other,b.tech,4th year,phd,yes,yes
18805,20,male,bba,3rd year,phd,yes,yes
18806,21,other,bca,2nd year,phd,no,yes
18807,22,other,diploma,4th year,no formal,yes,no
18808,20,female,pharmacy,3rd year,phd,yes,no
18809,23,male,nursing,4th year,high school,yes,no
18810,22,female,pharmacy,2nd year,phd,yes,yes
18811,19,male,bca,2nd year,graduate,yes,yes
18812,21,other,nursing,1st year,post graduate,yes,no
18813,23,other,diploma,4th year,post graduate,yes,yes
18814,20,other,nursing,2nd year,post graduate,no,no
18815,22,other,ba,1st year,high school,yes,no
18816,18,male,bba,1st year,post graduate,yes,yes
18817,20,male,pharmacy,2nd year,graduate,yes,yes
18818,22,female,bba,2nd year,high school,yes,yes
18819,24,female,bca,4th year,no formal,yes,no
18820,22,other,bca,3rd year,phd,yes,no
18821,22,female,b.sc,4th year,graduate,yes,yes
18822,19,other,b.tech,1st year,high school,yes,no
18823,22,female,diploma,1st year,high school,yes,yes
18824,19,male,nursing,1st year,graduate,yes,yes
18825,17,male,bca,2nd year,phd,yes,yes
18826,18,female,bca,1st year,high school,yes,yes
18827,21,male,b.tech,4th year,no formal,yes,yes
18828,24,female,b.sc,4th year,no formal,yes,no
18829,20,female,diploma,2nd year,phd,yes,no
18830,23,male,bca,4th year,post graduate,yes,no
18831,23,female,b.sc,1st year,no formal,yes,yes
18832,21,other,bca,1st year,graduate,yes,no
18833,23,male,b.tech,4th year,high school,yes,yes
18834,20,female,nursing,4th year,graduate,yes,yes
18835,20,other,b.tech,4th year,post graduate,yes,no
18836,22,male,nursing,4th year,graduate,yes,yes
18837,22,other,b.com,3rd year,graduate,yes,yes
18838,21,female,b.com,4th year,post graduate,yes,yes
18839,20,male,pharmacy,4th year,post graduate,yes,yes
18840,24,other,nursing,4th year,no formal,yes,no
18841,17,female,ba,4th year,post graduate,yes,no
18842,17,other,b.sc,2nd year,graduate,yes,yes
18843,20,female,b.tech,4th year,graduate,yes,no
18844,17,other,ba,1st year,high school,yes,no
18845,19,other,bca,2nd year,graduate,yes,yes
18846,21,other,bba,4th year,phd,yes,no
18847,20,female,pharmacy,2nd year,graduate,yes,yes
18848,18,other,nursing,4th year,no formal,yes,yes
18849,19,male,b.com,2nd year,high school,yes,yes
18850,21,female,pharmacy,2nd year,phd,yes,yes
18851,24,female,bba,2nd year,phd,yes,no
18852,23,male,b.tech,3rd year,no formal,yes,no
18853,21,other,nursing,1st year,phd,yes,yes
18854,18,other,diploma,3rd year,no formal,yes,yes
18855,18,other,ba,1st year,high school,no,yes
18856,20,female,nursing,2nd year,phd,yes,yes
18857,18,female,pharmacy,2nd year,post graduate,yes,yes
18858,22,female,pharmacy,3rd year,post graduate,yes,no
18859,19,other,pharmacy,4th year,high school,yes,yes
18860,23,other,b.com,1st year,high school,yes,yes
18861,19,male,bca,1st year,no formal,yes,no
18862,20,female,b.sc,2nd year,graduate,yes,yes
18863,22,male,diploma,4th year,graduate,yes,no
18864,18,other,bba,2nd year,no formal,yes,no
18865,23,female,nursing,4th year,high school,yes,yes
18866,21,female,pharmacy,1st year,no formal,no,yes
18867,22,male,b.com,2nd year,no formal,no,no
18868,20,male,b.com,3rd year,no formal,yes,yes
18869,24,other,b.tech,3rd year,high school,yes,no
18870,23,other,bba,2nd year,high school,no,yes
18871,18,female,ba,4th year,no formal,yes,yes
18872,21,other,pharmacy,2nd year,no formal,yes,no
18873,24,female,nursing,3rd year,phd,yes,no
18874,19,female,bba,1st year,graduate,yes,no
18875,21,male,bca,4th year,graduate,no,no
18876,23,female,bca,3rd year,phd,yes,no
18877,19,male,pharmacy,2nd year,phd,yes,yes
18878,21,male,pharmacy,2nd year,high school,yes,no
18879,21,female,ba,3rd year,post graduate,yes,no
18880,18,male,ba,1st year,high school,yes,yes
18881,18,other,diploma,2nd year,high school,yes,yes
18882,21,male,b.com,4th year,no formal,yes,yes
18883,18,other,b.sc,4th year,high school,yes,no
18884,24,male,b.com,3rd year,phd,yes,yes
18885,21,other,b.com,2nd year,no formal,yes,no
18886,22,female,bca,3rd year,no formal,yes,yes
18887,20,other,diploma,1st year,high school,yes,yes
18888,19,female,b.sc,3rd year,high school,no,yes
18889,20,female,b.tech,1st year,high school,yes,no
18890,22,male,b.sc,2nd year,phd,yes,yes
18891,20,female,pharmacy,3rd year,phd,yes,yes
18892,19,female,b.com,1st year,graduate,yes,yes
18893,18,other,bba,2nd year,phd,yes,yes
18894,21,male,bba,2nd year,high school,yes,yes
18895,22,male,b.com,4th year,high school,yes,yes
18896,21,male,nursing,4th year,post graduate,yes,yes
18897,19,male,b.tech,2nd year,phd,yes,yes
18898,18,other,bba,3rd year,no formal,yes,yes
18899,20,male,ba,1st year,graduate,yes,yes
18900,19,other,nursing,4th year,high school,yes,yes
18901,18,male,b.sc,2nd year,high school,yes,yes
18902,24,other,pharmacy,4th year,graduate,yes,no
18903,19,female,nursing,4th year,graduate,yes,no
18904,19,male,diploma,1st year,phd,yes,yes
18905,21,female,bba,2nd year,graduate,yes,yes
18906,23,other,bca,4th year,phd,yes,yes
18907,20,other,b.sc,1st year,post graduate,yes,yes
18908,22,male,b.tech,3rd year,post graduate,yes,yes
18909,17,female,diploma,3rd year,graduate,yes,no
18910,21,female,bba,3rd year,high school,yes,yes
18911,17,female,ba,3rd year,graduate,yes,yes
18912,18,other,b.com,3rd year,graduate,yes,yes
18913,21,female,bca,2nd year,no formal,yes,no
18914,18,female,bba,2nd year,phd,no,no
18915,17,female,diploma,4th year,phd,yes,yes
18916,18,other,pharmacy,1st year,post graduate,yes,yes
18917,23,other,nursing,1st year,post graduate,yes,yes
18918,21,other,b.com,1st year,no formal,yes,yes
18919,20,male,b.com,3rd year,graduate,no,yes
18920,24,male,b.sc,2nd year,phd,yes,yes
18921,20,male,bca,1st year,no formal,yes,no
18922,24,male,nursing,1st year,phd,yes,no
18923,19,other,b.com,2nd year,high school,yes,no
18924,17,other,pharmacy,1st year,high school,yes,yes
18925,17,male,ba,4th year,phd,yes,no
18926,19,female,nursing,1st year,post graduate,no,yes
18927,18,male,b.com,4th year,phd,yes,yes
18928,18,male,b.sc,4th year,phd,no,no
18929,20,female,bba,4th year,no formal,yes,no
18930,24,male,bba,1st year,high school,yes,no
18931,18,other,bba,1st year,high school,yes,no
18932,18,other,ba,4th year,phd,yes,yes
18933,24,female,bca,3rd year,graduate,yes,yes
18934,18,male,bca,3rd year,no formal,yes,yes
18935,23,female,b.sc,4th year,post graduate,yes,yes
18936,21,other,diploma,1st year,high school,yes,no
18937,24,male,b.com,2nd year,graduate,yes,yes
18938,21,other,nursing,1st year,phd,no,yes
18939,21,male,bba,4th year,high school,yes,no
18940,18,male,b.com,1st year,phd,yes,no
18941,21,female,b.sc,1st year,post graduate,yes,no
18942,22,female,pharmacy,2nd year,no formal,yes,yes
18943,24,male,diploma,3rd year,high school,yes,yes
18944,17,other,b.sc,1st year,phd,yes,no
18945,18,other,bba,4th year,phd,yes,no
18946,17,female,b.sc,4th year,post graduate,yes,yes
18947,23,female,nursing,4th year,post graduate,yes,no
18948,17,male,nursing,2nd year,phd,yes,yes
18949,24,female,nursing,2nd year,no formal,yes,yes
18950,19,male,bba,3rd year,graduate,no,yes
18951,19,male,b.sc,4th year,high school,yes,yes
18952,24,other,bba,3rd year,phd,no,yes
18953,22,female,bba,2nd year,post graduate,yes,yes
18954,21,other,b.com,3rd year,post graduate,yes,yes
18955,24,male,ba,1st year,no formal,yes,yes
18956,23,female,b.tech,4th year,post graduate,no,no
18957,22,male,bba,3rd year,phd,yes,no
18958,19,male,b.sc,2nd year,graduate,yes,yes
18959,24,other,nursing,1st year,phd,yes,yes
18960,22,female,diploma,2nd year,high school,yes,no
18961,24,female,bca,3rd year,post graduate,no,no
18962,24,other,b.com,4th year,high school,yes,yes
18963,21,other,diploma,2nd year,graduate,yes,yes
18964,19,male,pharmacy,4th year,no formal,yes,no
18965,24,female,bca,3rd year,no formal,yes,yes
18966,24,other,nursing,4th year,phd,no,no
18967,17,male,pharmacy,1st year,post graduate,no,yes
18968,22,other,nursing,4th year,graduate,no,yes
18969,21,female,b.sc,1st year,graduate,no,no
18970,22,male,nursing,2nd year,graduate,yes,no
18971,24,other,diploma,2nd year,post graduate,yes,no
18972,19,other,diploma,3rd year,high school,yes,no
18973,24,male,b.com,3rd year,high school,yes,no
18974,22,other,bba,2nd year,post graduate,no,yes
18975,17,other,pharmacy,1st year,graduate,yes,yes
18976,21,female,pharmacy,3rd year,graduate,yes,no
18977,18,female,b.sc,2nd year,graduate,yes,yes
18978,24,male,ba,4th year,phd,no,yes
18979,23,female,bca,3rd year,graduate,no,no
18980,24,other,b.tech,2nd year,no formal,no,yes
18981,21,other,b.com,1st year,phd,yes,no
18982,20,female,bca,3rd year,high school,no,yes
18983,20,male,bca,4th year,no formal,no,yes
18984,24,other,b.tech,4th year,high school,yes,yes
18985,18,other,ba,2nd year,no formal,no,no
18986,24,male,bca,1st year,no formal,yes,yes
18987,20,other,pharmacy,1st year,post graduate,yes,no
18988,21,male,pharmacy,3rd year,post graduate,yes,yes
18989,22,other,b.com,2nd year,high school,yes,yes
18990,17,other,diploma,4th year,post graduate,yes,no
18991,18,female,bba,3rd year,no formal,yes,yes
18992,18,female,b.sc,1st year,graduate,yes,no
18993,23,male,bba,3rd year,graduate,yes,yes
18994,17,male,b.sc,2nd year,post graduate,yes,no
18995,21,male,b.sc,4th year,high school,yes,yes
18996,17,other,ba,1st year,phd,yes,no
18997,23,female,b.com,2nd year,high school,no,yes
18998,24,male,b.sc,1st year,post graduate,yes,yes
18999,20,female,b.tech,3rd year,no formal,no,no
19000,18,other,bca,2nd year,post graduate,yes,yes
19001,20,female,b.tech,3rd year,graduate,yes,yes
19002,22,other,nursing,3rd year,graduate,yes,yes
19003,22,male,b.tech,4th year,high school,yes,no
19004,22,male,bca,2nd year,graduate,yes,no
19005,21,female,b.sc,3rd year,graduate,yes,yes
19006,22,female,bca,3rd year,high school,no,no
19007,18,other,b.sc,4th year,graduate,no,yes
19008,18,other,ba,1st year,high school,yes,yes
19009,24,male,bca,3rd year,post graduate,yes,yes
19010,21,other,b.sc,4th year,no formal,no,yes
19011,23,male,b.sc,2nd year,high school,yes,yes
19012,22,female,bca,2nd year,graduate,yes,no
19013,20,other,bca,2nd year,no formal,yes,no
19014,21,other,ba,3rd year,high school,yes,yes
19015,22,male,b.sc,3rd year,graduate,yes,no
19016,18,female,b.com,1st year,graduate,no,yes
19017,20,other,b.sc,1st year,high school,yes,no
19018,22,male,bca,4th year,phd,yes,no
19019,17,other,b.com,3rd year,graduate,yes,yes
19020,17,female,ba,3rd year,high school,yes,no
19021,18,male,b.com,2nd year,graduate,yes,no
19022,21,male,b.sc,4th year,high school,yes,yes
19023,18,other,nursing,4th year,no formal,yes,no
19024,20,female,bba,2nd year,graduate,yes,yes
19025,18,other,bca,2nd year,high school,yes,no
19026,19,female,b.com,4th year,graduate,no,yes
19027,17,female,b.tech,2nd year,graduate,no,yes
19028,23,other,diploma,2nd year,high school,no,yes
19029,20,other,diploma,4th year,graduate,no,no
19030,18,male,b.tech,1st year,graduate,yes,no
19031,21,other,nursing,3rd year,high school,no,yes
19032,24,male,nursing,3rd year,no formal,yes,yes
19033,23,other,nursing,2nd year,no formal,yes,no
19034,24,male,bba,1st year,graduate,no,yes
19035,20,female,diploma,4th year,post graduate,yes,yes
19036,19,male,b.tech,4th year,post graduate,yes,yes
19037,19,other,bca,4th year,post graduate,no,no
19038,19,other,b.sc,2nd year,graduate,yes,yes
19039,24,other,pharmacy,4th year,phd,yes,yes
19040,18,female,pharmacy,4th year,phd,yes,yes
19041,23,other,b.sc,1st year,no formal,yes,yes
19042,24,male,bba,2nd year,no formal,yes,no
19043,23,female,bca,2nd year,high school,yes,yes
19044,22,other,diploma,3rd year,graduate,yes,yes
19045,23,female,bba,1st year,high school,yes,yes
19046,17,male,nursing,3rd year,high school,yes,no
19047,23,female,ba,2nd year,no formal,yes,yes
19048,21,female,b.com,3rd year,phd,yes,yes
19049,24,other,diploma,3rd year,post graduate,no,no
19050,17,other,bba,3rd year,no formal,yes,no
19051,24,female,b.tech,4th year,graduate,yes,yes
19052,21,other,bca,3rd year,graduate,yes,no
19053,17,male,b.com,3rd year,graduate,yes,no
19054,21,male,nursing,3rd year,graduate,yes,yes
19055,17,female,nursing,3rd year,graduate,no,no
19056,17,other,ba,4th year,phd,yes,yes
19057,21,other,nursing,2nd year,graduate,yes,yes
19058,23,female,pharmacy,2nd year,graduate,no,yes
19059,17,male,diploma,2nd year,high school,yes,yes
19060,19,other,bca,1st year,graduate,no,no
19061,20,female,pharmacy,3rd year,post graduate,yes,no
19062,21,male,nursing,3rd year,graduate,no,no
19063,17,female,bba,2nd year,graduate,yes,yes
19064,22,other,b.tech,3rd year,post graduate,yes,yes
19065,20,male,bca,2nd year,high school,yes,no
19066,24,female,bba,4th year,no formal,yes,no
19067,19,male,ba,4th year,high school,no,yes
19068,20,other,b.sc,4th year,high school,yes,no
19069,17,male,diploma,4th year,phd,yes,yes
19070,24,other,pharmacy,4th year,high school,yes,yes
19071,23,other,bca,3rd year,phd,yes,no
19072,19,other,b.com,3rd year,graduate,yes,no
19073,20,female,b.tech,2nd year,post graduate,no,yes
19074,23,other,diploma,4th year,graduate,no,no
19075,19,male,b.sc,2nd year,no formal,yes,yes
19076,18,male,b.tech,2nd year,phd,yes,no
19077,18,male,b.sc,4th year,graduate,no,no
19078,22,male,b.sc,1st year,graduate,yes,yes
19079,18,female,ba,1st year,high school,yes,yes
19080,17,female,b.com,4th year,no formal,yes,no
19081,18,other,b.sc,3rd year,no formal,yes,no
19082,24,male,nursing,4th year,graduate,yes,no
19083,23,female,nursing,2nd year,high school,yes,yes
19084,24,other,b.com,1st year,graduate,yes,yes
19085,19,male,ba,2nd year,phd,no,yes
19086,20,other,nursing,4th year,post graduate,no,yes
19087,20,female,pharmacy,3rd year,post graduate,no,no
19088,21,female,nursing,4th year,post graduate,yes,yes
19089,17,male,bba,1st year,no formal,yes,no
19090,21,male,pharmacy,2nd year,post graduate,yes,yes
19091,17,other,diploma,3rd year,phd,no,yes
19092,19,other,diploma,1st year,phd,yes,no
19093,19,female,b.tech,2nd year,no formal,yes,yes
19094,22,female,bca,4th year,no formal,yes,yes
19095,24,female,b.com,1st year,phd,yes,yes
19096,22,female,bca,1st year,post graduate,yes,no
19097,20,other,bca,3rd year,no formal,no,yes
19098,21,female,b.tech,1st year,phd,no,yes
19099,21,male,bba,1st year,phd,yes,yes
19100,18,male,bba,3rd year,high school,yes,yes
19101,24,other,b.tech,3rd year,high school,no,yes
19102,24,other,nursing,4th year,post graduate,yes,yes
19103,18,male,pharmacy,1st year,high school,yes,yes
19104,17,male,b.tech,4th year,no formal,yes,yes
19105,18,male,b.sc,3rd year,post graduate,yes,yes
19106,22,female,b.sc,3rd year,graduate,yes,yes
19107,17,female,ba,1st year,high school,no,yes
19108,17,male,bca,4th year,high school,yes,yes
19109,22,male,b.com,1st year,graduate,yes,no
19110,18,male,nursing,3rd year,high school,yes,no
19111,17,female,b.com,1st year,no formal,yes,no
19112,17,male,b.com,3rd year,post graduate,yes,yes
19113,22,female,bca,2nd year,high school,yes,yes
19114,19,male,nursing,1st year,graduate,yes,no
19115,19,other,b.com,1st year,high school,yes,yes
19116,22,other,ba,2nd year,no formal,yes,no
19117,18,female,ba,2nd year,graduate,no,yes
19118,21,other,bba,2nd year,post graduate,yes,no
19119,20,female,ba,2nd year,graduate,yes,no
19120,22,male,pharmacy,1st year,graduate,yes,no
19121,21,male,b.sc,2nd year,post graduate,yes,yes
19122,22,male,ba,2nd year,no formal,yes,no
19123,18,other,b.com,2nd year,post graduate,yes,yes
19124,18,other,bca,1st year,phd,yes,yes
19125,21,female,nursing,1st year,no formal,yes,yes
19126,17,male,pharmacy,1st year,phd,no,no
19127,20,male,ba,3rd year,graduate,yes,no
19128,22,female,b.com,3rd year,high school,yes,yes
19129,23,male,pharmacy,4th year,high school,yes,yes
19130,22,male,b.tech,1st year,phd,no,no
19131,24,male,b.sc,2nd year,graduate,yes,no
19132,21,female,pharmacy,1st year,phd,yes,no
19133,20,male,nursing,4th year,post graduate,yes,no
19134,18,other,bca,4th year,graduate,yes,yes
19135,22,female,b.com,1st year,no formal,yes,yes
19136,23,male,pharmacy,4th year,phd,yes,yes
19137,19,male,pharmacy,4th year,high school,yes,no
19138,17,other,nursing,3rd year,post graduate,yes,yes
19139,17,female,diploma,4th year,no formal,yes,no
19140,22,other,bca,1st year,phd,yes,yes
19141,22,other,ba,2nd year,no formal,yes,no
19142,17,other,bba,3rd year,no formal,yes,yes
19143,17,other,bba,3rd year,high school,yes,no
19144,22,other,bba,3rd year,post graduate,yes,yes
19145,20,other,nursing,4th year,phd,yes,yes
19146,20,other,b.sc,1st year,high school,yes,no
19147,19,male,b.tech,4th year,graduate,yes,yes
19148,22,female,bba,1st year,post graduate,yes,no
19149,22,other,b.sc,2nd year,phd,yes,no
19150,17,other,nursing,2nd year,high school,yes,yes
19151,17,male,nursing,4th year,no formal,yes,yes
19152,21,male,pharmacy,2nd year,post graduate,yes,no
19153,21,male,ba,4th year,no formal,yes,yes
19154,18,other,pharmacy,1st year,phd,yes,yes
19155,18,female,b.tech,4th year,graduate,yes,no
19156,22,female,pharmacy,1st year,graduate,yes,yes
19157,20,male,b.com,3rd year,graduate,yes,yes
19158,17,male,b.tech,2nd year,graduate,yes,yes
19159,21,other,nursing,1st year,no formal,no,no
19160,17,male,bba,3rd year,no formal,yes,yes
19161,18,male,ba,4th year,high school,yes,yes
19162,22,male,b.sc,3rd year,high school,yes,yes
19163,18,male,ba,3rd year,phd,yes,no
19164,17,female,bca,4th year,phd,yes,yes
19165,24,other,b.sc,2nd year,high school,no,no
19166,18,male,pharmacy,1st year,post graduate,yes,yes
19167,21,female,diploma,3rd year,graduate,no,yes
19168,23,male,nursing,4th year,post graduate,yes,no
19169,24,female,b.tech,1st year,post graduate,yes,yes
19170,23,male,nursing,2nd year,phd,yes,yes
19171,19,female,nursing,2nd year,phd,yes,no
19172,23,female,ba,4th year,graduate,yes,yes
19173,17,female,bca,4th year,phd,yes,no
19174,19,male,bba,3rd year,graduate,yes,no
19175,18,male,nursing,2nd year,no formal,yes,yes
19176,21,male,b.com,3rd year,high school,yes,yes
19177,24,other,pharmacy,2nd year,post graduate,yes,yes
19178,23,male,bba,3rd year,no formal,yes,no
19179,24,female,b.tech,4th year,phd,yes,yes
19180,18,female,b.com,3rd year,phd,yes,yes
19181,23,female,b.sc,4th year,high school,yes,no
19182,22,male,nursing,3rd year,phd,yes,yes
19183,20,female,ba,2nd year,post graduate,yes,yes
19184,17,other,bba,1st year,high school,yes,no
19185,17,other,ba,4th year,phd,yes,yes
19186,24,male,diploma,2nd year,graduate,yes,yes
19187,19,female,pharmacy,4th year,graduate,no,yes
19188,22,male,nursing,4th year,graduate,yes,yes
19189,24,other,pharmacy,3rd year,phd,yes,no
19190,20,female,b.com,3rd year,post graduate,yes,yes
19191,18,other,bca,2nd year,graduate,yes,yes
19192,20,other,bca,1st year,post graduate,yes,yes
19193,18,male,b.com,4th year,post graduate,no,yes
19194,18,female,nursing,4th year,no formal,yes,yes
19195,23,female,pharmacy,3rd year,graduate,yes,yes
19196,19,male,pharmacy,4th year,post graduate,yes,yes
19197,22,other,pharmacy,1st year,no formal,yes,yes
19198,22,female,b.sc,3rd year,post graduate,yes,no
19199,21,male,b.sc,1st year,no formal,no,yes
19200,21,female,diploma,3rd year,no formal,yes,yes
19201,18,other,diploma,4th year,high school,yes,no
19202,21,female,ba,2nd year,post graduate,no,no
19203,23,other,b.sc,2nd year,no formal,yes,yes
19204,18,other,b.com,3rd year,graduate,yes,yes
19205,18,female,b.sc,2nd year,no formal,yes,yes
19206,22,other,b.sc,4th year,phd,yes,yes
19207,24,female,b.sc,2nd year,post graduate,yes,yes
19208,20,female,bca,2nd year,phd,no,yes
19209,23,other,bba,2nd year,high school,yes,no
19210,18,male,ba,2nd year,graduate,yes,yes
19211,21,other,bba,2nd year,high school,no,no
19212,24,female,diploma,4th year,high school,yes,no
19213,20,female,b.tech,3rd year,graduate,yes,yes
19214,21,other,b.com,2nd year,phd,yes,no
19215,18,female,b.sc,1st year,phd,no,no
19216,21,other,b.tech,4th year,high school,yes,yes
19217,21,female,b.sc,1st year,high school,no,yes
19218,24,male,diploma,2nd year,graduate,no,no
19219,18,female,nursing,3rd year,post graduate,yes,no
19220,19,male,b.sc,1st year,high school,yes,yes
19221,22,other,diploma,2nd year,no formal,yes,yes
19222,24,male,b.com,4th year,no formal,yes,yes
19223,18,female,b.sc,1st year,high school,yes,no
19224,22,other,b.com,1st year,phd,yes,no
19225,24,male,pharmacy,1st year,post graduate,yes,yes
19226,22,female,ba,3rd year,high school,yes,yes
19227,20,female,diploma,1st year,graduate,yes,yes
19228,18,female,bba,1st year,post graduate,yes,yes
19229,19,other,ba,2nd year,high school,yes,yes
19230,17,male,nursing,3rd year,post graduate,yes,yes
19231,18,female,pharmacy,4th year,post graduate,yes,yes
19232,20,male,bca,1st year,post graduate,yes,no
19233,18,female,nursing,3rd year,no formal,no,no
19234,17,other,b.sc,4th year,no formal,yes,no
19235,22,male,pharmacy,3rd year,graduate,yes,no
19236,17,female,b.sc,4th year,graduate,yes,yes
19237,18,male,b.sc,1st year,high school,yes,yes
19238,21,male,nursing,1st year,phd,no,yes
19239,24,other,bba,3rd year,high school,yes,yes
19240,22,other,b.com,2nd year,high school,yes,no
19241,17,other,b.tech,3rd year,no formal,yes,yes
19242,18,female,b.sc,3rd year,no formal,yes,yes
19243,22,female,nursing,2nd year,high school,yes,no
19244,22,other,b.tech,4th year,post graduate,no,no
19245,20,female,pharmacy,4th year,graduate,yes,yes
19246,24,other,diploma,2nd year,post graduate,yes,yes
19247,24,male,b.sc,1st year,post graduate,yes,yes
19248,22,male,diploma,4th year,graduate,yes,no
19249,22,female,bba,4th year,graduate,yes,no
19250,23,male,ba,4th year,high school,no,no
19251,18,male,bba,1st year,no formal,yes,no
19252,22,male,b.tech,3rd year,high school,yes,yes
19253,24,male,nursing,4th year,graduate,no,yes
19254,18,other,nursing,2nd year,high school,no,no
19255,17,female,b.sc,4th year,no formal,yes,yes
19256,19,other,b.tech,3rd year,graduate,yes,yes
19257,19,male,ba,2nd year,graduate,yes,no
19258,24,male,bba,3rd year,phd,no,no
19259,20,female,diploma,3rd year,phd,yes,no
19260,22,other,nursing,3rd year,post graduate,no,yes
19261,24,other,b.tech,1st year,graduate,yes,yes
19262,23,other,b.com,2nd year,post graduate,yes,yes
19263,22,female,bca,3rd year,phd,yes,no
19264,24,other,ba,3rd year,graduate,yes,yes
19265,22,male,pharmacy,2nd year,high school,yes,yes
19266,18,female,bca,4th year,post graduate,yes,yes
19267,22,male,b.com,2nd year,no formal,yes,no
19268,19,male,diploma,2nd year,graduate,no,no
19269,19,female,ba,2nd year,phd,yes,no
19270,22,other,bba,3rd year,phd,yes,yes
19271,19,male,diploma,3rd year,post graduate,yes,no
19272,17,other,ba,2nd year,graduate,no,yes
19273,24,female,diploma,4th year,high school,yes,yes
19274,21,other,ba,1st year,high school,yes,no
19275,22,male,bca,4th year,graduate,yes,yes
19276,23,other,bba,1st year,graduate,yes,no
19277,22,male,bca,2nd year,high school,yes,no
19278,21,female,ba,2nd year,high school,yes,yes
19279,23,other,b.sc,2nd year,post graduate,yes,yes
19280,19,other,b.com,3rd year,graduate,yes,no
19281,23,male,ba,4th year,graduate,yes,no
19282,22,male,b.com,4th year,phd,yes,yes
19283,18,female,ba,3rd year,phd,yes,yes
19284,18,female,bba,1st year,post graduate,yes,yes
19285,24,male,b.com,4th year,post graduate,no,yes
19286,24,male,ba,2nd year,high school,yes,no
19287,24,male,b.com,3rd year,phd,yes,no
19288,17,male,bca,4th year,post graduate,yes,no
19289,24,female,bba,3rd year,graduate,yes,yes
19290,23,male,bca,1st year,no formal,no,yes
19291,23,other,ba,2nd year,graduate,no,no
19292,20,other,pharmacy,4th year,post graduate,yes,yes
19293,21,male,bba,4th year,no formal,yes,no
19294,20,other,bca,3rd year,high school,yes,no
19295,17,female,ba,2nd year,post graduate,yes,yes
19296,21,male,diploma,4th year,post graduate,yes,yes
19297,18,male,bca,3rd year,high school,yes,yes
19298,18,female,b.tech,3rd year,phd,yes,no
19299,17,other,diploma,4th year,phd,yes,yes
19300,20,male,diploma,4th year,no formal,yes,no
19301,17,male,ba,4th year,no formal,yes,yes
19302,23,female,bba,3rd year,post graduate,yes,yes
19303,24,other,b.tech,1st year,no formal,yes,no
19304,23,male,nursing,2nd year,post graduate,yes,yes
19305,19,other,nursing,1st year,graduate,yes,yes
19306,18,female,pharmacy,4th year,post graduate,no,yes
19307,21,male,bca,2nd year,no formal,yes,yes
19308,22,other,b.com,1st year,phd,no,yes
19309,17,male,b.com,3rd year,no formal,yes,yes
19310,23,female,pharmacy,3rd year,graduate,yes,yes
19311,20,female,b.tech,1st year,phd,yes,no
19312,23,other,diploma,2nd year,no formal,yes,yes
19313,17,other,b.tech,2nd year,post graduate,yes,yes
19314,20,other,diploma,4th year,post graduate,yes,no
19315,20,female,bca,1st year,phd,yes,no
19316,17,male,bba,4th year,graduate,yes,yes
19317,22,male,diploma,1st year,high school,yes,no
19318,24,female,ba,4th year,phd,yes,yes
19319,21,female,bca,1st year,no formal,yes,yes
19320,20,male,nursing,1st year,post graduate,yes,yes
19321,22,male,bba,2nd year,no formal,yes,yes
19322,19,female,b.tech,4th year,post graduate,yes,yes
19323,19,other,pharmacy,2nd year,no formal,no,no
19324,23,other,bba,4th year,high school,yes,yes
19325,21,other,ba,2nd year,phd,yes,no
19326,19,female,b.tech,2nd year,graduate,yes,yes
19327,20,other,b.tech,3rd year,no formal,yes,no
19328,23,female,b.com,1st year,phd,yes,yes
19329,21,female,pharmacy,1st year,graduate,yes,yes
19330,17,male,diploma,2nd year,graduate,no,yes
19331,23,female,ba,4th year,phd,yes,yes
19332,22,male,diploma,1st year,graduate,yes,yes
19333,19,female,ba,4th year,graduate,yes,no
19334,24,other,pharmacy,3rd year,post graduate,yes,yes
19335,24,female,b.com,2nd year,no formal,yes,no
19336,24,male,diploma,1st year,no formal,yes,no
19337,20,other,ba,3rd year,post graduate,yes,yes
19338,24,other,diploma,2nd year,post graduate,yes,yes
19339,23,female,b.sc,1st year,phd,yes,no
19340,23,male,pharmacy,3rd year,no formal,yes,no
19341,21,male,b.com,4th year,no formal,yes,yes
19342,19,male,bba,2nd year,phd,no,yes
19343,18,other,diploma,2nd year,no formal,yes,yes
19344,24,male,bca,4th year,graduate,yes,yes
19345,21,female,bba,2nd year,graduate,yes,no
19346,24,other,nursing,1st year,no formal,yes,yes
19347,21,other,pharmacy,4th year,post graduate,yes,yes
19348,21,male,diploma,3rd year,post graduate,yes,yes
19349,17,other,b.sc,4th year,high school,yes,yes
19350,20,other,diploma,4th year,phd,no,yes
19351,21,female,bba,4th year,post graduate,no,yes
19352,17,male,bba,2nd year,high school,yes,no
19353,18,other,pharmacy,3rd year,high school,yes,no
19354,21,female,bba,2nd year,no formal,no,yes
19355,18,female,nursing,4th year,graduate,no,yes
19356,22,female,bca,4th year,graduate,yes,yes
19357,20,male,b.tech,3rd year,no formal,yes,no
19358,20,female,diploma,2nd year,post graduate,no,no
19359,17,male,bba,4th year,high school,no,yes
19360,20,male,bba,4th year,no formal,no,no
19361,21,female,b.com,1st year,no formal,no,no
19362,21,male,b.sc,4th year,graduate,yes,no
19363,19,other,diploma,2nd year,phd,yes,no
19364,17,other,b.com,2nd year,graduate,yes,yes
19365,24,female,b.tech,2nd year,post graduate,yes,yes
19366,24,female,bba,4th year,phd,yes,yes
19367,24,male,diploma,2nd year,post graduate,yes,no
19368,19,male,b.sc,3rd year,phd,yes,no
19369,21,other,ba,2nd year,graduate,yes,yes
19370,18,female,ba,4th year,no formal,yes,yes
19371,24,other,pharmacy,1st year,post graduate,no,yes
19372,17,male,b.sc,3rd year,post graduate,yes,yes
19373,20,male,pharmacy,2nd year,graduate,yes,yes
19374,23,female,b.sc,4th year,graduate,no,yes
19375,22,other,bca,4th year,no formal,no,yes
19376,23,female,nursing,2nd year,graduate,yes,no
19377,20,other,pharmacy,4th year,phd,yes,yes
19378,17,male,bba,3rd year,no formal,yes,yes
19379,17,other,bba,1st year,post graduate,yes,yes
19380,18,female,nursing,4th year,post graduate,yes,yes
19381,17,male,pharmacy,3rd year,post graduate,yes,yes
19382,20,female,b.tech,4th year,phd,yes,yes
19383,17,other,b.com,2nd year,no formal,yes,no
19384,18,other,b.com,2nd year,high school,no,no
19385,20,male,nursing,1st year,high school,yes,yes
19386,22,other,b.tech,1st year,no formal,no,yes
19387,22,male,b.sc,3rd year,no formal,yes,yes
19388,17,female,b.tech,4th year,post graduate,no,yes
19389,24,female,pharmacy,3rd year,high school,no,yes
19390,21,other,b.tech,3rd year,phd,yes,yes
19391,19,female,b.com,1st year,phd,yes,no
19392,20,male,bba,1st year,post graduate,yes,no
19393,23,female,ba,2nd year,phd,no,yes
19394,20,other,b.tech,3rd year,high school,yes,no
19395,18,other,ba,2nd year,post graduate,yes,yes
19396,20,male,nursing,4th year,phd,yes,no
19397,17,female,b.com,2nd year,no formal,no,yes
19398,18,male,bba,4th year,graduate,no,no
19399,19,female,bba,2nd year,phd,yes,no
19400,18,female,b.com,2nd year,graduate,yes,no
19401,19,other,b.tech,2nd year,phd,no,no
19402,17,male,nursing,4th year,no formal,yes,no
19403,21,other,pharmacy,2nd year,high school,yes,yes
19404,17,other,bba,2nd year,no formal,no,no
19405,18,female,nursing,1st year,post graduate,no,yes
19406,24,female,ba,2nd year,graduate,yes,no
19407,17,female,pharmacy,1st year,no formal,yes,yes
19408,19,male,bca,4th year,phd,no,yes
19409,21,other,nursing,4th year,graduate,yes,no
19410,19,female,diploma,2nd year,post graduate,yes,yes
19411,19,male,pharmacy,4th year,post graduate,yes,no
19412,18,female,bca,2nd year,phd,yes,yes
19413,20,other,nursing,4th year,high school,no,no
19414,23,other,pharmacy,1st year,graduate,yes,yes
19415,21,male,diploma,4th year,no formal,yes,yes
19416,24,other,ba,1st year,post graduate,yes,yes
19417,22,other,b.tech,2nd year,high school,no,yes
19418,23,male,ba,2nd year,post graduate,yes,yes
19419,20,female,diploma,1st year,no formal,yes,yes
19420,21,other,nursing,4th year,high school,yes,yes
19421,21,male,diploma,2nd year,graduate,yes,no
19422,23,female,bca,2nd year,no formal,yes,yes
19423,21,female,bba,1st year,no formal,yes,no
19424,20,male,pharmacy,3rd year,phd,yes,yes
19425,17,male,b.com,1st year,graduate,yes,yes
19426,23,female,nursing,2nd year,no formal,yes,yes
19427,20,male,bba,4th year,no formal,yes,yes
19428,23,male,bba,4th year,phd,yes,yes
19429,22,male,ba,1st year,no formal,yes,yes
19430,17,male,bca,3rd year,phd,yes,no
19431,22,female,pharmacy,3rd year,high school,yes,no
19432,20,male,ba,4th year,no formal,yes,no
19433,18,female,b.sc,1st year,phd,yes,no
19434,19,other,b.sc,2nd year,no formal,yes,yes
19435,22,female,b.sc,1st year,phd,no,yes
19436,17,other,ba,3rd year,post graduate,yes,yes
19437,21,male,b.tech,3rd year,phd,yes,no
19438,23,other,b.com,1st year,graduate,yes,no
19439,17,male,diploma,1st year,phd,yes,no
19440,17,male,diploma,1st year,post graduate,yes,yes
19441,17,other,diploma,1st year,no formal,yes,yes
19442,22,female,diploma,3rd year,high school,no,no
19443,23,other,b.tech,1st year,no formal,yes,no
19444,24,other,pharmacy,4th year,phd,yes,yes
19445,17,female,b.com,3rd year,graduate,yes,yes
19446,20,male,b.tech,1st year,graduate,no,yes
19447,17,female,nursing,4th year,phd,yes,yes
19448,19,female,bba,3rd year,graduate,no,no
19449,19,female,ba,4th year,phd,yes,yes
19450,21,male,ba,3rd year,phd,yes,yes
19451,24,other,bca,3rd year,high school,yes,yes
19452,23,female,bba,2nd year,post graduate,no,no
19453,17,other,b.tech,3rd year,no formal,yes,no
19454,18,female,b.sc,4th year,post graduate,yes,no
19455,19,female,pharmacy,4th year,graduate,yes,yes
19456,19,male,bba,3rd year,phd,yes,yes
19457,19,other,pharmacy,4th year,no formal,yes,no
19458,21,male,bca,4th year,phd,yes,yes
19459,22,male,diploma,3rd year,graduate,yes,yes
19460,24,other,b.com,4th year,phd,yes,no
19461,22,female,nursing,1st year,phd,no,no
19462,19,female,bca,4th year,phd,yes,no
19463,18,male,diploma,4th year,high school,yes,yes
19464,20,male,b.com,2nd year,no formal,yes,yes
19465,23,female,bca,4th year,no formal,no,yes
19466,24,male,ba,4th year,phd,no,yes
19467,20,female,pharmacy,1st year,post graduate,yes,no
19468,18,other,pharmacy,4th year,phd,yes,no
19469,17,female,ba,3rd year,high school,no,yes
19470,17,female,b.tech,1st year,graduate,yes,no
19471,22,male,b.com,1st year,no formal,yes,yes
19472,21,female,b.com,3rd year,post graduate,yes,yes
19473,22,other,b.tech,3rd year,phd,yes,no
19474,17,female,pharmacy,4th year,post graduate,yes,yes
19475,20,other,bba,3rd year,phd,yes,yes
19476,18,other,b.sc,2nd year,graduate,yes,no
19477,19,other,bca,2nd year,graduate,yes,yes
19478,21,female,ba,3rd year,no formal,yes,yes
19479,19,male,b.sc,2nd year,high school,yes,no
19480,22,male,bba,3rd year,post graduate,yes,yes
19481,19,other,bca,1st year,high school,no,yes
19482,21,female,bca,4th year,high school,yes,no
19483,20,other,b.com,1st year,graduate,no,no
19484,20,other,bca,1st year,graduate,yes,yes
19485,18,female,nursing,4th year,phd,yes,yes
19486,21,male,bca,2nd year,phd,yes,no
19487,24,other,pharmacy,3rd year,no formal,yes,no
19488,22,male,pharmacy,2nd year,no formal,no,yes
19489,22,female,bba,4th year,phd,yes,no
19490,23,male,ba,1st year,phd,yes,yes
19491,17,male,bba,2nd year,graduate,yes,yes
19492,23,female,bba,1st year,graduate,yes,yes
19493,18,female,b.sc,3rd year,post graduate,yes,no
19494,22,female,pharmacy,3rd year,phd,yes,yes
19495,24,female,bca,2nd year,high school,no,yes
19496,24,female,b.sc,4th year,high school,yes,yes
19497,20,male,pharmacy,4th year,phd,no,yes
19498,23,male,pharmacy,4th year,no formal,no,yes
19499,21,other,bca,4th year,no formal,no,yes
19500,18,other,pharmacy,4th year,post graduate,yes,yes
19501,18,female,pharmacy,2nd year,high school,no,no
19502,24,male,pharmacy,4th year,graduate,yes,yes
19503,24,other,pharmacy,3rd year,graduate,yes,no
19504,24,other,b.tech,1st year,post graduate,yes,no
19505,20,male,b.tech,1st year,no formal,yes,no
19506,19,male,bca,2nd year,post graduate,yes,yes
19507,23,male,diploma,3rd year,post graduate,yes,yes
19508,17,other,nursing,1st year,graduate,yes,no
19509,24,other,bca,3rd year,high school,no,no
19510,21,female,b.com,3rd year,phd,yes,yes
19511,22,male,pharmacy,3rd year,no formal,yes,yes
19512,20,female,bca,4th year,high school,no,yes
19513,24,male,diploma,2nd year,graduate,no,no
19514,22,male,b.com,1st year,high school,yes,no
19515,17,male,diploma,4th year,post graduate,no,no
19516,21,male,b.sc,3rd year,phd,yes,no
19517,23,male,nursing,3rd year,graduate,yes,no
19518,17,other,nursing,3rd year,high school,yes,no
19519,22,female,diploma,2nd year,post graduate,yes,yes
19520,18,female,pharmacy,1st year,graduate,yes,yes
19521,21,female,pharmacy,3rd year,phd,yes,yes
19522,24,other,b.tech,4th year,post graduate,yes,yes
19523,20,other,b.sc,1st year,no formal,yes,yes
19524,17,female,b.sc,2nd year,high school,yes,yes
19525,17,other,b.com,4th year,high school,yes,yes
19526,22,female,bca,2nd year,high school,yes,yes
19527,24,male,b.sc,1st year,phd,no,yes
19528,19,other,b.tech,4th year,no formal,yes,yes
19529,24,other,bca,1st year,post graduate,yes,yes
19530,20,female,bca,1st year,high school,yes,no
19531,17,female,ba,2nd year,graduate,yes,no
19532,21,other,diploma,2nd year,high school,yes,yes
19533,24,female,bca,2nd year,no formal,no,no
19534,19,female,ba,4th year,no formal,yes,yes
19535,24,other,b.tech,3rd year,high school,yes,yes
19536,22,male,diploma,2nd year,phd,yes,no
19537,20,female,bca,3rd year,high school,yes,no
19538,22,other,b.sc,3rd year,phd,yes,no
19539,20,male,b.sc,3rd year,phd,yes,yes
19540,17,male,b.com,2nd year,no formal,yes,yes
19541,23,female,b.sc,3rd year,phd,yes,no
19542,19,male,nursing,2nd year,post graduate,yes,yes
19543,21,female,pharmacy,2nd year,graduate,yes,yes
19544,22,male,b.tech,1st year,graduate,no,no
19545,17,female,b.com,1st year,phd,yes,yes
19546,22,female,b.com,4th year,no formal,yes,yes
19547,19,male,pharmacy,4th year,no formal,yes,no
19548,21,female,bca,2nd year,no formal,yes,no
19549,20,male,pharmacy,2nd year,phd,yes,yes
19550,23,male,b.com,4th year,post graduate,yes,yes
19551,18,female,b.tech,3rd year,graduate,yes,yes
19552,17,male,bba,1st year,no formal,yes,no
19553,20,other,nursing,3rd year,no formal,yes,yes
19554,17,male,nursing,4th year,phd,yes,no
19555,18,female,bba,1st year,phd,yes,no
19556,22,male,b.com,4th year,post graduate,yes,yes
19557,23,female,b.tech,4th year,phd,no,yes
19558,22,male,ba,1st year,post graduate,yes,no
19559,19,other,bba,4th year,post graduate,yes,yes
19560,23,male,b.tech,3rd year,phd,yes,yes
19561,20,female,pharmacy,1st year,graduate,yes,yes
19562,18,other,diploma,4th year,no formal,no,no
19563,23,female,b.com,4th year,no formal,yes,no
19564,21,other,ba,3rd year,post graduate,yes,no
19565,19,male,ba,4th year,no formal,yes,yes
19566,22,male,nursing,4th year,high school,yes,yes
19567,22,other,diploma,2nd year,phd,yes,yes
19568,18,male,b.tech,1st year,graduate,yes,yes
19569,17,female,b.com,4th year,graduate,yes,no
19570,21,male,nursing,4th year,high school,yes,yes
19571,17,female,ba,2nd year,high school,yes,no
19572,22,female,nursing,3rd year,no formal,yes,no
19573,20,other,bba,3rd year,phd,yes,yes
19574,18,female,diploma,2nd year,post graduate,yes,yes
19575,21,other,bba,3rd year,phd,no,yes
19576,20,other,diploma,3rd year,high school,yes,yes
19577,20,other,ba,4th year,no formal,yes,no
19578,18,other,b.com,2nd year,no formal,yes,no
19579,22,female,nursing,1st year,phd,no,yes
19580,24,female,ba,2nd year,phd,yes,no
19581,21,male,b.tech,1st year,phd,yes,yes
19582,18,male,ba,1st year,no formal,yes,no
19583,23,female,ba,3rd year,graduate,no,yes
19584,17,female,b.com,4th year,high school,yes,yes
19585,19,male,nursing,1st year,graduate,yes,no
19586,17,other,bba,2nd year,no formal,yes,no
19587,23,other,ba,1st year,high school,yes,yes
19588,17,male,diploma,2nd year,graduate,yes,yes
19589,21,male,bca,3rd year,high school,yes,no
19590,18,other,bba,4th year,phd,yes,no
19591,18,male,pharmacy,4th year,no formal,yes,no
19592,21,male,pharmacy,4th year,phd,no,no
19593,23,male,bba,2nd year,no formal,yes,yes
19594,17,other,diploma,4th year,post graduate,no,no
19595,18,male,b.tech,2nd year,post graduate,yes,no
19596,19,male,ba,1st year,graduate,yes,yes
19597,24,female,ba,4th year,no formal,yes,no
19598,17,female,ba,4th year,phd,yes,no
19599,18,other,nursing,1st year,phd,yes,yes
19600,20,male,bca,1st year,post graduate,yes,no
19601,19,male,bba,4th year,phd,yes,yes
19602,17,female,ba,2nd year,phd,yes,no
19603,21,female,bca,4th year,phd,yes,yes
19604,21,female,b.sc,4th year,high school,yes,yes
19605,18,male,b.com,3rd year,phd,yes,no
19606,22,female,bba,1st year,post graduate,no,no
19607,17,other,b.com,3rd year,no formal,yes,no
19608,22,other,diploma,1st year,no formal,yes,yes
19609,19,other,pharmacy,3rd year,high school,yes,no
19610,18,male,ba,3rd year,graduate,yes,yes
19611,18,other,bca,2nd year,phd,yes,yes
19612,23,other,b.com,2nd year,phd,yes,no
19613,21,female,nursing,4th year,phd,yes,yes
19614,22,male,b.sc,2nd year,post graduate,yes,yes
19615,18,female,bba,4th year,no formal,no,yes
19616,17,other,ba,4th year,post graduate,yes,no
19617,17,female,diploma,4th year,high school,no,no
19618,20,male,b.com,4th year,high school,yes,yes
19619,19,male,b.sc,3rd year,graduate,yes,yes
19620,23,female,diploma,4th year,high school,yes,no
19621,23,other,bca,3rd year,post graduate,yes,yes
19622,19,female,bca,1st year,phd,yes,no
19623,20,other,nursing,1st year,high school,yes,yes
19624,20,other,b.com,3rd year,high school,no,no
19625,22,other,b.com,3rd year,phd,no,yes
19626,22,female,pharmacy,4th year,no formal,no,yes
19627,22,other,b.sc,3rd year,phd,no,no
19628,17,male,bca,1st year,high school,yes,yes
19629,19,male,ba,4th year,phd,yes,yes
19630,24,other,b.sc,2nd year,post graduate,yes,no
19631,19,other,pharmacy,4th year,no formal,yes,yes
19632,18,male,nursing,1st year,graduate,no,yes
19633,18,female,b.sc,1st year,high school,yes,yes
19634,17,male,diploma,1st year,no formal,yes,no
19635,23,male,diploma,4th year,post graduate,no,yes
19636,17,female,bba,1st year,post graduate,yes,no
19637,21,female,pharmacy,3rd year,phd,yes,no
19638,20,other,b.com,3rd year,post graduate,yes,no
19639,17,other,b.tech,4th year,post graduate,no,yes
19640,24,other,nursing,3rd year,post graduate,yes,yes
19641,22,male,ba,1st year,post graduate,yes,no
19642,23,other,b.sc,1st year,no formal,yes,yes
19643,24,female,pharmacy,1st year,post graduate,yes,yes
19644,24,male,ba,3rd year,no formal,yes,yes
19645,22,female,nursing,2nd year,graduate,yes,yes
19646,21,male,nursing,1st year,graduate,yes,yes
19647,22,female,b.com,1st year,phd,yes,no
19648,20,other,nursing,1st year,high school,yes,yes
19649,18,other,bba,2nd year,no formal,yes,yes
19650,20,male,bca,4th year,no formal,yes,yes
19651,20,male,b.com,4th year,high school,yes,no
19652,17,female,b.tech,2nd year,phd,no,no
19653,23,male,b.sc,2nd year,post graduate,yes,yes
19654,24,other,b.com,4th year,phd,yes,no
19655,20,male,bba,4th year,post graduate,no,no
19656,20,male,nursing,2nd year,no formal,yes,no
19657,23,male,b.sc,2nd year,no formal,no,no
19658,20,female,diploma,1st year,graduate,yes,yes
19659,22,other,diploma,1st year,graduate,yes,yes
19660,21,other,nursing,4th year,graduate,yes,yes
19661,19,other,nursing,1st year,graduate,yes,no
19662,23,female,b.tech,1st year,graduate,yes,yes
19663,18,male,b.sc,2nd year,high school,yes,yes
19664,18,other,pharmacy,2nd year,graduate,yes,no
19665,22,other,bca,1st year,high school,yes,no
19666,22,female,b.com,3rd year,graduate,yes,yes
19667,24,other,pharmacy,3rd year,phd,yes,yes
19668,22,male,b.com,3rd year,graduate,yes,yes
19669,17,female,b.com,4th year,phd,no,no
19670,23,other,nursing,4th year,no formal,no,yes
19671,20,female,pharmacy,2nd year,post graduate,yes,yes
19672,17,other,ba,4th year,post graduate,yes,no
19673,21,other,bca,3rd year,no formal,yes,yes
19674,18,other,bca,1st year,graduate,yes,yes
19675,20,male,b.com,2nd year,post graduate,yes,yes
19676,20,female,bba,1st year,no formal,yes,no
19677,17,female,b.tech,4th year,phd,yes,yes
19678,23,female,nursing,3rd year,high school,yes,yes
19679,21,other,nursing,4th year,post graduate,yes,yes
19680,24,male,b.sc,1st year,high school,yes,yes
19681,20,male,bca,3rd year,no formal,yes,yes
19682,21,male,b.tech,3rd year,high school,yes,yes
19683,23,other,b.tech,3rd year,no formal,yes,no
19684,18,other,bca,2nd year,no formal,no,yes
19685,24,male,nursing,1st year,graduate,yes,no
19686,18,other,nursing,4th year,post graduate,no,no
19687,24,male,b.com,2nd year,phd,yes,yes
19688,22,female,pharmacy,4th year,graduate,yes,yes
19689,21,male,bba,2nd year,graduate,yes,no
19690,18,other,ba,2nd year,graduate,no,no
19691,21,other,ba,2nd year,phd,yes,yes
19692,21,female,diploma,1st year,high school,yes,yes
19693,24,other,ba,3rd year,post graduate,yes,no
19694,23,other,ba,4th year,post graduate,yes,no
19695,20,male,ba,2nd year,no formal,yes,yes
19696,20,female,b.com,1st year,phd,no,yes
19697,20,male,ba,1st year,graduate,yes,no
19698,20,other,b.tech,1st year,graduate,no,no
19699,17,female,nursing,2nd year,high school,yes,yes
19700,17,other,b.com,2nd year,graduate,yes,yes
19701,23,female,bba,3rd year,graduate,yes,yes
19702,19,female,b.sc,2nd year,phd,yes,no
19703,20,male,bba,2nd year,high school,no,yes
19704,22,other,b.com,1st year,post graduate,yes,yes
19705,21,male,b.sc,3rd year,phd,yes,yes
19706,19,female,b.com,2nd year,graduate,yes,no
19707,23,female,pharmacy,3rd year,no formal,yes,yes
19708,18,other,nursing,1st year,post graduate,no,no
19709,20,female,nursing,3rd year,graduate,yes,yes
19710,17,male,b.sc,4th year,high school,yes,no
19711,21,male,bca,3rd year,phd,yes,yes
19712,17,male,nursing,2nd year,no formal,yes,no
19713,24,female,bca,3rd year,phd,yes,yes
19714,22,other,nursing,4th year,post graduate,yes,yes
19715,18,other,b.sc,3rd year,post graduate,no,yes
19716,21,other,bba,3rd year,post graduate,yes,yes
19717,19,other,b.com,4th year,phd,no,yes
19718,21,other,diploma,2nd year,graduate,yes,yes
19719,18,other,b.sc,1st year,phd,yes,yes
19720,21,male,b.com,4th year,no formal,yes,yes
19721,17,male,diploma,2nd year,phd,yes,yes
19722,18,male,b.tech,2nd year,phd,yes,no
19723,21,male,b.com,3rd year,high school,yes,yes
19724,21,female,diploma,1st year,post graduate,yes,no
19725,19,female,b.com,2nd year,high school,yes,yes
19726,17,other,bca,3rd year,high school,no,yes
19727,20,female,ba,3rd year,graduate,yes,yes
19728,24,other,bba,1st year,high school,yes,yes
19729,22,female,ba,4th year,high school,yes,yes
19730,17,other,pharmacy,2nd year,graduate,yes,no
19731,24,other,diploma,4th year,phd,yes,yes
19732,20,female,diploma,4th year,no formal,yes,no
19733,21,other,nursing,3rd year,graduate,no,no
19734,17,other,ba,4th year,graduate,yes,yes
19735,19,male,b.tech,1st year,post graduate,no,yes
19736,23,male,b.tech,2nd year,phd,yes,no
19737,19,male,bba,1st year,graduate,yes,no
19738,18,other,nursing,2nd year,post graduate,yes,no
19739,17,female,bba,3rd year,no formal,yes,yes
19740,24,female,pharmacy,3rd year,phd,yes,no
19741,23,male,bba,1st year,phd,yes,yes
19742,17,female,bca,1st year,high school,yes,yes
19743,24,female,b.tech,4th year,post graduate,yes,yes
19744,23,female,diploma,2nd year,no formal,yes,no
19745,19,male,pharmacy,2nd year,graduate,yes,no
19746,22,other,bba,3rd year,phd,no,no
19747,19,female,pharmacy,1st year,no formal,yes,no
19748,18,male,b.com,2nd year,phd,yes,yes
19749,22,male,bba,3rd year,phd,yes,no
19750,18,male,pharmacy,1st year,graduate,yes,yes
19751,19,male,bca,4th year,post graduate,yes,yes
19752,19,other,diploma,3rd year,high school,yes,no
19753,18,other,ba,4th year,graduate,yes,yes
19754,23,other,bba,3rd year,post graduate,yes,no
19755,22,male,ba,4th year,graduate,yes,yes
19756,23,female,diploma,2nd year,no formal,yes,yes
19757,21,male,b.tech,3rd year,phd,yes,yes
19758,18,male,bba,4th year,phd,yes,yes
19759,19,female,pharmacy,4th year,graduate,yes,yes
19760,19,female,b.tech,4th year,post graduate,yes,no
19761,24,other,bba,2nd year,no formal,no,yes
19762,18,male,bca,3rd year,no formal,yes,yes
19763,22,other,b.tech,3rd year,phd,yes,no
19764,17,male,b.tech,1st year,no formal,yes,yes
19765,24,male,b.sc,2nd year,phd,yes,no
19766,22,male,b.sc,3rd year,no formal,yes,yes
19767,20,male,nursing,3rd year,graduate,no,yes
19768,19,female,b.sc,3rd year,post graduate,yes,yes
19769,19,male,bca,3rd year,no formal,yes,yes
19770,18,male,ba,3rd year,no formal,yes,no
19771,21,female,bba,3rd year,post graduate,yes,yes
19772,23,male,pharmacy,3rd year,graduate,yes,yes
19773,18,other,nursing,2nd year,phd,no,yes
19774,22,male,b.tech,1st year,high school,yes,no
19775,21,other,b.tech,3rd year,post graduate,yes,no
19776,23,female,ba,2nd year,graduate,yes,yes
19777,23,other,nursing,4th year,no formal,yes,yes
19778,17,male,diploma,4th year,post graduate,no,yes
19779,17,male,bca,2nd year,phd,yes,no
19780,24,male,nursing,1st year,high school,yes,yes
19781,18,male,b.sc,1st year,post graduate,yes,no
19782,21,female,diploma,3rd year,high school,yes,yes
19783,23,female,pharmacy,4th year,phd,yes,yes
19784,21,other,pharmacy,4th year,high school,yes,yes
19785,17,other,diploma,4th year,post graduate,yes,no
19786,17,other,diploma,1st year,phd,yes,yes
19787,22,female,b.com,1st year,graduate,yes,yes
19788,24,female,diploma,4th year,graduate,yes,no
19789,19,other,b.com,3rd year,graduate,yes,no
19790,21,other,ba,4th year,high school,yes,yes
19791,24,female,b.sc,4th year,no formal,yes,no
19792,23,other,b.com,3rd year,graduate,yes,no
19793,21,male,b.tech,2nd year,post graduate,yes,yes
19794,22,other,bba,3rd year,no formal,yes,yes
19795,24,other,b.tech,3rd year,phd,yes,no
19796,23,female,diploma,4th year,post graduate,yes,yes
19797,20,female,bca,4th year,post graduate,yes,no
19798,22,male,bca,1st year,high school,yes,no
19799,19,female,diploma,4th year,post graduate,no,no
19800,24,male,diploma,3rd year,phd,yes,yes
19800.01,17,other,diploma,3rd year,high school,yes,yes
19800.01,18,male,bca,2nd year,post graduate,yes,yes
19800.01,19,male,b.sc,2nd year,graduate,yes,yes
19800.01,18,female,diploma,4th year,post graduate,yes,yes
19800.01,21,other,bba,1st year,high school,yes,no
19800.01,22,other,b.sc,3rd year,high school,yes,yes
19800.01,24,female,bba,4th year,phd,no,no
19800.01,21,male,b.com,4th year,no formal,yes,yes
19800.01,21,other,b.sc,1st year,phd,yes,yes
19800.01,21,female,bca,1st year,no formal,yes,yes
19800.01,17,female,pharmacy,3rd year,phd,yes,yes
19800.01,22,other,b.tech,1st year,phd,yes,no
19800.01,17,female,b.sc,4th year,phd,yes,yes
19800.01,21,female,pharmacy,4th year,phd,yes,no
19800.01,24,other,diploma,4th year,phd,yes,no
19800.01,23,male,b.com,2nd year,high school,yes,yes
19800.01,21,other,ba,2nd year,phd,no,yes
19800.01,19,other,b.tech,3rd year,phd,no,yes
19800.01,23,female,nursing,1st year,graduate,no,no
19800.01,23,female,bca,3rd year,post graduate,no,yes
19800.01,19,male,b.com,4th year,phd,yes,no
19800.01,17,male,b.sc,1st year,post graduate,yes,yes
19800.01,21,other,diploma,1st year,post graduate,yes,no
19800.01,22,female,bca,2nd year,phd,yes,no
19800.01,24,other,diploma,4th year,phd,yes,yes
19800.01,24,male,b.com,2nd year,phd,no,no
19800.01,18,male,pharmacy,3rd year,phd,yes,yes
19800.01,19,other,b.sc,4th year,graduate,yes,yes
19800.01,24,female,b.sc,2nd year,graduate,no,yes
19800.01,19,male,diploma,1st year,graduate,yes,yes
19800.01,20,male,bca,4th year,high school,yes,yes
19800.01,19,other,ba,2nd year,post graduate,yes,no
19800.01,20,male,diploma,3rd year,post graduate,no,no
19800.01,21,male,bca,4th year,high school,yes,no
19800.01,19,male,ba,4th year,phd,yes,no
19800.01,20,other,b.sc,4th year,high school,yes,yes
19800.01,19,female,diploma,2nd year,graduate,yes,yes
19800.01,17,male,bba,3rd year,phd,yes,yes
19800.01,23,other,pharmacy,2nd year,post graduate,no,no
19800.01,24,other,ba,3rd year,no formal,yes,no
19800.01,20,other,b.com,2nd year,high school,no,yes
19800.01,18,male,b.tech,4th year,graduate,no,no
19800.01,22,male,b.com,4th year,post graduate,yes,yes
19800.01,21,other,diploma,4th year,high school,yes,yes
19800.01,21,other,b.com,2nd year,graduate,yes,yes
19800.01,21,other,bba,4th year,graduate,yes,no
19800.01,22,female,b.sc,1st year,graduate,yes,no
19800.01,17,female,pharmacy,3rd year,no formal,yes,yes
19800.01,17,male,pharmacy,1st year,graduate,yes,no
19800.01,17,male,nursing,3rd year,phd,yes,yes
19800.01,18,male,diploma,4th year,post graduate,yes,yes
19800.01,24,female,bca,4th year,post graduate,no,yes
19800.01,22,female,b.tech,2nd year,post graduate,no,yes
19800.01,22,female,b.tech,4th year,no formal,yes,yes
19800.01,22,female,ba,1st year,graduate,no,no
19800.01,17,female,diploma,3rd year,high school,yes,yes
19800.01,18,other,b.sc,2nd year,graduate,no,yes
19800.01,23,female,bba,1st year,no formal,yes,yes
19800.01,20,other,pharmacy,4th year,high school,yes,yes
19800.01,21,other,nursing,4th year,no formal,yes,yes
19800.01,23,female,bba,1st year,no formal,yes,no
19800.01,17,other,bca,2nd year,graduate,no,yes
19800.01,23,male,b.tech,3rd year,post graduate,yes,no
19800.01,22,female,b.tech,1st year,high school,yes,yes
19800.01,20,male,b.com,2nd year,post graduate,yes,yes
19800.01,20,male,nursing,1st year,graduate,no,no
19800.01,17,male,b.tech,1st year,post graduate,yes,yes
19800.01,18,male,nursing,1st year,high school,yes,yes
19800.01,18,female,b.com,3rd year,graduate,yes,yes
19800.01,24,other,b.tech,3rd year,high school,no,no
19800.01,17,other,b.tech,2nd year,graduate,no,yes
19800.01,19,other,diploma,1st year,phd,yes,yes
19800.01,18,male,b.tech,4th year,no formal,no,no
19800.01,19,female,bba,3rd year,phd,yes,yes
19800.01,17,female,pharmacy,4th year,phd,yes,yes
19800.01,19,male,bca,4th year,no formal,no,yes
19800.01,22,male,ba,3rd year,graduate,yes,no
19800.01,23,female,pharmacy,1st year,post graduate,yes,yes
19800.01,20,other,b.tech,4th year,high school,no,yes
19800.01,22,female,b.com,1st year,no formal,no,yes
19800.01,21,female,b.sc,3rd year,high school,yes,yes
19800.01,24,other,b.tech,1st year,post graduate,yes,yes
19800.01,23,female,pharmacy,4th year,graduate,yes,no
19800.01,18,other,b.sc,4th year,phd,yes,no
19800.01,21,other,b.tech,4th year,high school,yes,no
19800.01,23,male,pharmacy,2nd year,post graduate,yes,no
19800.01,19,female,pharmacy,3rd year,post graduate,no,no
19800.01,21,female,b.sc,1st year,post graduate,yes,yes
19800.01,20,male,ba,4th year,graduate,yes,yes
19800.01,19,male,diploma,1st year,phd,yes,yes
19800.01,18,female,ba,4th year,no formal,yes,yes
19800.01,17,female,nursing,1st year,no formal,yes,yes
19800.01,22,female,b.com,2nd year,no formal,yes,yes
19800.01,23,other,nursing,3rd year,post graduate,yes,yes
19800.01,22,other,bca,4th year,high school,yes,yes
19800.01,18,male,b.tech,3rd year,no formal,no,no
19800.01,17,male,bca,2nd year,no formal,yes,no
19800.01,22,female,b.tech,2nd year,no formal,no,yes
19800.01,18,female,nursing,3rd year,graduate,yes,no
19800.01,21,other,pharmacy,2nd year,post graduate,yes,yes
19800.01,24,other,b.sc,1st year,high school,yes,no
19800.01,17,other,bba,3rd year,high school,yes,yes
19800.01,21,male,ba,2nd year,phd,yes,no
19800.01,24,female,b.tech,4th year,no formal,yes,yes
19800.01,19,male,diploma,1st year,phd,yes,no
19800.01,23,female,b.tech,3rd year,no formal,yes,yes
19800.01,23,male,b.tech,4th year,post graduate,yes,no
19800.01,20,other,nursing,4th year,phd,yes,no
19800.01,19,female,b.com,3rd year,high school,yes,no
19800.01,22,other,pharmacy,4th year,high school,yes,yes
19800.01,21,male,bca,2nd year,high school,yes,yes
19800.01,20,other,bba,2nd year,graduate,yes,yes
19800.01,18,female,ba,4th year,high school,yes,yes
19800.01,22,male,ba,1st year,high school,yes,yes
19800.01,18,female,b.com,4th year,no formal,yes,yes
19800.01,18,male,diploma,3rd year,phd,yes,yes
19800.01,17,male,bca,3rd year,high school,no,yes
19800.01,20,male,b.tech,1st year,no formal,yes,yes
19800.01,17,other,b.com,3rd year,high school,yes,no
19800.01,19,other,pharmacy,2nd year,graduate,no,no
19800.01,18,female,bba,1st year,no formal,yes,yes
19800.01,20,other,b.com,3rd year,graduate,yes,yes
19800.01,23,male,b.com,4th year,phd,no,no
19800.01,20,male,b.sc,3rd year,post graduate,yes,no
19800.01,21,male,nursing,1st year,high school,yes,no
19800.01,18,other,b.com,2nd year,phd,yes,yes
19800.01,17,other,b.com,3rd year,high school,yes,no
19800.01,24,other,b.tech,3rd year,no formal,yes,yes
19800.01,21,other,pharmacy,3rd year,high school,yes,yes
19800.01,17,male,ba,1st year,no formal,yes,yes
19800.01,21,female,diploma,4th year,graduate,yes,no
19800.01,17,female,diploma,1st year,high school,yes,yes
19800.01,17,other,ba,4th year,no formal,yes,no
19800.01,19,other,bba,2nd year,graduate,no,no
19800.01,22,female,b.tech,4th year,no formal,yes,no
19800.01,21,male,diploma,1st year,phd,no,no
19800.01,23,other,diploma,3rd year,post graduate,yes,yes
19800.01,18,other,b.sc,4th year,high school,yes,no
19800.01,18,other,b.sc,4th year,post graduate,yes,no
19800.01,21,male,ba,2nd year,phd,yes,no
19800.01,23,male,diploma,2nd year,post graduate,yes,yes
19800.01,22,other,bba,4th year,no formal,yes,yes
19800.01,22,other,b.tech,3rd year,graduate,yes,yes
19800.01,17,other,bca,4th year,no formal,yes,no
19800.01,24,female,diploma,1st year,post graduate,yes,yes
19800.01,24,other,b.sc,2nd year,post graduate,yes,yes
19800.01,21,male,bba,2nd year,no formal,yes,yes
19800.01,19,other,nursing,2nd year,post graduate,yes,no
19800.01,22,female,b.com,4th year,high school,yes,no
19800.01,22,male,b.tech,4th year,no formal,yes,yes
19800.01,24,other,pharmacy,3rd year,high school,yes,yes
19800.01,17,female,b.tech,1st year,phd,no,yes
19800.01,21,male,b.tech,2nd year,high school,yes,yes
19800.01,22,other,b.com,2nd year,no formal,no,yes
19800.01,19,other,diploma,3rd year,no formal,yes,yes
19800.01,23,male,bca,2nd year,phd,yes,yes
19800.01,17,other,b.com,3rd year,post graduate,no,no
19800.01,17,other,b.tech,4th year,no formal,no,yes
19800.01,23,male,pharmacy,3rd year,post graduate,no,yes
19800.01,18,female,b.tech,4th year,no formal,yes,yes
19800.01,20,other,pharmacy,2nd year,post graduate,yes,yes
19800.01,19,male,bba,3rd year,phd,yes,yes
19800.01,22,other,b.sc,2nd year,post graduate,yes,yes
19800.01,17,female,ba,2nd year,no formal,yes,no
19800.01,19,other,b.com,2nd year,high school,yes,no
19800.01,24,other,b.sc,3rd year,graduate,yes,yes
19800.01,19,female,ba,3rd year,no formal,yes,yes
19800.01,21,female,bca,3rd year,phd,yes,no
19800.01,24,female,bba,4th year,post graduate,no,yes
19800.01,21,female,bca,3rd year,no formal,yes,yes
19800.01,23,other,pharmacy,3rd year,post graduate,no,no
19800.01,24,female,b.sc,4th year,post graduate,no,yes
19800.01,21,female,diploma,1st year,no formal,yes,yes
19800.01,23,other,b.com,1st year,graduate,no,yes
19800.01,21,other,b.tech,1st year,high school,yes,yes
19800.01,23,female,ba,1st year,high school,yes,no
19800.01,22,female,ba,1st year,phd,yes,no
19800.01,19,female,pharmacy,1st year,no formal,yes,yes
19800.01,21,female,ba,3rd year,graduate,yes,yes
19800.01,19,female,diploma,3rd year,high school,yes,yes
19800.01,20,male,pharmacy,3rd year,high school,yes,yes
19800.01,19,female,ba,4th year,graduate,no,no
19800.01,20,female,b.sc,4th year,graduate,yes,yes
19800.01,19,male,pharmacy,2nd year,high school,yes,yes
19800.01,22,other,bba,1st year,graduate,no,no
19800.01,19,other,bba,2nd year,post graduate,yes,yes
19800.01,20,male,diploma,4th year,no formal,no,yes
19800.01,18,male,ba,4th year,graduate,yes,no
19800.01,20,female,bba,1st year,graduate,no,no
19800.01,19,other,pharmacy,1st year,high school,yes,no
19800.01,24,female,b.tech,3rd year,graduate,yes,yes
19800.01,20,other,diploma,4th year,phd,no,yes
19800.01,17,male,ba,4th year,post graduate,yes,yes
19800.01,19,female,bba,4th year,graduate,yes,yes
19800.01,22,other,pharmacy,2nd year,post graduate,yes,yes
19800.01,18,other,bca,4th year,phd,yes,yes
19800.01,18,male,ba,3rd year,no formal,yes,no
19800.01,19,other,pharmacy,2nd year,graduate,yes,yes
19800.01,19,male,bca,1st year,no formal,yes,no
19800.01,20,male,b.sc,3rd year,phd,yes,yes
